_id,Agency,City,Vehicles Involved,Trailers Involved,Number Injured,Number Dead,Number Deer,House Number,Roadway Interchange,Roadway Ramp,Roadway Id,Intersecting Road,Interchange,Feet From,Direction,Latitude,Longitude,Roadway Class,Hit and Run?,Locality,School Zone?,Rumble Strips?,Construction?,Construction Type,Light Condition,Weather Conditions,Surface Condition,Type of Median,Roadway Junction Type,Road Character,Roadway Surface,Primary Factor,Manner of Collision,Unique Location Id,Traffic Control,DateTime
194,BLOOMINGTON PD,BLOOMINGTON,1,0.0,0.0,0,1,,,,SR 46,E 7TH ST,,,,39.167648,-86.500096,STATE ROAD,N,URBAN,N,N,N,,DAYLIGHT,CLEAR,DRY,,T-INTERSECTION,STRAIGHT/LEVEL,ASPHALT,ANIMAL/OBJECT IN ROADWAY,COLLISION WITH DEER,E7THSTSR46N,NONE,2021-12-07 12:40:00
195,BLOOMINGTON PD,BLOOMINGTON,2,,0.0,0,0,,,,S LIBERTY DR,SR 48,,0.0,,39.16461399,-86.57914271,LOCAL/CITY ROAD,,URBAN,N,N,N,,DAWN/DUSK,CLOUDY,DRY,,FOUR-WAY INTERSECTION,,ASPHALT,FOLLOWING TOO CLOSELY,REAR END,WEST3RDSTREETSOUTHLIBERTYDRIVE,,2021-12-07 17:05:00
196,BLOOMINGTON PD,BLOOMINGTON,2,0.0,0.0,0,0,,,,E HILLSIDE DR,S DUNN ST,,50.0,E,39.1505226,-86.52814712,LOCAL/CITY ROAD,Y,URBAN,N,N,N,,DAYLIGHT,CLOUDY,DRY,,T-INTERSECTION,STRAIGHT/LEVEL,ASPHALT,LEFT OF CENTER,OPPOSITE DIRECTION SIDESWIPE,EHILLSIDEDRSDUNNST,NONE,2021-12-07 17:25:00
197,ELLETTSVILLE PD,ELLETTSVILLE,1,0.0,0.0,0,1,,,,W MCNEELY ST,N SHELLY DR,,,,39.237613,-86.603171,LOCAL/CITY ROAD,N,URBAN,N,N,N,,DARK (NOT LIGHTED),CLEAR,DRY,,T-INTERSECTION,STRAIGHT/LEVEL,ASPHALT,ANIMAL/OBJECT IN ROADWAY,COLLISION WITH DEER,MCNEELYSTSHELLYDR,LANE CONTROL,2021-12-07 17:40:00
198,INDIANA UNIV BLOOMINGTON PD,BLOOMINGTON,1,0.0,1.0,0,0,,,,N FEE LN,FOSTER CIRCLE,,167.0,N,38.88206602,-86.4845865,LOCAL/CITY ROAD,N,URBAN,N,N,N,,DARK (LIGHTED),CLOUDY,DRY,,NO JUNCTION INVOLVED,STRAIGHT/LEVEL,ASPHALT,PEDESTRIAN ACTION,RIGHT ANGLE,FEELNTHIRTEENTHST,NONE,2021-12-07 17:58:00
199,BLOOMINGTON PD,BLOOMINGTON,2,0.0,0.0,0,0,,,,E 3RD ST,S COLLEGE MALL RD,,,,39.16424,-86.4984,LOCAL/CITY ROAD,Y,URBAN,N,N,N,,DARK (LIGHTED),CLEAR,DRY,,FOUR-WAY INTERSECTION,STRAIGHT/LEVEL,ASPHALT,UNSAFE LANE MOVEMENT,SAME DIRECTION SIDESWIPE,E3RDSTSCOLLEGEMALLRD,TRAFFIC CONTROL SIGNAL,2021-12-07 19:47:00
200,BLOOMINGTON PD,BLOOMINGTON,1,,0.0,0,0,,,,S WALNUT ST,W 3RD ST,,53.0,,39.16472006,-86.5336842,LOCAL/CITY ROAD,,URBAN,N,N,N,,DARK (LIGHTED),BLOWING SAND/SOIL/SNOW,DRY,,FIVE POINT OR MORE,,ASPHALT,ACCELERATOR FAILURE OR DEFECTIVE,BACKING CRASH,W3rdStSWalnutSt,,2021-12-06 00:10:00
201,ELLETTSVILLE PD,ELLETTSVILLE,2,0.0,0.0,0,0,,,,SR 46,N HARTSTRAIT RD,,,,39.227624,-86.615919,STATE ROAD,N,URBAN,N,N,N,,DARK (LIGHTED),CLEAR,DRY,,NO JUNCTION INVOLVED,STRAIGHT/LEVEL,ASPHALT,FAILURE TO YIELD RIGHT OF WAY,HEAD ON BETWEEN TWO MOTOR VEHICLES,HARTSTRAITRDSR46W,TRAFFIC CONTROL SIGNAL,2021-12-06 07:25:00
202,MONROE SD,BLOOMINGTON,2,0.0,0.0,0,0,,,,S HARRELL RD,,,1000.0,S,39.115488,-86.498688,LOCAL/CITY ROAD,N,RURAL,N,N,N,,DAWN/DUSK,CLOUDY,WET,,NO JUNCTION INVOLVED,STRAIGHT/HILLCREST,ASPHALT,ROADWAY SURFACE CONDITION,REAR END,EPLATEAUPLSHARRELLRD,NONE,2021-12-06 07:46:00
203,ELLETTSVILLE PD,ELLETTSVILLE,2,0.0,0.0,0,0,,,,SR 46,N RED HILL RD,,50.0,E,39.245757,-86.63672033,STATE ROAD,N,URBAN,N,N,N,,DAYLIGHT,CLEAR,DRY,,NO JUNCTION INVOLVED,CURVE/LEVEL,ASPHALT,FOLLOWING TOO CLOSELY,REAR END,REDHILLRDSR46W,LANE CONTROL,2021-12-06 07:47:00
204,INDIANA UNIV BLOOMINGTON PD,BLOOMINGTON,2,0.0,1.0,0,0,,,,N INDIANA AVE,E 10TH ST,,,,39.171653,-86.526979,LOCAL/CITY ROAD,N,URBAN,N,N,N,,DAYLIGHT,CLEAR,DRY,,FOUR-WAY INTERSECTION,STRAIGHT/GRADE,ASPHALT,DISREGARD SIGNAL/REG SIGN,RIGHT ANGLE,ETENTHSTNINDIANAAVE,TRAFFIC CONTROL SIGNAL,2021-12-06 12:10:00
205,INDIANA UNIV BLOOMINGTON PD,BLOOMINGTON,2,0.0,0.0,0,0,,,,E 17TH ST,N FEE LN,,,,39.179061,-86.51897,LOCAL/CITY ROAD,N,URBAN,N,N,N,,DAYLIGHT,CLEAR,DRY,,NO JUNCTION INVOLVED,STRAIGHT/LEVEL,ASPHALT,FOLLOWING TOO CLOSELY,REAR END,EAST17THSTFEELN,NONE,2021-12-06 14:38:00
206,MONROE SD,BLOOMINGTON,2,0.0,0.0,0,0,,,,E RHORER RD,S WALNUT ST PIKE,,,,39.12144,-86.526496,COUNTY ROAD,N,RURAL,N,N,N,,DAYLIGHT,CLEAR,DRY,,FOUR-WAY INTERSECTION,STRAIGHT/GRADE,ASPHALT,IMPROPER TURNING,RIGHT ANGLE,RHORERRDWALNUTSTREETPIKE,TRAFFIC CONTROL SIGNAL,2021-12-06 15:51:00
207,INDIANA UNIV BLOOMINGTON PD,BLOOMINGTON,2,0.0,0.0,0,0,,,,E 8TH ST,N FORREST AVE,,,,39.169461,-86.52234,LOCAL/CITY ROAD,N,URBAN,N,N,N,,DARK (LIGHTED),CLEAR,DRY,,NO JUNCTION INVOLVED,CURVE/LEVEL,ASPHALT,UNSAFE BACKING,BACKING CRASH,E8THSTNFORRESTAVE,NONE,2021-12-06 19:26:00
208,INDIANA UNIV BLOOMINGTON PD,BLOOMINGTON,2,0.0,0.0,0,0,,,,SR 45/46,E 17TH ST,,,,0.0,0.0,STATE ROAD,N,URBAN,N,N,N,,DARK (LIGHTED),CLEAR,DRY,,T-INTERSECTION,STRAIGHT/LEVEL,ASPHALT,DISREGARD SIGNAL/REG SIGN,LEFT TURN,EAST17THSTSR46,TRAFFIC CONTROL SIGNAL,2021-12-06 19:35:00
209,MONROE SD,ELLETTSVILLE,1,0.0,0.0,0,0,,,,N UNION VALLEY RD,W MCNEELY ST,,,,39.237494,-86.592763,LOCAL/CITY ROAD,N,RURAL,N,N,N,,DARK (NOT LIGHTED),CLOUDY,WET,,T-INTERSECTION,STRAIGHT/HILLCREST,ASPHALT,UNSAFE SPEED,RAN OFF ROAD,NUNIONVALLEYRDWMCNEELYST,STOP SIGN,2021-12-06 20:38:00
210,BLOOMINGTON PD,BLOOMINGTON,2,0.0,0.0,0,0,1101,,,S ROLLING RIDGE WAY,,,,,39.15255946,-86.56222887,LOCAL/CITY ROAD,Y,RURAL,N,N,N,,DARK (LIGHTED),CLEAR,DRY,,NO JUNCTION INVOLVED,STRAIGHT/LEVEL,ASPHALT,FOLLOWING TOO CLOSELY,REAR END,SROLLINGRIDGEWAY,NONE,2021-12-06 21:48:00
211,BLOOMINGTON PD,BLOOMINGTON,2,,0.0,0,0,,,,W KIRKWOOD AVE,N WALNUT ST,,0.0,,39.1666,-86.53377003,LOCAL/CITY ROAD,,URBAN,N,N,N,,DARK (LIGHTED),CLEAR,DRY,,NO JUNCTION INVOLVED,,ASPHALT,UNSAFE BACKING,BACKING CRASH,WKIRKWOODAVENWALNUTST,,2021-12-05 00:00:00
212,INDIANA UNIV BLOOMINGTON PD,BLOOMINGTON,1,0.0,0.0,0,0,,,,E 10TH ST,N JEFFERSON ST,,,,0.0,0.0,LOCAL/CITY ROAD,Y,URBAN,N,N,N,,DARK (NOT LIGHTED),CLEAR,DRY,,NO JUNCTION INVOLVED,CURVE/LEVEL,ASPHALT,UNSAFE SPEED,RAN OFF ROAD,JEFFERSONSTUNIONVILLERD,NONE,2021-12-05 06:00:00
213,ISP BLOOMINGTON 33,BLOOMINGTON,2,,0.0,0,0,,30,B,W BLOOMFIELD RD,I-69 N,,0.0,,39.14942913,-86.57091326,INTERSTATE,,URBAN,N,N,N,,DAYLIGHT,CLOUDY,WET,,RAMP,,ASPHALT,UNSAFE LANE MOVEMENT,SAME DIRECTION SIDESWIPE,SR45030B,,2021-12-05 09:47:00
214,BLOOMINGTON PD,BLOOMINGTON,2,,0.0,0,0,,,,W KIRKWOOD AVE,N FAIRVIEW ST,,0.0,,39.16664159,-86.54090471,LOCAL/CITY ROAD,,URBAN,N,N,N,,DAYLIGHT,RAIN,WET,,FOUR-WAY INTERSECTION,,ASPHALT,FAILURE TO YIELD RIGHT OF WAY,LEFT TURN,WKirkwoodAveSFairviewSt,,2021-12-05 15:10:00
215,BLOOMINGTON PD,BLOOMINGTON,2,,0.0,0,0,,,,SR 46,SR 446,,0.0,,39.164333,-86.472159,STATE ROAD,,URBAN,N,N,N,,DAYLIGHT,RAIN,WET,,T-INTERSECTION,,ASPHALT,IMPROPER LANE USAGE,OTHER - EXPLAIN IN NARRATIVE,SSR446ESR46,,2021-12-05 16:00:00
216,ELLETTSVILLE PD,ELLETTSVILLE,2,0.0,0.0,0,0,,,,SR 46,N SALE ST (S),,,,39.23384,-86.624704,STATE ROAD,N,URBAN,N,N,N,,DAYLIGHT,RAIN,WET,,FOUR-WAY INTERSECTION,STRAIGHT/LEVEL,ASPHALT,FAILURE TO YIELD RIGHT OF WAY,RIGHT ANGLE,SALESTSR46W,TRAFFIC CONTROL SIGNAL,2021-12-05 16:36:00
217,MONROE SD,BLOOMINGTON,1,0.0,0.0,0,1,,,,E RHORER RD,,,300.0,E,39.121454,-86.51698295,LOCAL/CITY ROAD,N,URBAN,N,N,N,,DAWN/DUSK,CLEAR,WET,,T-INTERSECTION,STRAIGHT/HILLCREST,ASPHALT,ANIMAL/OBJECT IN ROADWAY,COLLISION WITH DEER,ERHORERRDSTWOCREEKSLN,LANE CONTROL,2021-12-05 17:06:00
218,MONROE SD,BLOOMINGTON,2,0.0,0.0,0,0,1400,,,E RHORER RD,S JAMIE LN,,500.0,W,39.12152,-86.51792,LOCAL/CITY ROAD,N,URBAN,N,N,N,,DARK (NOT LIGHTED),CLEAR,WET,,NO JUNCTION INVOLVED,STRAIGHT/HILLCREST,ASPHALT,FOLLOWING TOO CLOSELY,REAR END,1400ERHORERRDSJAMIELN,LANE CONTROL,2021-12-05 17:58:00
219,INDIANA UNIV BLOOMINGTON PD,BLOOMINGTON,2,0.0,0.0,0,0,,,,SR 45,E DISCOVERY PKWY,,,,39.1755644,-86.50140874,STATE ROAD,N,URBAN,N,N,N,,DARK (NOT LIGHTED),RAIN,WET,,T-INTERSECTION,STRAIGHT/LEVEL,ASPHALT,FOLLOWING TOO CLOSELY,REAR END,EASTDISCOVERYPKWYSR45N,TRAFFIC CONTROL SIGNAL,2021-12-05 18:10:00
220,BLOOMINGTON PD,BLOOMINGTON,2,0.0,1.0,0,0,,,,SR 48,S GATES DR,,,,39.1645631,-86.5761678,LOCAL/CITY ROAD,Y,URBAN,N,N,N,,DARK (LIGHTED),RAIN,WET,,FOUR-WAY INTERSECTION,STRAIGHT/LEVEL,ASPHALT,OTHER (DRIVER) - EXPLAIN IN NARRATIVE,OTHER - EXPLAIN IN NARRATIVE,3RDSTGATESDR,TRAFFIC CONTROL SIGNAL,2021-12-05 19:03:00
221,INDIANA UNIV BLOOMINGTON PD,BLOOMINGTON,2,0.0,0.0,0,0,,,,E LINGELBACH LN,,,255.0,W,39.176528,-86.50988893,LOCAL/CITY ROAD,Y,URBAN,N,N,N,,DARK (LIGHTED),CLEAR,DRY,,NO JUNCTION INVOLVED,STRAIGHT/LEVEL,ASPHALT,UNSAFE LANE MOVEMENT,REAR END,ELINGELBACHLNNUNIONST,NONE,2021-12-05 20:05:00
222,BLOOMINGTON PD,BLOOMINGTON,1,,1.0,0,0,,99,B,W BLOOMFIELD RD,I-69 N,,0.0,,39.14960386,-86.57111711,STATE ROAD,,URBAN,N,N,N,,DARK (LIGHTED),RAIN,WET,,RAMP,,ASPHALT,ROADWAY SURFACE CONDITION,RIGHT ANGLE,WBloomfieldRd099B,,2021-12-05 22:20:00
223,INDIANA UNIV BLOOMINGTON PD,BLOOMINGTON,2,0.0,1.0,0,0,,,,S INDIANA AVE,E 3RD ST,,,,39.164287,-86.526904,LOCAL/CITY ROAD,N,URBAN,N,N,N,,DARK (LIGHTED),RAIN,WET,,FOUR-WAY INTERSECTION,STRAIGHT/LEVEL,ASPHALT,DISREGARD SIGNAL/REG SIGN,RIGHT ANGLE,HENDERSONSTTHIRDST,TRAFFIC CONTROL SIGNAL,2021-12-05 22:35:00
224,ISP BLOOMINGTON 33,ELLETTSVILLE,2,,0.0,0,0,,,,SR 46,W ARLINGTON RD,,0.0,,39.20551074,-86.5785861,STATE ROAD,,RURAL,N,N,N,,DARK (NOT LIGHTED),CLEAR,DRY,,NO JUNCTION INVOLVED,,ASPHALT,FAILURE TO YIELD RIGHT OF WAY,SAME DIRECTION SIDESWIPE,STATERD46ARLINGTON,,2021-12-04 09:30:00
225,INDIANA UNIV BLOOMINGTON PD,BLOOMINGTON,2,0.0,1.0,0,0,,,,SR 45/46,E DISCOVERY PKWY,,500.0,N,39.22845141,-86.50140874,STATE ROAD,N,URBAN,N,N,N,,DAYLIGHT,CLEAR,DRY,,NO JUNCTION INVOLVED,STRAIGHT/LEVEL,ASPHALT,DRIVER DISTRACTED - EXPLAIN IN NARRATIVE,REAR END,EASTDISCOVERYPKWYSR45S,NONE,2021-12-04 12:00:00
226,BLOOMINGTON PD,BLOOMINGTON,1,,0.0,0,0,804,,,W DODDS ST,,,0.0,,39.1575477,-86.5428768,LOCAL/CITY ROAD,,URBAN,N,N,N,,DARK (NOT LIGHTED),CLEAR,DRY,,NO JUNCTION INVOLVED,,GRAVEL,ANIMAL/OBJECT IN ROADWAY,RAN OFF ROAD,WDoddsSt,,2021-12-04 12:32:00
227,MONROE SD,BLOOMINGTON,2,0.0,0.0,0,0,,,,I-69 S,N SR 37 BUSINESS,,200.0,N,0.0,0.0,INTERSTATE,N,URBAN,N,Y,N,,DAYLIGHT,CLOUDY,DRY,,NO JUNCTION INVOLVED,STRAIGHT/GRADE,CONCRETE,UNSAFE LANE MOVEMENT,SAME DIRECTION SIDESWIPE,I69S123.0,NONE,2021-12-04 13:50:00
228,BLOOMINGTON PD,BLOOMINGTON,2,,1.0,0,0,,,,S COLLEGE AVE,W 2ND ST,,0.0,,39.161366,-86.534943,LOCAL/CITY ROAD,,URBAN,N,N,N,,DAYLIGHT,CLEAR,DRY,,FOUR-WAY INTERSECTION,,ASPHALT,FOLLOWING TOO CLOSELY,REAR END,W.2NDSTS.COLLEGEAVE,,2021-12-04 14:29:00
229,BLOOMINGTON PD,BLOOMINGTON,3,,0.0,0,0,,,,W 3RD ST,I-69,,0.0,,0.0,0.0,LOCAL/CITY ROAD,,URBAN,N,N,N,,DAYLIGHT,CLEAR,DRY,,INTERCHANGE,,ASPHALT,FOLLOWING TOO CLOSELY,REAR END,W3rdStI69Overpass,,2021-12-04 15:25:00
230,INDIANA UNIV BLOOMINGTON PD,BLOOMINGTON,2,0.0,1.0,0,0,,,,SR 45/46,E DISCOVERY PKWY,,30.0,S,39.17205676,-86.5042064,STATE ROAD,N,URBAN,N,N,N,,DAYLIGHT,CLEAR,DRY,,NO JUNCTION INVOLVED,STRAIGHT/LEVEL,ASPHALT,FOLLOWING TOO CLOSELY,REAR END,EDISCOVERYPKWYSR30S,NONE,2021-12-04 15:50:00
231,BLOOMINGTON PD,BLOOMINGTON,2,,0.0,0,0,,,,SR 46,S PETE ELLIS DR,,0.0,,39.164236,-86.494902,LOCAL/CITY ROAD,,URBAN,N,N,N,,DAYLIGHT,CLEAR,DRY,,FOUR-WAY INTERSECTION,,ASPHALT,FOLLOWING TOO CLOSELY,REAR END,E3rdStSPeteEllisDr,,2021-12-04 15:55:00
232,BLOOMINGTON PD,BLOOMINGTON,2,,0.0,0,0,,,,SR 46,SR 46,,0.0,,39.164333,-86.472159,LOCAL/CITY ROAD,,URBAN,N,N,N,,DAYLIGHT,CLEAR,DRY,,FOUR-WAY INTERSECTION,,ASPHALT,IMPROPER LANE USAGE,SAME DIRECTION SIDESWIPE,SR46E3rdSt,,2021-12-04 16:55:00
233,BLOOMINGTON PD,BLOOMINGTON,2,,0.0,0,0,,,,N COLLEGE AVE,W KIRKWOOD AVE,,0.0,,39.166587,-86.534893,LOCAL/CITY ROAD,,URBAN,N,N,N,,DAYLIGHT,CLEAR,DRY,,FOUR-WAY INTERSECTION,,ASPHALT,DISREGARD SIGNAL/REG SIGN,RIGHT ANGLE,WestKirkwoodAvenueNorthCollegeAvenue,,2021-12-03 03:22:00
234,MONROE SD,BLOOMINGTON,1,0.0,0.0,0,0,,114,1,I-69 N,SR 37,,,,0.0,0.0,INTERSTATE,N,RURAL,N,N,N,,DARK (NOT LIGHTED),CLEAR,WET,,INTERCHANGE,CURVE/LEVEL,ASPHALT,RAN OFF ROAD RIGHT,RAN OFF ROAD,I69N,NONE,2021-12-03 03:47:00
235,BLOOMINGTON PD,BLOOMINGTON,2,,0.0,0,0,,,,W ISAACS DR,S DOLIMAH AVE,,0.0,,39.16342,-86.551249,LOCAL/CITY ROAD,,URBAN,N,N,N,,DAYLIGHT,CLEAR,DRY,,NO JUNCTION INVOLVED,,ASPHALT,VIEW OBSTRUCTED,SAME DIRECTION SIDESWIPE,WestIsaacDriveSouthPattersonDrive,,2021-12-03 04:10:00
236,BLOOMINGTON PD,BLOOMINGTON,1,,1.0,0,0,2510,,,EASTLAND PLAZA,,,0.0,,39.164272,-86.50232131,UNKNOWN,,URBAN,N,N,N,,DARK (LIGHTED),CLEAR,DRY,,NO JUNCTION INVOLVED,,ASPHALT,OTHER (DRIVER) - EXPLAIN IN NARRATIVE,OTHER - EXPLAIN IN NARRATIVE,E3RDST,,2021-12-03 06:02:00
237,BLOOMINGTON PD,,2,,1.0,0,0,,,,S ROGERS ST,W 2ND ST,,0.0,,39.16138,-86.53867,LOCAL/CITY ROAD,,URBAN,N,N,N,,DAYLIGHT,CLEAR,DRY,,NO JUNCTION INVOLVED,,ASPHALT,DRIVER DISTRACTED - EXPLAIN IN NARRATIVE,REAR END,W.2ndStreetS.Rogers,,2021-12-03 08:50:00
238,BLOOMINGTON PD,BLOOMINGTON,2,,0.0,0,0,,,,W 3RD ST,I-69,,0.0,,0.0,0.0,LOCAL/CITY ROAD,,URBAN,N,N,N,,DAYLIGHT,CLEAR,DRY,,FOUR-WAY INTERSECTION,,CONCRETE,FOLLOWING TOO CLOSELY,REAR END,W3RDSTI69/SR37,,2021-12-03 11:23:00
239,BLOOMINGTON PD,BLOOMINGTON,2,,2.0,0,0,,,,S JORDAN AVE,E ATWATER AVE,,0.0,,39.16309795,-86.5164215,LOCAL/CITY ROAD,,URBAN,N,N,N,,DAYLIGHT,CLEAR,DRY,,FOUR-WAY INTERSECTION,,ASPHALT,FAILURE TO YIELD RIGHT OF WAY,RIGHT ANGLE,SJORDANAVEEATWATERAVE,,2021-12-03 11:25:00
240,INDIANA UNIV BLOOMINGTON PD,BLOOMINGTON,2,0.0,0.0,0,0,,,,S HIGHLAND AVE,E ATWATER AVE,,,,39.16307,-86.517712,LOCAL/CITY ROAD,N,URBAN,N,N,N,,DAYLIGHT,CLEAR,DRY,,NO JUNCTION INVOLVED,STRAIGHT/GRADE,ASPHALT,DRIVER DISTRACTED - EXPLAIN IN NARRATIVE,REAR END,ATWATERAVEHIGHLANDAVE,NONE,2021-12-03 11:40:00
241,ELLETTSVILLE PD,ELLETTSVILLE,2,0.0,1.0,0,0,,,,W MAPLE GROVE RD,N MATTHEWS DR,,,,39.245408,-86.6204,COUNTY ROAD,N,URBAN,N,N,B,,DAYLIGHT,CLEAR,DRY,,FOUR-WAY INTERSECTION,STRAIGHT/LEVEL,ASPHALT,DISREGARD SIGNAL/REG SIGN,RIGHT ANGLE,MAPLEGROVERDMATTHEWSDR,STOP SIGN,2021-12-03 13:53:00
242,BLOOMINGTON PD,BLOOMINGTON,2,,0.0,0,0,,,,W 17TH ST,W ARLINGTON RD,,0.0,,39.17928755,-86.547442,LOCAL/CITY ROAD,,URBAN,N,N,N,,DAYLIGHT,CLEAR,DRY,,TRAFFIC CIRCLE/ROUNDABOUT,,ASPHALT,FAILURE TO YIELD RIGHT OF WAY,SAME DIRECTION SIDESWIPE,WArlingtonRdW17thSt,,2021-12-03 14:10:00
243,INDIANA UNIV BLOOMINGTON PD,BLOOMINGTON,2,0.0,0.0,0,0,801,,,E ATWATER AVE,,,420.0,N,39.20756859,-86.52313903,UNKNOWN,N,URBAN,N,N,N,,DAYLIGHT,CLEAR,DRY,,NO JUNCTION INVOLVED,STRAIGHT/LEVEL,ASPHALT,UNSAFE BACKING,BACKING CRASH,ATWATERAVE,NONE,2021-12-03 16:50:00
244,MONROE SD,BLOOMINGTON,1,0.0,0.0,0,1,,,,W OLD SR 37,,,2500.0,N,39.50513578,-86.499266,STATE ROAD,N,RURAL,N,N,N,,DARK (NOT LIGHTED),CLEAR,DRY,,NO JUNCTION INVOLVED,CURVE/HILLCREST,ASPHALT,ANIMAL/OBJECT IN ROADWAY,COLLISION WITH DEER,EROBINSONRDSR37N,NONE,2021-12-03 18:42:00
245,INDIANA UNIV BLOOMINGTON PD,BLOOMINGTON,2,0.0,0.0,0,0,,,,E ATWATER AVE,S JORDAN AVE,,,,39.163051,-86.516389,LOCAL/CITY ROAD,N,URBAN,N,N,N,,DARK (NOT LIGHTED),CLEAR,DRY,,FOUR-WAY INTERSECTION,STRAIGHT/GRADE,ASPHALT,DISREGARD SIGNAL/REG SIGN,RIGHT ANGLE,ATWATERAVEJORDANAVE,STOP SIGN,2021-12-03 20:25:00
246,BLOOMINGTON PD,BLOOMINGTON,2,,1.0,0,0,,,,N WALNUT ST,W 9TH ST,,211.0,,39.17012659,-86.53356456,LOCAL/CITY ROAD,,URBAN,N,N,N,,DARK (LIGHTED),CLEAR,DRY,,NO JUNCTION INVOLVED,,ASPHALT,FAILURE TO MAINTAIN LANE,REAR END,NWALNUTSTE9THST,,2021-12-03 20:42:00
247,ISP BLOOMINGTON 33,BLOOMINGTON,1,,0.0,0,0,,,,I-69 N,,,0.0,,39.14188323,-86.57295206,INTERSTATE,,RURAL,N,N,N,,DAYLIGHT,CLEAR,DRY,,NO JUNCTION INVOLVED,,ASPHALT,DRIVER ILLNESS,OTHER - EXPLAIN IN NARRATIVE,I-69,,2021-12-02 11:30:00
248,BLOOMINGTON PD,BLOOMINGTON,2,,0.0,0,0,,,,SR 48,S CURRY PIKE,,0.0,,39.16465,-86.582939,LOCAL/CITY ROAD,,URBAN,N,N,N,,DAYLIGHT,CLEAR,DRY,,FOUR-WAY INTERSECTION,,ASPHALT,FAILURE TO YIELD RIGHT OF WAY,RIGHT ANGLE,W3rdStSCurryPike,,2021-12-02 14:18:00
249,BLOOMINGTON PD,BLOOMINGTON,2,,0.0,0,0,505,,,W 17TH ST,ENTRANCE TO SMOKIN' JACK'S RIB SHACK,,300.0,W,39.178997,-86.53773,LOCAL/CITY ROAD,,URBAN,N,N,N,,DAYLIGHT,CLEAR,DRY,,NO JUNCTION INVOLVED,,ASPHALT,FAILURE TO YIELD RIGHT OF WAY,RIGHT ANGLE,W.17THSTN.MADISONST,,2021-12-02 14:41:00
250,BLOOMINGTON PD,BLOOMINGTON,2,0.0,0.0,0,0,,,,S WALNUT ST,ENTRANCE TO SOUTH PARK SHOPPING CENTER,,,,39.121463,-86.531363,LOCAL/CITY ROAD,N,URBAN,N,N,N,,DAYLIGHT,CLEAR,DRY,,FOUR-WAY INTERSECTION,STRAIGHT/LEVEL,ASPHALT,OBSTRUCTION NOT MARKED,RIGHT ANGLE,GORDONPIKESWALNUTST,TRAFFIC CONTROL SIGNAL,2021-12-02 15:15:00
251,BLOOMINGTON PD,BLOOMINGTON,1,1.0,0.0,0,0,1700,,,N WASHINGTON ST,ENTRANCE TO PARKVIEW APARTMENTS,,,,39.22464,-86.539696,LOCAL/CITY ROAD,Y,URBAN,N,N,N,,DAYLIGHT,CLEAR,DRY,,T-INTERSECTION,STRAIGHT/LEVEL,ASPHALT,OTHER (ENVIRONMENTAL) - EXPLAIN IN NARR,OTHER - EXPLAIN IN NARRATIVE,1700NWALNUTSTSWASHINGTONST,NONE,2021-12-02 17:11:00
252,MONROE SD,BLOOMINGTON,2,0.0,0.0,0,0,,,,SR 46,N SMITH PIKE,,,,39.210144,-86.5832,STATE ROAD,N,URBAN,N,N,N,,DARK (LIGHTED),CLEAR,DRY,,FOUR-WAY INTERSECTION,STRAIGHT/GRADE,ASPHALT,DRIVER DISTRACTED - EXPLAIN IN NARRATIVE,REAR END,NORTHSMITHPIKESR46W,TRAFFIC CONTROL SIGNAL,2021-12-02 17:58:00
253,BLOOMINGTON PD,BLOOMINGTON,2,,0.0,0,0,3327,,,S CEDARWOOD CIR,,,0.0,,39.130527,-86.504173,LOCAL/CITY ROAD,,URBAN,N,N,N,,DAYLIGHT,CLEAR,DRY,,NO JUNCTION INVOLVED,,ASPHALT,DRIVER DISTRACTED - EXPLAIN IN NARRATIVE,REAR END,SCedarwoodCircle,,2021-12-02 19:12:00
254,BLOOMINGTON PD,BLOOMINGTON,2,,0.0,0,0,,,,SR 48,RUNKLE LN,,50.0,,39.164714,-86.579129,LOCAL/CITY ROAD,,URBAN,N,N,N,,DAYLIGHT,CLOUDY,WET,,NO JUNCTION INVOLVED,,CONCRETE,FAILURE TO YIELD RIGHT OF WAY,RIGHT ANGLE,WestThirdStreetRunkleLane,,2021-12-01 03:44:00
255,INDIANA UNIV BLOOMINGTON PD,BLOOMINGTON,2,0.0,0.0,0,1,,,,SR 45/46,N HEADLEY RD,,50.0,E,39.16839031,-86.50061849,STATE ROAD,N,URBAN,N,N,N,,DAWN/DUSK,RAIN,WET,,NO JUNCTION INVOLVED,STRAIGHT/LEVEL,ASPHALT,ANIMAL/OBJECT IN ROADWAY,COLLISION WITH DEER,NHEADLEYRDSR46E,NONE,2021-12-01 07:13:00
256,MONROE SD,BLOOMINGTON,2,0.0,0.0,0,0,,,,S WALNUT ST PIKE,E RHORER RD,,,,39.121463,-86.531363,COUNTY ROAD,N,RURAL,N,N,N,,DAYLIGHT,RAIN,WET,,NO JUNCTION INVOLVED,STRAIGHT/GRADE,ASPHALT,FOLLOWING TOO CLOSELY,REAR END,ERHORERRDSWALNUTSTREETPIKE,TRAFFIC CONTROL SIGNAL,2021-12-01 07:36:00