_id,Agency,City,Vehicles Involved,Trailers Involved,Number Injured,Number Dead,Number Deer,House Number,Roadway Interchange,Roadway Ramp,Roadway Id,Intersecting Road,Interchange,Feet From,Direction,Latitude,Longitude,Roadway Class,Hit and Run?,Locality,School Zone?,Rumble Strips?,Construction?,Construction Type,Light Condition,Weather Conditions,Surface Condition,Type of Median,Roadway Junction Type,Road Character,Roadway Surface,Primary Factor,Manner of Collision,Unique Location Id,Traffic Control,DateTime
257,BLOOMINGTON PD,BLOOMINGTON,2,0.0,1.0,0,0,,,,N WALNUT ST,W 15TH ST,,,,39.176848,-86.533424,LOCAL/CITY ROAD,N,URBAN,N,N,N,,DAWN/DUSK,RAIN,WET,,FOUR-WAY INTERSECTION,STRAIGHT/GRADE,ASPHALT,FAILURE TO YIELD RIGHT OF WAY,RIGHT ANGLE,NWALNUTSTW15THST,STOP SIGN,2021-12-01 07:42:00
258,BLOOMINGTON PD,BLOOMINGTON,2,,0.0,0,0,,,,SR 46,S SMITH RD,,0.0,,39.164229,-86.4812199,LOCAL/CITY ROAD,,URBAN,N,N,N,,DAYLIGHT,RAIN,WET,,FOUR-WAY INTERSECTION,,ASPHALT,FOLLOWING TOO CLOSELY,REAR END,SSMITHRDE3RDST,,2021-12-01 08:27:00
259,ISP BLOOMINGTON 33,BLOOMINGTON,1,,0.0,0,0,,,,SR 48,,,2730.0,E,39.16847989,-86.67057342,STATE ROAD,,RURAL,N,N,N,,DAYLIGHT,CLOUDY,WET,,NO JUNCTION INVOLVED,,ASPHALT,,RAN OFF ROAD,SR482730FT.EASTOFVERNALPIKE,,2021-12-01 08:50:00
260,ISP BLOOMINGTON 33,BLOOMINGTON,2,,0.0,0,0,,Y,118C,I-69 S,SR 48,,0.0,,39.16483652,-86.57391734,INTERSTATE,,URBAN,N,N,N,,DAYLIGHT,RAIN,WET,,RAMP,,ASPHALT,SPEED TOO FAST FOR WEATHER CONDITIONS,REAR END,I69118C,,2021-12-01 08:55:00
261,ISP BLOOMINGTON 33,BLOOMINGTON,2,,0.0,0,0,,,,I-69 S,,,898.0,,39.22940548,-86.54457998,INTERSTATE,,RURAL,N,N,N,,DAYLIGHT,CLOUDY,WET,,NO JUNCTION INVOLVED,,ASPHALT,UNSAFE LANE MOVEMENT,SAME DIRECTION SIDESWIPE,I69121,,2021-12-01 09:39:00
262,BLOOMINGTON PD,BLOOMINGTON,3,,0.0,0,0,,,,SR 46,E 7TH ST,,0.0,,0.0,0.0,LOCAL/CITY ROAD,,URBAN,N,N,N,,DAYLIGHT,RAIN,WET,,NO JUNCTION INVOLVED,,ASPHALT,FOLLOWING TOO CLOSELY,REAR END,NSTRD46E7THST,,2021-12-01 12:12:00
263,INDIANA UNIV BLOOMINGTON PD,BLOOMINGTON,2,0.0,0.0,0,0,,,,N UNION ST,ENTRANCE TO EIGANMANN HALL PARKING LOT,,200.0,S,39.15041136,-86.509445,LOCAL/CITY ROAD,N,URBAN,N,N,N,,DAYLIGHT,RAIN,WET,,T-INTERSECTION,STRAIGHT/LEVEL,ASPHALT,FAILURE TO YIELD RIGHT OF WAY,RIGHT ANGLE,NUNIONSTTENTHST,NONE,2021-12-01 13:10:00
264,BLOOMINGTON PD,BLOOMINGTON,1,,0.0,0,0,1900,,,E WINSLOW RD,S HIGH ST,,1000.0,,39.13596462,-86.51055466,LOCAL/CITY ROAD,,URBAN,N,N,N,,DAYLIGHT,CLOUDY,WET,,NO JUNCTION INVOLVED,,ASPHALT,OVERCORRECTING/OVERSTEERING,RAN OFF ROAD,S.HIGHST1900EWINSLOWRD,,2021-12-01 14:07:00
265,BLOOMINGTON PD,BLOOMINGTON,2,,0.0,0,0,,,,W 7TH ST,N COLLEGE AVE,,0.0,,39.168546,-86.534862,LOCAL/CITY ROAD,,URBAN,N,N,N,,DAYLIGHT,CLOUDY,WET,,FOUR-WAY INTERSECTION,,ASPHALT,IMPROPER TURNING,LEFT TURN,W7thStNCollegeAve,,2021-12-01 14:46:00
266,ELLETTSVILLE PD,ELLETTSVILLE,2,0.0,1.0,0,0,,,,SR 46,ENTRANCE TO CHICAGO'S PIZZA,,600.0,W,39.22214601,-86.6072898,STATE ROAD,N,URBAN,N,N,N,,DAYLIGHT,CLEAR,DRY,,T-INTERSECTION,STRAIGHT/GRADE,ASPHALT,DRIVER DISTRACTED - EXPLAIN IN NARRATIVE,REAR END,LAKEVIEWDRSR46E,LANE CONTROL,2021-12-01 15:32:00
267,MONROE SD,BLOOMINGTON,2,0.0,0.0,0,0,,,,SR 46,N CAPITOL AVE,,1000.0,N,39.22281255,-86.60841255,STATE ROAD,N,RURAL,N,N,N,,DAYLIGHT,CLEAR,WET,,NO JUNCTION INVOLVED,STRAIGHT/LEVEL,ASPHALT,FOLLOWING TOO CLOSELY,REAR END,NLAKEVIEWDRSR46W,NONE,2021-12-01 15:41:00
268,INDIANA UNIV BLOOMINGTON PD,BLOOMINGTON,4,0.0,0.0,0,0,,,,E 17TH ST,N JORDAN AVE (E),,,,39.178844,-86.51245,LOCAL/CITY ROAD,N,URBAN,N,N,N,,DARK (LIGHTED),CLOUDY,WET,,NO JUNCTION INVOLVED,STRAIGHT/GRADE,ASPHALT,FOLLOWING TOO CLOSELY,REAR END,EAST17THSTJORDANAVE,NONE,2021-12-01 17:50:00
269,MONROE SD,BLOOMINGTON,1,0.0,0.0,0,0,,,,W TAPP RD,I-69,,,,0.0,0.0,,Y,URBAN,N,N,N,,DARK (LIGHTED),CLEAR,WET,,RAMP,STRAIGHT/GRADE,ASPHALT,RAN OFF ROAD RIGHT,RAN OFF ROAD,SR37TAPPRD,YIELD SIGN,2021-12-01 19:16:00
270,MONROE SD,BLOOMINGTON,2,0.0,0.0,0,0,,,,W ELLER RD,S WESTMONT AVE,,,,0.0,0.0,COUNTY ROAD,N,URBAN,N,N,N,,DARK (NOT LIGHTED),CLEAR,DRY,,NO JUNCTION INVOLVED,STRAIGHT/HILLCREST,ASPHALT,IMPROPER PASSING,HEAD ON BETWEEN TWO MOTOR VEHICLES,EASTMONTSTFULLERTONPIKE,NONE,2021-12-01 19:41:00
271,MONROE SD,BLOOMINGTON,1,0.0,0.0,0,0,,,,SR 45,E MARTIN DR,,200.0,W,39.20432248,-86.46359046,STATE ROAD,N,RURAL,N,N,N,,DARK (NOT LIGHTED),CLOUDY,WET,,NO JUNCTION INVOLVED,CURVE/GRADE,ASPHALT,RAN OFF ROAD RIGHT,RAN OFF ROAD,MARTINDRSR45E,NONE,2021-12-01 20:37:00
272,ELLETTSVILLE PD,ELLETTSVILLE,2,0.0,0.0,0,0,,,,SR 46,N TUPELO DR,,150.0,E,39.212935,-86.58968498,STATE ROAD,N,URBAN,N,N,N,,DAYLIGHT,CLEAR,DRY,,T-INTERSECTION,CURVE/LEVEL,ASPHALT,FAILURE TO YIELD RIGHT OF WAY,RIGHT ANGLE,SR46WTUPELOLN,LANE CONTROL,2021-11-30 04:02:00
273,ELLETTSVILLE PD,ELLETTSVILLE,2,0.0,0.0,0,0,,,,W VINE ST,N SALE ST,,,,39.234384,-86.624064,LOCAL/CITY ROAD,N,URBAN,N,N,N,,DARK (LIGHTED),CLEAR,DRY,,FOUR-WAY INTERSECTION,STRAIGHT/LEVEL,ASPHALT,OVERCORRECTING/OVERSTEERING,OPPOSITE DIRECTION SIDESWIPE,SALESTVINEST,LANE CONTROL,2021-11-30 06:30:00
274,INDIANA UNIV BLOOMINGTON PD,BLOOMINGTON,2,0.0,0.0,0,0,,,,S HAWTHORNE DR,E ATWATER AVE,,,,39.163089,-86.520197,LOCAL/CITY ROAD,N,URBAN,N,N,N,,DAYLIGHT,CLEAR,DRY,,FOUR-WAY INTERSECTION,STRAIGHT/LEVEL,ASPHALT,FAILURE TO YIELD RIGHT OF WAY,LEFT TURN,ATWATERAVEHAWTHORNELN,STOP SIGN,2021-11-30 09:35:00
275,BLOOMINGTON PD,BLOOMINGTON,2,0.0,1.0,0,0,2623,,,N WALNUT ST,,,,,39.193616,-86.533736,LOCAL/CITY ROAD,N,URBAN,N,N,N,,DAYLIGHT,CLEAR,DRY,,NO JUNCTION INVOLVED,STRAIGHT/LEVEL,ASPHALT,FAILURE TO YIELD RIGHT OF WAY,LEFT TURN,2623NWALNUTST,NONE,2021-11-30 12:15:00
276,MONROE SD,BLOOMINGTON,2,0.0,0.0,0,0,,,,SR 48,S GARRISON CHAPEL RD,,,,0.0,0.0,STATE ROAD,N,RURAL,N,N,N,,DAYLIGHT,CLEAR,DRY,,T-INTERSECTION,CURVE/LEVEL,ASPHALT,FOLLOWING TOO CLOSELY,REAR END,GARRISONCHAPELRDSR48W,LANE CONTROL,2021-11-30 16:15:00
277,MONROE SD,BLOOMINGTON,2,0.0,0.0,0,0,,,,SR 46,W ARLINGTON RD,,,,39.209808,-86.582672,STATE ROAD,N,RURAL,N,N,N,,DAYLIGHT,CLEAR,DRY,,FOUR-WAY INTERSECTION,STRAIGHT/GRADE,ASPHALT,FOLLOWING TOO CLOSELY,REAR END,ARLINGTONRDSR46W,NONE,2021-11-29 03:52:00
278,BLOOMINGTON PD,BLOOMINGTON,2,,0.0,0,0,,,,SR 46,S SMITH RD,,0.0,,39.164229,-86.4812199,LOCAL/CITY ROAD,,URBAN,N,N,N,,DAYLIGHT,CLEAR,DRY,,FOUR-WAY INTERSECTION,,ASPHALT,FOLLOWING TOO CLOSELY,REAR END,SSMITHRDE3RDST,,2021-11-29 07:59:00
279,BLOOMINGTON PD,BLOOMINGTON,2,,0.0,0,0,,,,W 3RD ST,S LANDMARK AVE,,0.0,,39.164416,-86.556302,LOCAL/CITY ROAD,,URBAN,N,N,N,,DAYLIGHT,CLEAR,DRY,,NO JUNCTION INVOLVED,,ASPHALT,FOLLOWING TOO CLOSELY,REAR END,W3RDSTSLANMARKAVE,,2021-11-29 14:25:00
280,INDIANA UNIV BLOOMINGTON PD,BLOOMINGTON,2,0.0,0.0,0,0,,,,N JORDAN AVE,E 10TH ST,,658.0,S,39.10199176,-86.515629,UNKNOWN,N,URBAN,N,N,N,,DAYLIGHT,CLOUDY,DRY,,NO JUNCTION INVOLVED,STRAIGHT/GRADE,ASPHALT,DRIVER DISTRACTED - EXPLAIN IN NARRATIVE,SAME DIRECTION SIDESWIPE,JORDANAVETENTHST,NONE,2021-11-29 14:30:00
281,BLOOMINGTON PD,BLOOMINGTON,2,0.0,0.0,0,0,,,,S FESS AVE,E HUNTER AVE,,,,39.16224,-86.525824,LOCAL/CITY ROAD,N,URBAN,N,N,N,,DAYLIGHT,CLOUDY,DRY,,FOUR-WAY INTERSECTION,STRAIGHT/GRADE,ASPHALT,FAILURE TO YIELD RIGHT OF WAY,RIGHT ANGLE,FESSAVEHUNTERAVE,STOP SIGN,2021-11-29 16:10:00
282,INDIANA UNIV BLOOMINGTON PD,BLOOMINGTON,2,0.0,0.0,0,0,,,,SR 46,E EASTGATE LN (N),,,,39.1701336,-86.5013599,STATE ROAD,N,URBAN,N,N,N,,DAWN/DUSK,CLEAR,DRY,,NO JUNCTION INVOLVED,STRAIGHT/LEVEL,ASPHALT,FOLLOWING TOO CLOSELY,REAR END,EEASTGATELNSR46,NONE,2021-11-29 17:30:00
283,BLOOMINGTON PD,BLOOMINGTON,2,0.0,0.0,0,0,,,,W 11TH ST,N MORTON ST,,,,39.173216,-86.536,LOCAL/CITY ROAD,Y,URBAN,N,N,N,,DARK (LIGHTED),CLEAR,DRY,,FOUR-WAY INTERSECTION,STRAIGHT/GRADE,ASPHALT,FOLLOWING TOO CLOSELY,REAR END,NORTHMORTONSTWEST11THST,NONE,2021-11-29 21:54:00
284,MONROE SD,BLOOMINGTON,3,0.0,0.0,0,0,5480,,,S FAIRFAX RD,E MOFFETT LN,,,,39.100075,-86.518242,COUNTY ROAD,Y,RURAL,N,N,N,,DARK (LIGHTED),CLEAR,DRY,,T-INTERSECTION,CURVE/LEVEL,ASPHALT,OTHER (DRIVER) - EXPLAIN IN NARRATIVE,RAN OFF ROAD,FAIRFAXRD,LANE CONTROL,2021-11-28 00:27:00
285,MONROE SD,BLOOMINGTON,1,0.0,0.0,0,1,,,,SR 37,,,5000.0,S,39.0357403,-86.53539385,STATE ROAD,N,RURAL,N,N,N,,DARK (NOT LIGHTED),CLEAR,DRY,,NO JUNCTION INVOLVED,STRAIGHT/LEVEL,ASPHALT,ANIMAL/OBJECT IN ROADWAY,COLLISION WITH DEER,SR37NZIKESRD,NONE,2021-11-28 05:41:00
286,MONROE SD,BLOOMINGTON,1,0.0,0.0,0,0,3505,,,E BOLTINGHOUSE RD,,,,,39.2336423,-86.4791988,LOCAL/CITY ROAD,N,RURAL,N,N,N,,DARK (NOT LIGHTED),CLEAR,DRY,,NO JUNCTION INVOLVED,STRAIGHT/LEVEL,ASPHALT,RAN OFF ROAD RIGHT,RAN OFF ROAD,EBOLTINGHOUSERD,NONE,2021-11-28 06:59:00
287,MONROE SD,BLOOMINGTON,2,0.0,0.0,0,0,,,,W OLD SR 37,E BOLTINGHOUSE RD,,,,39.239744,-86.4992,LOCAL/CITY ROAD,N,RURAL,N,N,N,,DAYLIGHT,CLEAR,DRY,,T-INTERSECTION,CURVE/LEVEL,ASPHALT,FAILURE TO YIELD RIGHT OF WAY,RIGHT ANGLE,EBOLTINGHOUSERDNOLDSR37RD,STOP SIGN,2021-11-28 14:13:00
288,BLOOMINGTON PD,BLOOMINGTON,3,0.0,0.0,0,0,,,,SR 46,KINGSTON DR S,,,,39.16424,-86.492944,LOCAL/CITY ROAD,N,URBAN,N,N,N,,DAYLIGHT,CLEAR,DRY,,FOUR-WAY INTERSECTION,STRAIGHT/LEVEL,ASPHALT,FOLLOWING TOO CLOSELY,REAR END,E3RDSTSKINGSTONDR,TRAFFIC CONTROL SIGNAL,2021-11-28 14:45:00
289,INDIANA UNIV BLOOMINGTON PD,BLOOMINGTON,2,0.0,0.0,0,0,,,,N JORDAN AVE,E 17TH ST,,100.0,S,39.178848,-86.511088,LOCAL/CITY ROAD,Y,URBAN,N,N,N,,UNKNOWN,CLEAR,DRY,,NO JUNCTION INVOLVED,STRAIGHT/LEVEL,ASPHALT,IMPROPER LANE USAGE,SAME DIRECTION SIDESWIPE,17THSTJORDANAVE,NONE,2021-11-28 15:45:00
290,ISP BLOOMINGTON 33,BLOOMINGTON,1,,0.0,0,1,,,,I-69 N,,,0.0,,39.05004803,-86.67999871,INTERSTATE,,RURAL,N,N,N,,DAWN/DUSK,CLEAR,DRY,,NO JUNCTION INVOLVED,,ASPHALT,ANIMAL/OBJECT IN ROADWAY,COLLISION WITH DEER,I-69105,,2021-11-28 18:07:00
291,BLOOMINGTON PD,BLOOMINGTON,3,0.0,3.0,1,0,,,,SR 46,,,340.0,E,39.16424001,-86.47489645,STATE ROAD,N,URBAN,N,N,N,,DARK (NOT LIGHTED),CLEAR,DRY,,NO JUNCTION INVOLVED,STRAIGHT/LEVEL,ASPHALT,LEFT OF CENTER,HEAD ON BETWEEN TWO MOTOR VEHICLES,SPARKRIDGERDSR46E,NONE,2021-11-28 21:15:00
292,MONROE SD,BLOOMINGTON,1,0.0,1.0,0,0,5120,,,SR 45,,,2900.0,E,39.22883379,-86.42438391,STATE ROAD,Y,URBAN,N,N,N,,DARK (NOT LIGHTED),CLEAR,DRY,,NO JUNCTION INVOLVED,CURVE/GRADE,ASPHALT,RAN OFF ROAD RIGHT,RAN OFF ROAD,NMTGILEADRDSR45E,LANE CONTROL,2021-11-27 00:26:00
293,INDIANA UNIV BLOOMINGTON PD,BLOOMINGTON,2,0.0,0.0,0,0,,,,SR 45/46,E MATLOCK RD,,,,0.0,0.0,STATE ROAD,Y,URBAN,N,N,N,,DARK (LIGHTED),CLEAR,DRY,,FOUR-WAY INTERSECTION,STRAIGHT/LEVEL,ASPHALT,DISREGARD SIGNAL/REG SIGN,REAR END,MATLOCKRDSR46,TRAFFIC CONTROL SIGNAL,2021-11-27 21:18:00
294,BLOOMINGTON PD,BLOOMINGTON,2,0.0,0.0,0,0,,,,W 17TH ST,N KINSER PIKE,,,,39.178997,-86.53773,LOCAL/CITY ROAD,N,URBAN,N,N,N,,DAYLIGHT,CLEAR,DRY,,FOUR-WAY INTERSECTION,STRAIGHT/GRADE,ASPHALT,DISREGARD SIGNAL/REG SIGN,RIGHT ANGLE,17THSTKINSERPIKE,TRAFFIC CONTROL SIGNAL,2021-11-26 10:15:00
295,MONROE SD,BLOOMINGTON,2,0.0,0.0,0,0,,Y,NB,E MONROE DAM RD,SR 37,,,,0.0,0.0,LOCAL/CITY ROAD,N,RURAL,N,N,N,,DAYLIGHT,CLEAR,DRY,,T-INTERSECTION,CURVE/GRADE,ASPHALT,FAILURE TO YIELD RIGHT OF WAY,RIGHT ANGLE,EMONROEDAMRDENTRANCETOI69NBRD,STOP SIGN,2021-11-26 10:27:00
296,ELLETTSVILLE PD,ELLETTSVILLE,2,0.0,0.0,0,0,,,,N MATTHEWS DR,ENTRANCE TO ELLETTSVILLE RECYCLING CENTER,,750.0,S,39.15875482,-86.6238869,LOCAL/CITY ROAD,N,URBAN,N,N,N,,DAYLIGHT,CLEAR,DRY,,NO JUNCTION INVOLVED,STRAIGHT/LEVEL,ASPHALT,FOLLOWING TOO CLOSELY,REAR END,MATTHEWSDRMCNEELYRD,LANE CONTROL,2021-11-26 10:43:00
297,MONROE SD,BLOOMINGTON,2,0.0,0.0,0,0,,,,S LIBERTY DR,ENTRANCE TO MENARDS,,3000.0,N,39.48183931,-86.579131,LOCAL/CITY ROAD,N,URBAN,N,N,N,,DAYLIGHT,CLEAR,DRY,,NO JUNCTION INVOLVED,CURVE/LEVEL,ASPHALT,FAILURE TO YIELD RIGHT OF WAY,RIGHT ANGLE,LIBERTYDRTHIRDST,LANE CONTROL,2021-11-26 10:53:00
298,BLOOMINGTON PD,BLOOMINGTON,2,0.0,1.0,0,0,,,,W 3RD ST,S MADISON ST,,,,39.164704,-86.537296,LOCAL/CITY ROAD,N,URBAN,N,N,N,,DAYLIGHT,CLOUDY,DRY,,FOUR-WAY INTERSECTION,STRAIGHT/GRADE,ASPHALT,FAILURE TO YIELD RIGHT OF WAY,LEFT TURN,SMADISONSTW3RDST,TRAFFIC CONTROL SIGNAL,2021-11-26 12:13:00
299,BLOOMINGTON PD,BLOOMINGTON,2,0.0,0.0,0,0,,,,S LEONARD SPRINGS RD,SR 45,,,,39.1418899,-86.5825878,LOCAL/CITY ROAD,N,URBAN,N,N,N,,DAYLIGHT,CLEAR,DRY,,FOUR-WAY INTERSECTION,STRAIGHT/GRADE,ASPHALT,FAILURE TO YIELD RIGHT OF WAY,LEFT TURN,SLEONARDSPRINGSRDSTATEROAD45HWY,TRAFFIC CONTROL SIGNAL,2021-11-26 14:45:00
300,MONROE SD,BLOOMINGTON,2,0.0,0.0,0,0,,,,N SMITH PIKE,SR 46,,,,0.0,0.0,COUNTY ROAD,N,URBAN,N,N,N,,DAYLIGHT,CLEAR,DRY,,NO JUNCTION INVOLVED,STRAIGHT/HILLCREST,ASPHALT,UNSAFE LANE MOVEMENT,SAME DIRECTION SIDESWIPE,SMITHPIKESR46,NONE,2021-11-26 15:10:00
301,BLOOMINGTON PD,BLOOMINGTON,2,0.0,0.0,0,0,,,,SR 46,S CLARIZZ BLVD,,200.0,E,39.16424,-86.4908,LOCAL/CITY ROAD,Y,URBAN,N,N,N,,DAWN/DUSK,CLOUDY,DRY,,NO JUNCTION INVOLVED,STRAIGHT/LEVEL,ASPHALT,FOLLOWING TOO CLOSELY,REAR END,E3RDSTSCLARIZZBLVD,NONE,2021-11-25 16:57:00
302,BLOOMINGTON PD,BLOOMINGTON,1,0.0,0.0,0,0,703,,,E COLONIAL CREST RD,,,,,39.185232,-86.54060206,UNKNOWN,Y,URBAN,N,N,N,,DARK (LIGHTED),CLEAR,DRY,,NO JUNCTION INVOLVED,STRAIGHT/LEVEL,CONCRETE,OTHER (DRIVER) - EXPLAIN IN NARRATIVE,OTHER - EXPLAIN IN NARRATIVE,WGOURLEYPIKE,NONE,2021-11-25 20:57:00
303,BLOOMINGTON PD,BLOOMINGTON,2,0.0,1.0,0,0,,,,S COLLEGE MALL RD,SR 46,,,,39.16424,-86.4984,LOCAL/CITY ROAD,N,URBAN,N,N,N,,DARK (LIGHTED),CLEAR,DRY,,FOUR-WAY INTERSECTION,STRAIGHT/LEVEL,ASPHALT,IMPROPER LANE USAGE,HEAD ON BETWEEN TWO MOTOR VEHICLES,E3RDSTSCOLLEGEMALLRD,NONE,2021-11-25 21:55:00
304,MONROE SD,BLOOMINGTON,1,0.0,0.0,0,0,7615,,,W DECKARD DR,,,,,39.09419927,-86.640528,UNKNOWN,N,RURAL,N,N,N,,DARK (NOT LIGHTED),CLOUDY,WET,,NO JUNCTION INVOLVED,STRAIGHT/LEVEL,OTHER - EXPLAIN IN NARRATIVE,OTHER (DRIVER) - EXPLAIN IN NARRATIVE,RAN OFF ROAD,WDECKARDDR,NONE,2021-11-24 05:17:00
305,BLOOMINGTON PD,BLOOMINGTON,2,,0.0,0,0,,,,S LIBERTY DR,ENTRANCE TO WHITEHALL PLAZA (S),,125.0,,39.164606,-86.579131,LOCAL/CITY ROAD,,URBAN,N,N,N,,DARK (LIGHTED),CLEAR,DRY,,NO JUNCTION INVOLVED,,ASPHALT,FAILURE TO YIELD RIGHT OF WAY,RIGHT ANGLE,West3rdStreetLibertyDrive,,2021-11-24 05:51:00
306,BLOOMINGTON PD,BLOOMINGTON,2,,0.0,0,0,,,,S COLLEGE MALL RD,E COVENANTER DR,,0.0,,39.1551537,-86.4976527,LOCAL/CITY ROAD,,URBAN,N,N,N,,DARK (LIGHTED),CLEAR,DRY,,FOUR-WAY INTERSECTION,,ASPHALT,FAILURE TO YIELD RIGHT OF WAY,HEAD ON BETWEEN TWO MOTOR VEHICLES,SouthCollegeMallRoadEastCovenanterDrive,,2021-11-24 07:54:00
307,ISP BLOOMINGTON 33,BLOOMINGTON,2,,1.0,0,0,,,,I-69 S,SR 45,,0.0,,39.16029034,-86.57326271,INTERSTATE,,RURAL,N,N,N,,DAYLIGHT,CLOUDY,DRY,,NO JUNCTION INVOLVED,,ASPHALT,INSECURE/LEAKY LOAD,OTHER - EXPLAIN IN NARRATIVE,I69SBat117MM,,2021-11-24 10:15:00
308,ISP BLOOMINGTON 33,BLOOMINGTON,1,,2.0,0,0,,,,I-69,,,0.0,,39.05779943,-86.68157703,INTERSTATE,,RURAL,N,Y,N,,DARK (NOT LIGHTED),CLOUDY,DRY,,NO JUNCTION INVOLVED,,ASPHALT,,RAN OFF ROAD,105.5MMI69,,2021-11-24 18:13:00
309,ISP BLOOMINGTON 33,BLOOMINGTON,1,,0.0,0,1,4445,,,SR 45,,,0.0,,39.1389126,-86.59042416,STATE ROAD,,URBAN,N,N,N,,DARK (NOT LIGHTED),CLEAR,DRY,,NO JUNCTION INVOLVED,,ASPHALT,ANIMAL/OBJECT IN ROADWAY,COLLISION WITH DEER,WStateRd45,,2021-11-24 18:25:00
310,BLOOMINGTON PD,BLOOMINGTON,2,1.0,0.0,0,0,,,,S KIMBLE DR,W 3RD ST,,,,39.16464,-86.568,LOCAL/CITY ROAD,Y,URBAN,N,N,N,,DAYLIGHT,CLEAR,DRY,,FOUR-WAY INTERSECTION,STRAIGHT/LEVEL,CONCRETE,IMPROPER LANE USAGE,SAME DIRECTION SIDESWIPE,SOUTHKIMBLEDRWEST3RDST,TRAFFIC CONTROL SIGNAL,2021-11-23 13:25:00
311,BLOOMINGTON PD,BLOOMINGTON,2,0.0,1.0,0,0,,,,W TAPP RD,S LEONARD SPRINGS RD,,,,39.13704,-86.582512,LOCAL/CITY ROAD,Y,URBAN,N,N,N,,DAYLIGHT,CLEAR,DRY,,T-INTERSECTION,STRAIGHT/GRADE,ASPHALT,FOLLOWING TOO CLOSELY,REAR END,SLEONARDSPRINGSRDWTAPPRD,STOP SIGN,2021-11-23 14:13:00
312,MONROE SD,ELLETTSVILLE,2,0.0,0.0,0,0,,,,N MATTHEWS DR,W MCNEELY ST,,,,39.2382122,-86.6238869,LOCAL/CITY ROAD,N,URBAN,N,N,N,,DAYLIGHT,CLEAR,DRY,,T-INTERSECTION,STRAIGHT/GRADE,ASPHALT,LEFT OF CENTER,OPPOSITE DIRECTION SIDESWIPE,NMATTHEWSDRWMCNEELYST,LANE CONTROL,2021-11-23 14:35:00
313,MONROE SD,BLOOMINGTON,1,0.0,0.0,0,0,,,,SR 45,E EARL YOUNG RD,,,,39.218448,-86.4536,STATE ROAD,N,RURAL,N,N,N,,DARK (NOT LIGHTED),CLEAR,DRY,,NO JUNCTION INVOLVED,CURVE/LEVEL,ASPHALT,DRIVER DISTRACTED - EXPLAIN IN NARRATIVE,RAN OFF ROAD,EARLYOUNGRDSR45E,LANE CONTROL,2021-11-22 01:15:00
314,BLOOMINGTON PD,BLOOMINGTON,1,0.0,0.0,0,0,,,,S WASHINGTON ST,E 3RD ST,,,,39.16464,-86.5324,LOCAL/CITY ROAD,Y,URBAN,N,N,N,,DARK (LIGHTED),CLEAR,DRY,,FOUR-WAY INTERSECTION,STRAIGHT/LEVEL,ASPHALT,RAN OFF ROAD RIGHT,RAN OFF ROAD,E3RDSTSWASHINGTONST,TRAFFIC CONTROL SIGNAL,2021-11-22 05:09:00
315,BLOOMINGTON PD,BLOOMINGTON,2,,0.0,0,0,,,,S COLLEGE MALL RD,E 2ND ST,,0.0,,39.1609319,-86.4977835,LOCAL/CITY ROAD,,URBAN,N,N,N,,DARK (LIGHTED),CLOUDY,DRY,,FOUR-WAY INTERSECTION,,ASPHALT,FAILURE TO YIELD RIGHT OF WAY,SAME DIRECTION SIDESWIPE,SouthCollegeMallRoadEast2ndStreet,,2021-11-22 07:28:00
316,ELLETTSVILLE PD,ELLETTSVILLE,1,0.0,0.0,0,0,,,,SR 46,N HARTSTRAIT RD,,,,39.227624,-86.615919,STATE ROAD,N,URBAN,N,N,N,,DAWN/DUSK,CLEAR,DRY,,NO JUNCTION INVOLVED,CURVE/LEVEL,ASPHALT,ANIMAL/OBJECT IN ROADWAY,COLLISION WITH ANIMAL OTHER,HARTSTRAITRDSR46W,LANE CONTROL,2021-11-22 07:48:00
317,BLOOMINGTON PD,BLOOMINGTON,2,0.0,0.0,0,0,,,,E 3RD ST,S INDIANA AVE,,300.0,E,39.16444649,-86.5257416,LOCAL/CITY ROAD,N,URBAN,N,N,N,,DAYLIGHT,CLEAR,DRY,,NO JUNCTION INVOLVED,STRAIGHT/LEVEL,ASPHALT,FAILURE TO YIELD RIGHT OF WAY,SAME DIRECTION SIDESWIPE,3RDSTINDIANAAVE,NONE,2021-11-22 13:25:00
318,MONROE SD,BLOOMINGTON,2,0.0,1.0,0,0,,,,N CURRY PIKE,W PROFILE PKWY,,,,39.174565,-86.583026,LOCAL/CITY ROAD,N,URBAN,N,N,N,,DAYLIGHT,CLEAR,DRY,,FOUR-WAY INTERSECTION,STRAIGHT/GRADE,ASPHALT,DISREGARD SIGNAL/REG SIGN,RIGHT ANGLE,CURRYPIKEPROFILEPKWY,TRAFFIC CONTROL SIGNAL,2021-11-22 16:45:00
319,MONROE SD,BLOOMINGTON,1,0.0,0.0,0,0,2250,,,E POINTE RD,,,,,39.033074,-86.511329,UNKNOWN,N,RURAL,N,N,N,,DARK (LIGHTED),RAIN,WET,,NO JUNCTION INVOLVED,CURVE/LEVEL,ASPHALT,RAN OFF ROAD RIGHT,RAN OFF ROAD,EPOINTERD,NONE,2021-11-21 04:12:00