_id,Agency,City,Vehicles Involved,Trailers Involved,Number Injured,Number Dead,Number Deer,House Number,Roadway Interchange,Roadway Ramp,Roadway Id,Intersecting Road,Interchange,Feet From,Direction,Latitude,Longitude,Roadway Class,Hit and Run?,Locality,School Zone?,Rumble Strips?,Construction?,Construction Type,Light Condition,Weather Conditions,Surface Condition,Type of Median,Roadway Junction Type,Road Character,Roadway Surface,Primary Factor,Manner of Collision,Unique Location Id,Traffic Control,DateTime
320,BLOOMINGTON PD,BLOOMINGTON,2,0.0,0.0,0,0,2700,,,S SARE RD,S CONSTANCE AVE,,,,39.13485,-86.501442,LOCAL/CITY ROAD,N,URBAN,N,N,N,,DAYLIGHT,RAIN,WET,,FOUR-WAY INTERSECTION,STRAIGHT/LEVEL,ASPHALT,OTHER (DRIVER) - EXPLAIN IN NARRATIVE,REAR END,ROGERSRD,STOP SIGN,2021-11-21 10:50:00
321,ISP BLOOMINGTON 33,BLOOMINGTON,1,,1.0,0,0,,123,C,I-69 S,N SR 37 BUSINESS,,0.0,,39.23518752,-86.54174676,INTERSTATE,,RURAL,N,N,N,,DAYLIGHT,RAIN,WET,,RAMP,,ASPHALT,FAILURE TO MAINTAIN LANE,,I69-123-RampC123C,,2021-11-21 12:57:00
322,MONROE SD,BLOOMINGTON,2,0.0,0.0,0,0,,,,S FAIRFAX RD,E BERNICE DR,,300.0,S,39.068496,-86.50312,LOCAL/CITY ROAD,N,RURAL,N,N,N,,DAYLIGHT,CLEAR,DRY,,T-INTERSECTION,CURVE/GRADE,ASPHALT,FAILURE TO YIELD RIGHT OF WAY,RIGHT ANGLE,EBERNICEDRSFAIRFAXRD,NO PASSING ZONE,2021-11-21 13:35:00
323,BLOOMINGTON PD,BLOOMINGTON,2,0.0,1.0,0,0,,,,SR 446,SR 46,,,,39.164333,-86.472159,STATE ROAD,Y,URBAN,N,N,N,,DAYLIGHT,CLOUDY,DRY,,FOUR-WAY INTERSECTION,STRAIGHT/LEVEL,ASPHALT,IMPROPER TURNING,LEFT/RIGHT TURN,EASTSTATEROAD46RDSR446S,TRAFFIC CONTROL SIGNAL,2021-11-21 15:05:00
324,MONROE SD,BLOOMINGTON,2,0.0,0.0,0,0,,,,S GARRISON CHAPEL RD,TRENDMAR DR,,500.0,S,39.10606644,-86.647227,LOCAL/CITY ROAD,N,RURAL,N,N,N,,DAYLIGHT,CLOUDY,WET,,NO JUNCTION INVOLVED,STRAIGHT/GRADE,ASPHALT,UNSAFE SPEED,REAR END,SGARRISONCHAPELRDWHENDRICKRD,NONE,2021-11-21 15:42:00
325,MONROE SD,BLOOMINGTON,2,0.0,0.0,0,0,,,,SR 48,N DANIEL'S WAY,,,,0.0,0.0,COUNTY ROAD,Y,URBAN,N,N,N,,DARK (NOT LIGHTED),CLEAR,DRY,,T-INTERSECTION,STRAIGHT/GRADE,ASPHALT,OTHER (DRIVER) - EXPLAIN IN NARRATIVE,RIGHT ANGLE,CR48WNDANIELSWAY,TRAFFIC CONTROL SIGNAL,2021-11-21 20:17:00
326,BLOOMINGTON PD,BLOOMINGTON,2,0.0,0.0,0,0,320,,,S DUNN ST,,,50.0,S,39.164448,-86.528096,LOCAL/CITY ROAD,Y,URBAN,N,N,N,,UNKNOWN,CLOUDY,DRY,,NO JUNCTION INVOLVED,STRAIGHT/LEVEL,ASPHALT,IMPROPER LANE USAGE,SAME DIRECTION SIDESWIPE,320SOUTHDUNNSTEAST3RDST,NONE,2021-11-20 00:00:00
327,BLOOMINGTON PD,BLOOMINGTON,1,0.0,1.0,0,0,,,,S SMITH RD,E STONEGATE DR,,,,39.161153,-86.480734,LOCAL/CITY ROAD,N,URBAN,N,N,N,,DARK (NOT LIGHTED),CLEAR,DRY,,FOUR-WAY INTERSECTION,STRAIGHT/GRADE,ASPHALT,RAN OFF ROAD RIGHT,RAN OFF ROAD,SMITHRDSTONEGATEDR,NONE,2021-11-20 04:00:00
328,MONROE SD,BLOOMINGTON,1,0.0,0.0,0,1,,,,SR 37,E MONROE DAM RD,,,,39.020048,-86.536096,STATE ROAD,N,RURAL,N,N,N,,DARK (NOT LIGHTED),CLEAR,DRY,,NO JUNCTION INVOLVED,STRAIGHT/GRADE,ASPHALT,ANIMAL/OBJECT IN ROADWAY,COLLISION WITH DEER,MONROEDAMRDSR37S,NONE,2021-11-20 05:53:00
329,MONROE SD,BLOOMINGTON,1,0.0,0.0,0,1,,,,SR 45,W BRENNICK CT,,,,39.10348502,-86.64742272,STATE ROAD,N,RURAL,N,N,N,,DARK (NOT LIGHTED),CLEAR,DRY,,T-INTERSECTION,CURVE/HILLCREST,ASPHALT,ANIMAL/OBJECT IN ROADWAY,COLLISION WITH DEER,SR45WWBRENNICKCT,NONE,2021-11-20 06:42:00
330,BLOOMINGTON PD,BLOOMINGTON,1,,0.0,0,0,,,,N WILLIS DR,W ARLINGTON VALLEY DR,,60.0,,39.183073,-86.544054,,,URBAN,N,N,N,,DAYLIGHT,CLOUDY,DRY,,NO JUNCTION INVOLVED,,ASPHALT,OTHER (DRIVER) - EXPLAIN IN NARRATIVE,RAN OFF ROAD,W.ARLINGTONVALLEYDR.N.WILLISDR.,,2021-11-20 11:49:00
331,BLOOMINGTON PD,BLOOMINGTON,2,0.0,0.0,0,0,,,,E KIRKWOOD AVE,N GRANT ST,,,,39.16664,-86.529696,LOCAL/CITY ROAD,Y,URBAN,N,N,N,,DAYLIGHT,CLEAR,DRY,,NO JUNCTION INVOLVED,STRAIGHT/LEVEL,ASPHALT,FAILURE TO YIELD RIGHT OF WAY,RIGHT ANGLE,GRANTSTKIRKWOODAVE,STOP SIGN,2021-11-20 15:50:00
332,MONROE SD,BLOOMINGTON,1,0.0,0.0,0,0,,,,S WEIMER RD,,,500.0,S,39.09117457,-86.563821,LOCAL/CITY ROAD,N,RURAL,N,N,N,,DAYLIGHT,CLEAR,DRY,,NO JUNCTION INVOLVED,CURVE/GRADE,ASPHALT,RAN OFF ROAD RIGHT,RAN OFF ROAD,SWEIMERRDWWAPEHANIRD,NONE,2021-11-20 16:01:00
333,BLOOMINGTON PD,BLOOMINGTON,2,,0.0,0,0,,,,SR 48,I-69 S,,0.0,,39.16339325,-86.63110684,LOCAL/CITY ROAD,,URBAN,N,N,N,,DARK (LIGHTED),CLEAR,DRY,,INTERCHANGE,,ASPHALT,FAILURE TO YIELD RIGHT OF WAY,RIGHT ANGLE,W3rdStI69-37Overpass,,2021-11-20 18:10:00
334,BLOOMINGTON PD,BLOOMINGTON,2,,1.0,0,0,,,,N COLLEGE AVE,W 10TH ST,,0.0,,39.171675,-86.534831,LOCAL/CITY ROAD,,URBAN,N,N,N,,DAYLIGHT,CLEAR,DRY,,FOUR-WAY INTERSECTION,,ASPHALT,UNSAFE LANE MOVEMENT,SAME DIRECTION SIDESWIPE,West10thStreetNorthCollegeAvenue,,2021-11-19 01:09:00
335,BLOOMINGTON PD,BLOOMINGTON,2,,0.0,0,0,,,,W BLOOMFIELD RD,S STONE DR,,0.0,,39.150879,-86.567966,LOCAL/CITY ROAD,,URBAN,N,N,N,,DAWN/DUSK,CLEAR,DRY,,NO JUNCTION INVOLVED,,ASPHALT,FAILURE TO YIELD RIGHT OF WAY,SAME DIRECTION SIDESWIPE,WestBloomfieldRoadSouthStoneDrive,,2021-11-19 05:19:00
336,ELLETTSVILLE PD,ELLETTSVILLE,2,0.0,0.0,0,0,,,,SR 46,W CHARLESTOWNE WAY,,,,39.2507593,-86.65254589,STATE ROAD,N,URBAN,N,N,N,,DAYLIGHT,CLEAR,DRY,,NO JUNCTION INVOLVED,STRAIGHT/LEVEL,ASPHALT,FOLLOWING TOO CLOSELY,REAR END,OLDBLOOMINGTONRDSR46,NONE,2021-11-19 08:25:00
337,INDIANA UNIV BLOOMINGTON PD,BLOOMINGTON,2,0.0,0.0,0,0,,,,E ATWATER AVE,S JORDAN AVE,,,,39.163051,-86.516389,LOCAL/CITY ROAD,N,URBAN,N,N,N,,DAYLIGHT,CLEAR,DRY,,FOUR-WAY INTERSECTION,STRAIGHT/LEVEL,ASPHALT,DISREGARD SIGNAL/REG SIGN,RIGHT ANGLE,ATWATERAVEJORDANAVE,STOP SIGN,2021-11-19 10:02:00
338,MONROE SD,BLOOMINGTON,2,0.0,0.0,0,0,,,,S FAIRFAX RD,E SCHACHT RD,,,,39.106882,-86.523763,LOCAL/CITY ROAD,N,RURAL,N,N,N,,DAYLIGHT,CLEAR,DRY,,T-INTERSECTION,CURVE/LEVEL,ASPHALT,VIEW OBSTRUCTED,REAR END,ESCHACHTRDSFAIRFAXRD,NONE,2021-11-19 11:06:00
339,ELLETTSVILLE PD,ELLETTSVILLE,2,0.0,0.0,0,0,,,,N UNION VALLEY RD,W LYNWEST DR,,,,39.21584,-86.5928,COUNTY ROAD,N,URBAN,N,N,N,,DAYLIGHT,CLEAR,DRY,,T-INTERSECTION,STRAIGHT/LEVEL,ASPHALT,FAILURE TO YIELD RIGHT OF WAY,LEFT TURN,LYNWESTDRUNIONVALLEYRDS,LANE CONTROL,2021-11-19 15:41:00
340,MONROE SD,BLOOMINGTON,3,0.0,0.0,0,0,,,,SR 45,S STANFORD RD,,,,39.08984,-86.666304,STATE ROAD,N,RURAL,N,N,N,,DAYLIGHT,CLEAR,DRY,,FIVE POINT OR MORE,STRAIGHT/LEVEL,ASPHALT,FAILURE TO YIELD RIGHT OF WAY,RIGHT ANGLE,SSTANFORDRDSR45W,STOP SIGN,2021-11-19 17:19:00
341,BLOOMINGTON PD,BLOOMINGTON,2,,0.0,0,0,,,,E 3RD ST,S INDIANA AVE,,0.0,,39.164287,-86.526904,,,URBAN,N,N,N,,DARK (LIGHTED),CLEAR,DRY,,NO JUNCTION INVOLVED,,ASPHALT,IMPROPER LANE USAGE,RIGHT ANGLE,IndianaAveE3rdSt,,2021-11-19 19:45:00
342,ISP BLOOMINGTON 33,BLOOMINGTON,2,,0.0,0,1,,,,I-69 N,,,0.0,,39.26584786,-86.52273056,INTERSTATE,,RURAL,N,N,N,,DARK (LIGHTED),CLOUDY,DRY,,NO JUNCTION INVOLVED,,ASPHALT,FAILURE TO MAINTAIN LANE,SAME DIRECTION SIDESWIPE,I69125.5,,2021-11-19 21:15:00
343,MONROE SD,BLOOMINGTON,1,0.0,0.0,0,1,,,,SR 45,,,500.0,E,39.2109077,-86.4621244,STATE ROAD,N,RURAL,N,N,N,,DARK (NOT LIGHTED),CLEAR,DRY,,NO JUNCTION INVOLVED,CURVE/LEVEL,ASPHALT,ANIMAL/OBJECT IN ROADWAY,COLLISION WITH DEER,EBETHELLNSR45E,NONE,2021-11-19 21:26:00
344,BLOOMINGTON PD,BLOOMINGTON,2,,0.0,0,0,,,,S ROGERS ST,S ROCKPORT RD,,0.0,,,,LOCAL/CITY ROAD,,URBAN,N,N,N,,DAYLIGHT,CLEAR,DRY,,T-INTERSECTION,,ASPHALT,FOLLOWING TOO CLOSELY,REAR END,SouthRogersStreetSouthRockportRoad,,2021-11-18 02:00:00
345,BLOOMINGTON PD,BLOOMINGTON,2,,0.0,0,0,,,,W COUNTRY CLUB DR,,,300.0,,,,LOCAL/CITY ROAD,,URBAN,N,N,N,,DAYLIGHT,CLEAR,DRY,,NO JUNCTION INVOLVED,,ASPHALT,FOLLOWING TOO CLOSELY,REAR END,WestCountryClubDriveSouthBantaAvenue,,2021-11-18 04:05:00
346,ELLETTSVILLE PD,ELLETTSVILLE,2,,0.0,0,0,,,,SR 46,N HARTSTRAIT RD,,0.0,,39.22708023,-86.61508781,STATE ROAD,,URBAN,N,N,N,,DAYLIGHT,CLEAR,DRY,,NO JUNCTION INVOLVED,,ASPHALT,FOLLOWING TOO CLOSELY,REAR END,NHartstraitRdETemperanceSt,,2021-11-18 07:10:00
347,ISP BLOOMINGTON 33,BLOOMINGTON,1,,0.0,0,0,,,,SR 46,,,950.0,,39.16554799,-86.45348778,STATE ROAD,,RURAL,N,N,N,,DAYLIGHT,CLEAR,DRY,,NO JUNCTION INVOLVED,,ASPHALT,,,StateRd46EKingsRd,,2021-11-18 09:00:00
348,BLOOMINGTON PD,BLOOMINGTON,2,0.0,0.0,0,0,,,,N ADAMS ST,W 7TH ST,,,,39.168576,-86.5496,LOCAL/CITY ROAD,N,URBAN,N,N,N,,DAYLIGHT,CLEAR,DRY,,FOUR-WAY INTERSECTION,STRAIGHT/LEVEL,ASPHALT,FOLLOWING TOO CLOSELY,REAR END,NADAMSSTW7THST,NONE,2021-11-18 09:14:00
349,BLOOMINGTON PD,BLOOMINGTON,2,,0.0,0,0,,,,E 3RD ST,S BRYAN AVE,,0.0,,,,LOCAL/CITY ROAD,,URBAN,N,N,N,,DAYLIGHT,CLEAR,DRY,,FOUR-WAY INTERSECTION,,ASPHALT,FOLLOWING TOO CLOSELY,REAR END,S.BRYANAVEE.3RDST,,2021-11-18 09:39:00
350,INDIANA UNIV BLOOMINGTON PD,BLOOMINGTON,2,0.0,1.0,0,0,,,,E 3RD ST,S ROSE AVE,,,,,,LOCAL/CITY ROAD,N,URBAN,N,N,N,,DAYLIGHT,CLEAR,DRY,,FOUR-WAY INTERSECTION,STRAIGHT/GRADE,ASPHALT,BRAKE FAILURE OR DEFECTIVE,RIGHT ANGLE,ROSEAVETHIRDST,STOP SIGN,2021-11-18 10:03:00
351,BLOOMINGTON PD,BLOOMINGTON,2,,0.0,0,0,,,,S WESTPLEX AVE,W ISAACS DR,,0.0,,,,LOCAL/CITY ROAD,,URBAN,N,N,N,,DAYLIGHT,CLEAR,DRY,,T-INTERSECTION,,ASPHALT,FAILURE TO YIELD RIGHT OF WAY,RIGHT ANGLE,SWestplexAveIsaacDr,,2021-11-18 16:48:00
352,BLOOMINGTON PD,BLOOMINGTON,2,0.0,0.0,0,0,,,,W INDUSTRIAL BLVD,SR 45,,,,,,LOCAL/CITY ROAD,N,URBAN,N,N,N,,DAWN/DUSK,CLEAR,DRY,,T-INTERSECTION,CURVE/LEVEL,ASPHALT,BRAKE FAILURE OR DEFECTIVE,REAR END,WINDUSTRIALBLVDWSTATEROAD45HWY,STOP SIGN,2021-11-18 17:21:00
353,BLOOMINGTON PD,BLOOMINGTON,2,,0.0,0,0,,,,W 11TH ST,N MORTON ST,,0.0,,,,LOCAL/CITY ROAD,,URBAN,N,N,N,,DARK (LIGHTED),CLEAR,DRY,,FOUR-WAY INTERSECTION,,ASPHALT,FAILURE TO YIELD RIGHT OF WAY,RIGHT ANGLE,W11thSTNMortonST,,2021-11-18 19:18:00
354,ISP BLOOMINGTON 33,BLOOMINGTON,1,,0.0,0,1,,,,W OLD SR 37,,,0.0,,39.26355242,-86.50230219,COUNTY ROAD,,RURAL,N,N,N,,DARK (NOT LIGHTED),CLEAR,DRY,,NO JUNCTION INVOLVED,,ASPHALT,ANIMAL/OBJECT IN ROADWAY,COLLISION WITH DEER,NOldStateRoad37,,2021-11-18 20:40:00
355,MONROE SD,BLOOMINGTON,2,0.0,0.0,0,0,,,,SR 45,W ELLER RD,,,,39.12224,-86.6144,STATE ROAD,N,RURAL,N,N,N,,DARK (NOT LIGHTED),CLEAR,DRY,,FOUR-WAY INTERSECTION,STRAIGHT/LEVEL,ASPHALT,FAILURE TO YIELD RIGHT OF WAY,RIGHT ANGLE,ELLERRDSR45W,STOP SIGN,2021-11-18 21:50:00
356,BLOOMINGTON PD,BLOOMINGTON,2,0.0,0.0,0,0,,,,W 7TH ST,N ELM ST,,,,39.168704,-86.5452,LOCAL/CITY ROAD,Y,URBAN,Y,N,N,,DAYLIGHT,CLEAR,DRY,,FOUR-WAY INTERSECTION,STRAIGHT/LEVEL,ASPHALT,IMPROPER LANE USAGE,SAME DIRECTION SIDESWIPE,NELMSTW7THST,NONE,2021-11-17 00:20:00
357,BLOOMINGTON PD,BLOOMINGTON,2,,0.0,0,0,,,,W BLOOMFIELD RD,S BASSWOOD DR,,0.0,,,,LOCAL/CITY ROAD,,URBAN,N,N,N,,DAYLIGHT,RAIN,WET,,FOUR-WAY INTERSECTION,,ASPHALT,FOLLOWING TOO CLOSELY,REAR END,WestBloomfieldRoadSouthBasswoodDrive,,2021-11-17 03:43:00
358,ELLETTSVILLE PD,ELLETTSVILLE,1,,0.0,0,1,,,,SR 46,N CYPRESS LN,,0.0,,39.21370029,-86.59087743,STATE ROAD,,URBAN,N,N,N,,DARK (NOT LIGHTED),CLEAR,WET,,T-INTERSECTION,,ASPHALT,ANIMAL/OBJECT IN ROADWAY,COLLISION WITH DEER,WStateRoad46NCypressLn,,2021-11-17 05:35:00
359,BLOOMINGTON PD,BLOOMINGTON,2,,1.0,0,0,,,,S COLLEGE AVE,W 1ST ST,,0.0,,,,LOCAL/CITY ROAD,,URBAN,N,N,N,,DARK (LIGHTED),CLOUDY,WET,,FOUR-WAY INTERSECTION,,ASPHALT,DISREGARD SIGNAL/REG SIGN,RIGHT ANGLE,West1stStreetSouthCollegeAve,,2021-11-17 06:45:00
360,BLOOMINGTON PD,BLOOMINGTON,2,0.0,0.0,0,0,,,,SR 45/46,E 17TH ST,,200.0,S,39.17937475,-86.50671279,STATE ROAD,N,URBAN,N,N,N,,DAWN/DUSK,CLEAR,WET,,NO JUNCTION INVOLVED,STRAIGHT/GRADE,ASPHALT,UNSAFE LANE MOVEMENT,SAME DIRECTION SIDESWIPE,17THSTSR46W,NONE,2021-11-17 06:51:00
361,ISP BLOOMINGTON 33,BLOOMINGTON,1,,0.0,0,0,,Y,117C,I-69 S,SR 45,,0.0,,39.14676269,-86.57497932,INTERSTATE,,URBAN,N,N,N,,DAWN/DUSK,CLOUDY,WET,,RAMP,,ASPHALT,SPEED TOO FAST FOR WEATHER CONDITIONS,RAN OFF ROAD,I69-117-C,,2021-11-17 07:20:00
362,BLOOMINGTON PD,BLOOMINGTON,2,,0.0,0,0,120,,,KINGSTON DR S,,,0.0,,,,LOCAL/CITY ROAD,,URBAN,N,N,N,,DAYLIGHT,CLOUDY,WET,,NO JUNCTION INVOLVED,,ASPHALT,UNSAFE BACKING,BACKING CRASH,S.KINGSTONDR,,2021-11-17 08:33:00
363,BLOOMINGTON PD,BLOOMINGTON,2,,0.0,0,0,,,,N JACOB DR,W ALEXANDER DR,,0.0,,,,LOCAL/CITY ROAD,,URBAN,N,N,N,,DARK (LIGHTED),RAIN,WET,,FOUR-WAY INTERSECTION,,ASPHALT,FAILURE TO YIELD RIGHT OF WAY,RIGHT ANGLE,WestAlexanderDriveNorthJacobDrive,,2021-11-17 08:53:00
364,ELLETTSVILLE PD,ELLETTSVILLE,2,0.0,0.0,0,0,,,,SR 46,N SALE ST (S),,,,39.23384,-86.624704,STATE ROAD,N,URBAN,N,N,N,,DAYLIGHT,CLEAR,DRY,,T-INTERSECTION,STRAIGHT/LEVEL,ASPHALT,FAILURE TO YIELD RIGHT OF WAY,SAME DIRECTION SIDESWIPE,SALESTSR46W,TRAFFIC CONTROL SIGNAL,2021-11-17 09:46:00
365,BLOOMINGTON PD,BLOOMINGTON,2,0.0,0.0,0,0,,,,E ATWATER AVE,S JORDAN AVE,,,,,,LOCAL/CITY ROAD,N,URBAN,N,N,N,,DAYLIGHT,CLOUDY,WET,,FOUR-WAY INTERSECTION,STRAIGHT/LEVEL,ASPHALT,DISREGARD SIGNAL/REG SIGN,RIGHT ANGLE,EATWATERAVESJORDANAVE,TRAFFIC CONTROL SIGNAL,2021-11-17 11:31:00
366,BLOOMINGTON PD,BLOOMINGTON,2,,0.0,0,0,,,,N ROGERS ST,W 8TH ST,,0.0,,,,LOCAL/CITY ROAD,,URBAN,N,N,N,,DAYLIGHT,CLOUDY,DRY,,FOUR-WAY INTERSECTION,,ASPHALT,FAILURE TO YIELD RIGHT OF WAY,RIGHT ANGLE,W8thStNRogersSt,,2021-11-17 13:01:00
367,ELLETTSVILLE PD,ELLETTSVILLE,2,0.0,0.0,0,0,,,,SR 46,N UNION VALLEY RD,,,,39.215152,-86.5928,STATE ROAD,N,URBAN,N,N,N,,DAYLIGHT,CLEAR,DRY,,FOUR-WAY INTERSECTION,STRAIGHT/LEVEL,ASPHALT,FOLLOWING TOO CLOSELY,REAR END,SR46WUNIONVALLEYRD,TRAFFIC CONTROL SIGNAL,2021-11-17 14:03:00
368,BLOOMINGTON PD,BLOOMINGTON,2,,0.0,0,0,,,,S GRANT ST,E 2ND ST,,0.0,,,,LOCAL/CITY ROAD,,URBAN,N,N,N,,DAYLIGHT,CLOUDY,DRY,,FOUR-WAY INTERSECTION,,ASPHALT,OTHER (DRIVER) - EXPLAIN IN NARRATIVE,SAME DIRECTION SIDESWIPE,SGrantStE2ndSt,,2021-11-17 15:29:00
369,MONROE SD,BLOOMINGTON,1,0.0,0.0,0,0,3900,,,W ROLL AVE,S YOST AVE,,,,,,UNKNOWN,Y,URBAN,N,N,N,,DAYLIGHT,CLOUDY,DRY,,NO JUNCTION INVOLVED,STRAIGHT/LEVEL,ASPHALT,RAN OFF ROAD RIGHT,RAN OFF ROAD,WROLLAVE,NONE,2021-11-17 16:10:00
370,BLOOMINGTON PD,BLOOMINGTON,2,0.0,0.0,0,0,,,,N COLLEGE AVE,W KIRKWOOD AVE,,,,39.16664,-86.5348,LOCAL/CITY ROAD,Y,URBAN,N,N,N,,DAWN/DUSK,RAIN,WET,,NO JUNCTION INVOLVED,STRAIGHT/LEVEL,ASPHALT,FOLLOWING TOO CLOSELY,REAR END,SCOLLEGEAVEWKIRKWOODAVE,TRAFFIC CONTROL SIGNAL,2021-11-17 17:10:00
371,INDIANA UNIV BLOOMINGTON PD,BLOOMINGTON,2,0.0,0.0,0,0,,,,E 10TH ST,N JEFFERSON ST,,,,,,LOCAL/CITY ROAD,N,URBAN,N,N,N,,DAWN/DUSK,CLOUDY,WET,,T-INTERSECTION,STRAIGHT/LEVEL,ASPHALT,FAILURE TO YIELD RIGHT OF WAY,RIGHT ANGLE,JEFFERSONSTUNIONVILLERD,NONE,2021-11-17 17:45:00
372,INDIANA UNIV BLOOMINGTON PD,BLOOMINGTON,3,0.0,1.0,0,0,,,,E 10TH ST,N SUNRISE DR,,85.0,W,,,LOCAL/CITY ROAD,Y,URBAN,N,N,N,,DARK (LIGHTED),RAIN,WET,,NO JUNCTION INVOLVED,STRAIGHT/LEVEL,ASPHALT,,REAR END,10THSTREETSTSUNRISEDRIVEDR,NONE,2021-11-17 20:26:00
373,INDIANA UNIV BLOOMINGTON PD,BLOOMINGTON,2,0.0,0.0,0,0,,,,SR 45/46,N MILO B SAMPSON LN,,,,,,STATE ROAD,N,URBAN,N,N,N,,DARK (LIGHTED),RAIN,WET,,NO JUNCTION INVOLVED,STRAIGHT/LEVEL,ASPHALT,FOLLOWING TOO CLOSELY,REAR END,NMILOBSAMPSONLNSR46,LANE CONTROL,2021-11-17 23:30:00
374,BLOOMINGTON PD,BLOOMINGTON,2,0.0,4.0,0,0,,,,E 7TH ST,N LINCOLN ST,,,,,,LOCAL/CITY ROAD,N,URBAN,N,N,N,,DARK (LIGHTED),RAIN,WET,,FOUR-WAY INTERSECTION,STRAIGHT/LEVEL,ASPHALT,FAILURE TO YIELD RIGHT OF WAY,RIGHT ANGLE,E7THSTNLINCOLINST,STOP SIGN,2021-11-17 23:52:00
375,MONROE SD,BLOOMINGTON,1,0.0,0.0,0,1,,,,SR 45,,,500.0,W,39.08681665,-86.67374603,STATE ROAD,N,URBAN,N,N,N,,DARK (NOT LIGHTED),CLEAR,DRY,,T-INTERSECTION,CURVE/GRADE,ASPHALT,ANIMAL/OBJECT IN ROADWAY,COLLISION WITH DEER,SBREEDENRDSR45E,LANE CONTROL,2021-11-16 05:19:00
376,BLOOMINGTON PD,BLOOMINGTON,3,,1.0,0,0,,,,SR 45/46,N KINSER PIKE,,0.0,,,,STATE ROAD,,URBAN,N,N,N,,DAYLIGHT,CLEAR,DRY,,FOUR-WAY INTERSECTION,,ASPHALT,FOLLOWING TOO CLOSELY,REAR END,N.KINSERPIKE45/46BYPASS,,2021-11-16 07:19:00
377,BLOOMINGTON PD,BLOOMINGTON,2,,1.0,0,0,,,,W BLOOMFIELD RD,S ROLLING RIDGE WAY,,0.0,,39.1549324,-86.56324092,LOCAL/CITY ROAD,,URBAN,N,N,N,,DAYLIGHT,CLOUDY,DRY,,FOUR-WAY INTERSECTION,,ASPHALT,FOLLOWING TOO CLOSELY,REAR END,WBloomfieldRdSRollingRidgeWay,,2021-11-16 11:16:00
378,BLOOMINGTON PD,BLOOMINGTON,2,0.0,1.0,0,0,,,Y,W BLOOMFIELD RD,I-69 N,,,,39.148144,-86.572992,LOCAL/CITY ROAD,N,URBAN,N,N,N,,DAYLIGHT,CLEAR,DRY,,T-INTERSECTION,STRAIGHT/GRADE,ASPHALT,FAILURE TO YIELD RIGHT OF WAY,RIGHT ANGLE,SR37NWBLOOMFIELDRD,TRAFFIC CONTROL SIGNAL,2021-11-16 11:33:00
379,ELLETTSVILLE PD,ELLETTSVILLE,2,0.0,0.0,0,0,,,,N THOMAS RD,APACHE DR,,,,39.221408,-86.630464,LOCAL/CITY ROAD,N,URBAN,N,N,N,,DAYLIGHT,CLEAR,DRY,,NO JUNCTION INVOLVED,STRAIGHT/LEVEL,ASPHALT,FOLLOWING TOO CLOSELY,REAR END,APACHEDRTHOMASRD,LANE CONTROL,2021-11-16 12:44:00
380,BLOOMINGTON PD,BLOOMINGTON,2,,0.0,0,0,,,,N KINSER PIKE,W BROOKDALE DR,,0.0,,,,LOCAL/CITY ROAD,,URBAN,N,N,N,,DAYLIGHT,CLEAR,DRY,,FOUR-WAY INTERSECTION,,ASPHALT,FOLLOWING TOO CLOSELY,REAR END,WBrookdaleDrNKinserPike,,2021-11-16 15:53:00
381,BLOOMINGTON PD,BLOOMINGTON,2,,0.0,0,0,,,,E 10TH ST,N DUNN ST,,0.0,,,,LOCAL/CITY ROAD,,URBAN,N,N,N,,DAYLIGHT,CLEAR,DRY,,FOUR-WAY INTERSECTION,,ASPHALT,FOLLOWING TOO CLOSELY,REAR END,NorthDunnStreetEast10thStreet,,2021-11-16 16:27:00
382,MONROE SD,BLOOMINGTON,2,0.0,0.0,0,0,,,,E EARL YOUNG RD,,,566.0,S,39.225536,-86.454592,LOCAL/CITY ROAD,N,RURAL,N,N,N,,DAYLIGHT,CLEAR,DRY,,NO JUNCTION INVOLVED,STRAIGHT/HILLCREST,ASPHALT,DRIVER DISTRACTED - EXPLAIN IN NARRATIVE,SAME DIRECTION SIDESWIPE,EEARLYOUNGRDEWELLSTONEDR,NONE,2021-11-16 16:58:00
383,MONROE SD,BLOOMINGTON,2,0.0,0.0,0,0,,,,W OLD SR 37,E OLD MEYERS RD,,,,39.231936,-86.506288,LOCAL/CITY ROAD,N,RURAL,N,N,N,,DARK (NOT LIGHTED),CLOUDY,DRY,,T-INTERSECTION,STRAIGHT/LEVEL,ASPHALT,FOLLOWING TOO CLOSELY,REAR END,EOLDMYERSRDNOLDSTATE37RD,NONE,2021-11-16 18:49:00
384,MONROE SD,BLOOMINGTON,1,0.0,0.0,0,1,,,,W VERNAL PIKE,,,1295.0,S,,,LOCAL/CITY ROAD,N,RURAL,N,N,N,,DARK (NOT LIGHTED),CLOUDY,DRY,,NO JUNCTION INVOLVED,STRAIGHT/LEVEL,ASPHALT,ANIMAL/OBJECT IN ROADWAY,COLLISION WITH DEER,WOLDVERNALPIKEWVERNALPIKE,NONE,2021-11-16 19:33:00
385,MONROE SD,BLOOMINGTON,1,0.0,1.0,0,0,,,,I-69 S,,,100.0,N,,,INTERSTATE,N,URBAN,N,N,N,,DARK (NOT LIGHTED),CLEAR,DRY,,NO JUNCTION INVOLVED,STRAIGHT/GRADE,ASPHALT,DRIVER ASLEEP OR FATIGUED,RAN OFF ROAD,I69S124.5,LANE CONTROL,2021-11-15 03:22:00