_id,Agency,City,Vehicles Involved,Trailers Involved,Number Injured,Number Dead,Number Deer,House Number,Roadway Interchange,Roadway Ramp,Roadway Id,Intersecting Road,Interchange,Feet From,Direction,Latitude,Longitude,Roadway Class,Hit and Run?,Locality,School Zone?,Rumble Strips?,Construction?,Construction Type,Light Condition,Weather Conditions,Surface Condition,Type of Median,Roadway Junction Type,Road Character,Roadway Surface,Primary Factor,Manner of Collision,Unique Location Id,Traffic Control,DateTime
386,BLOOMINGTON PD,BLOOMINGTON,2,,0.0,0,0,,,,W 3RD ST,S CORY LN,,0.0,,,,LOCAL/CITY ROAD,,URBAN,N,N,N,,DARK (LIGHTED),CLOUDY,DRY,,T-INTERSECTION,,ASPHALT,FAILURE TO YIELD RIGHT OF WAY,RIGHT ANGLE,West3rdStreetSouthCoryLane,,2021-11-15 05:30:00
387,ELLETTSVILLE PD,ELLETTSVILLE,2,0.0,0.0,0,0,,,,SR 46,N HARTSTRAIT RD,,,,39.227624,-86.615919,STATE ROAD,N,URBAN,N,N,N,,DAWN/DUSK,CLEAR,DRY,,NO JUNCTION INVOLVED,STRAIGHT/LEVEL,ASPHALT,FOLLOWING TOO CLOSELY,REAR END,HARTSTRAITRDSR46W,TRAFFIC CONTROL SIGNAL,2021-11-15 07:10:00
388,ISP BLOOMINGTON 33,BLOOMINGTON,1,,0.0,0,1,,,,I-69 N,,,0.0,,39.10382949,-86.55921244,INTERSTATE,,RURAL,N,N,N,,DAYLIGHT,CLEAR,DRY,,NO JUNCTION INVOLVED,,ASPHALT,ANIMAL/OBJECT IN ROADWAY,COLLISION WITH DEER,113.7MMI69NB,,2021-11-15 08:05:00
389,INDIANA UNIV BLOOMINGTON PD,BLOOMINGTON,2,0.0,0.0,0,0,,,,S JORDAN AVE,E 3RD ST,,,,,,LOCAL/CITY ROAD,N,URBAN,N,N,N,,DAYLIGHT,CLOUDY,DRY,,T-INTERSECTION,STRAIGHT/LEVEL,ASPHALT,IMPROPER LANE USAGE,SAME DIRECTION SIDESWIPE,JORDANAVETHIRDST,TRAFFIC CONTROL SIGNAL,2021-11-15 12:30:00
390,ISP BLOOMINGTON 33,BLOOMINGTON,2,,0.0,0,0,,,,SR 48,S LIBERTY DR,,0.0,,39.16457033,-86.58076233,LOCAL/CITY ROAD,,URBAN,N,N,N,,DAYLIGHT,CLEAR,DRY,,NO JUNCTION INVOLVED,,ASPHALT,FAILURE TO YIELD RIGHT OF WAY,RIGHT TURN,W3rdStSLibertyDr,,2021-11-15 12:34:00
391,MONROE SD,BLOOMINGTON,2,1.0,0.0,0,0,,,,SR 37,,,700.0,S,39.08403329,-86.54093367,STATE ROAD,Y,RURAL,N,Y,N,,DAYLIGHT,CLEAR,DRY,,NO JUNCTION INVOLVED,STRAIGHT/LEVEL,ASPHALT,IMPROPER LANE USAGE,SAME DIRECTION SIDESWIPE,OLDSTATE37SRDSR37S,NONE,2021-11-15 15:34:00
392,MONROE SD,BLOOMINGTON,2,0.0,0.0,0,0,,,,SR 37,W SMITHVILLE RD,,,,39.16424,-86.480688,STATE ROAD,N,RURAL,N,Y,N,,DAYLIGHT,CLEAR,DRY,,T-INTERSECTION,STRAIGHT/GRADE,ASPHALT,FAILURE TO YIELD RIGHT OF WAY,RIGHT ANGLE,ESMITHVILLERDSR37S,NONE,2021-11-15 16:22:00
393,MONROE SD,BLOOMINGTON,2,0.0,0.0,0,0,,,,I-69 S,,,,,0.0,0.0,INTERSTATE,Y,RURAL,N,N,N,,DAYLIGHT,CLEAR,DRY,,NO JUNCTION INVOLVED,STRAIGHT/LEVEL,ASPHALT,IMPROPER LANE USAGE,SAME DIRECTION SIDESWIPE,I69S123.0,NONE,2021-11-15 16:24:00
394,MONROE SD,BLOOMINGTON,2,0.0,0.0,0,0,,,,SR 37,W DILLMAN RD,,,,39.092965,-86.546052,STATE ROAD,N,RURAL,N,N,N,,DAYLIGHT,CLEAR,DRY,,FOUR-WAY INTERSECTION,STRAIGHT/LEVEL,ASPHALT,FAILURE TO YIELD RIGHT OF WAY,RIGHT ANGLE,SR37SWDILLMANRD,FLASHING OVERHEAD BEACON,2021-11-15 16:45:00
395,BLOOMINGTON PD,BLOOMINGTON,2,0.0,0.0,0,0,,,,SR 46,KINGSTON DR S,,,,39.16424,-86.492944,LOCAL/CITY ROAD,Y,URBAN,N,N,N,,DAWN/DUSK,CLOUDY,DRY,,FOUR-WAY INTERSECTION,STRAIGHT/LEVEL,ASPHALT,FOLLOWING TOO CLOSELY,REAR END,EAST3RDSTSOUTHKINGSTONDR,TRAFFIC CONTROL SIGNAL,2021-11-15 17:23:00
396,INDIANA UNIV BLOOMINGTON PD,BLOOMINGTON,2,0.0,0.0,0,0,,,,SR 45/46,E 10TH ST,,,,,,STATE ROAD,Y,URBAN,N,N,N,,DARK (LIGHTED),CLEAR,DRY,,FOUR-WAY INTERSECTION,STRAIGHT/LEVEL,ASPHALT,FOLLOWING TOO CLOSELY,REAR END,SR45SR46,TRAFFIC CONTROL SIGNAL,2021-11-15 19:00:00
397,MONROE SD,BLOOMINGTON,1,0.0,0.0,0,1,,,,SR 45,W AIRPORT RD,,150.0,W,39.13657411,-86.59418719,STATE ROAD,N,RURAL,N,N,N,,DARK (NOT LIGHTED),CLEAR,DRY,,T-INTERSECTION,STRAIGHT/LEVEL,ASPHALT,ANIMAL/OBJECT IN ROADWAY,COLLISION WITH DEER,SR45WWAIRPORTRD,NONE,2021-11-15 20:20:00
398,BLOOMINGTON PD,BLOOMINGTON,2,0.0,0.0,0,0,1839,,,S OAKDALE DR E,,,,,,,LOCAL/CITY ROAD,Y,URBAN,N,N,N,,DARK (LIGHTED),CLEAR,DRY,,NO JUNCTION INVOLVED,STRAIGHT/LEVEL,ASPHALT,IMPROPER LANE USAGE,BACKING CRASH,SPECANLN,NONE,2021-11-15 20:45:00
399,MONROE SD,BLOOMINGTON,1,0.0,0.0,0,1,,,,SR 37,,,,,0.0,0.0,STATE ROAD,N,RURAL,N,N,N,,DARK (NOT LIGHTED),CLEAR,DRY,,NO JUNCTION INVOLVED,STRAIGHT/GRADE,ASPHALT,ANIMAL/OBJECT IN ROADWAY,COLLISION WITH DEER,SR37SR53,NONE,2021-11-15 20:49:00
400,BLOOMINGTON PD,BLOOMINGTON,2,0.0,0.0,0,0,,,,S ADAMS ST,W 2ND ST,,50.0,S,,,LOCAL/CITY ROAD,N,URBAN,N,N,N,,DARK (NOT LIGHTED),CLOUDY,DRY,,FOUR-WAY INTERSECTION,STRAIGHT/GRADE,ASPHALT,IMPROPER TURNING,LEFT TURN,SOUTHADAMSSTWESTBLOOMFIELDRD,TRAFFIC CONTROL SIGNAL,2021-11-15 21:18:00
401,BLOOMINGTON PD,BLOOMINGTON,2,0.0,0.0,0,0,,,,S COLLEGE MALL RD,E 2ND ST,,,,39.160944,-86.497696,LOCAL/CITY ROAD,Y,URBAN,N,N,N,,DARK (LIGHTED),CLOUDY,DRY,,FOUR-WAY INTERSECTION,STRAIGHT/LEVEL,ASPHALT,UNSAFE LANE MOVEMENT,SAME DIRECTION SIDESWIPE,E2NDSTSCOLLEGEMALLRD,TRAFFIC CONTROL SIGNAL,2021-11-15 22:00:00
402,ISP BLOOMINGTON 33,BLOOMINGTON,1,,0.0,0,1,,,,I-69 N,,,0.0,,39.24107499,-86.53628058,INTERSTATE,,RURAL,N,Y,N,,DARK (NOT LIGHTED),CLEAR,DRY,,NO JUNCTION INVOLVED,,ASPHALT,ANIMAL/OBJECT IN ROADWAY,COLLISION WITH DEER,I-69123,,2021-11-14 00:05:00
403,BLOOMINGTON PD,BLOOMINGTON,2,0.0,1.0,0,0,,,,W 11TH ST,N ASHLYNN PARK DR,,,,,,LOCAL/CITY ROAD,N,URBAN,N,N,N,,DAYLIGHT,RAIN,WET,,T-INTERSECTION,STRAIGHT/GRADE,ASPHALT,FAILURE TO YIELD RIGHT OF WAY,LEFT TURN,NASHLYNNPARKDRW11THST,STOP SIGN,2021-11-14 12:23:00
404,BLOOMINGTON PD,BLOOMINGTON,2,,0.0,0,0,,,,W TAPP RD,S ROCKPORT RD,,0.0,,39.13633186,-86.54890842,LOCAL/CITY ROAD,,URBAN,N,N,N,,DAYLIGHT,RAIN,WET,,FOUR-WAY INTERSECTION,,ASPHALT,UNSAFE LANE MOVEMENT,HEAD ON BETWEEN TWO MOTOR VEHICLES,WTappRdSRockportRd,,2021-11-14 12:27:00
405,MONROE SD,BLOOMINGTON,2,0.0,0.0,0,0,,,,SR 45/46,I-69 S,,,,,,STATE ROAD,N,URBAN,N,N,N,,DAYLIGHT,SLEET/HAIL/FREEZING RAIN,WET,,INTERCHANGE,STRAIGHT/LEVEL,ASPHALT,SPEED TOO FAST FOR WEATHER CONDITIONS,REAR END,I69SOUTHBOUNDENTRANCERAMPHWYSR46W,TRAFFIC CONTROL SIGNAL,2021-11-14 12:45:00
406,INDIANA UNIV BLOOMINGTON PD,BLOOMINGTON,2,0.0,0.0,0,0,,,,SR 45/46,E 10TH ST,,100.0,N,,,STATE ROAD,N,URBAN,N,N,N,,DAYLIGHT,RAIN,WET,,NO JUNCTION INVOLVED,STRAIGHT/LEVEL,ASPHALT,SPEED TOO FAST FOR WEATHER CONDITIONS,REAR END,EAST10THSTSR46S,NONE,2021-11-14 12:50:00
407,ELLETTSVILLE PD,ELLETTSVILLE,2,0.0,0.0,0,0,,,,SR 46,N HARTSTRAIT RD,,,,,,STATE ROAD,N,URBAN,N,N,N,,DAYLIGHT,RAIN,WET,,NO JUNCTION INVOLVED,STRAIGHT/LEVEL,ASPHALT,SPEED TOO FAST FOR WEATHER CONDITIONS,RIGHT ANGLE,HARTSTRAITRDSR46W,TRAFFIC CONTROL SIGNAL,2021-11-14 12:56:00
408,BLOOMINGTON PD,BLOOMINGTON,2,,0.0,0,0,,,,S COLLEGE AVE,W 1ST ST,,0.0,,,,LOCAL/CITY ROAD,,RURAL,N,N,N,,DAYLIGHT,RAIN,WET,,NO JUNCTION INVOLVED,,ASPHALT,DRIVER DISTRACTED - EXPLAIN IN NARRATIVE,REAR END,W.1STSTS.COLLEGEAVE,,2021-11-14 13:10:00
409,MONROE SD,BLOOMINGTON,1,0.0,2.0,0,0,3925,,,N SUGAR LN,,,,,39.211952,-86.576192,LOCAL/CITY ROAD,Y,,N,N,N,,DAYLIGHT,RAIN,WET,,NO JUNCTION INVOLVED,NON-ROADWAY CRASH,OTHER - EXPLAIN IN NARRATIVE,RAN OFF ROAD RIGHT,RAN OFF ROAD,NSUGARLN,NONE,2021-11-14 13:35:00
410,MONROE SD,BLOOMINGTON,1,0.0,0.0,0,0,3900,,,N SUGAR LN,,,,,,,COUNTY ROAD,N,URBAN,N,N,N,,DAYLIGHT,CLOUDY,WET,,NO JUNCTION INVOLVED,STRAIGHT/LEVEL,OTHER - EXPLAIN IN NARRATIVE,OTHER (DRIVER) - EXPLAIN IN NARRATIVE,OTHER - EXPLAIN IN NARRATIVE,SUGARLN,NONE,2021-11-14 13:35:00
411,BLOOMINGTON PD,BLOOMINGTON,1,0.0,1.0,0,0,,,,E 3RD ST,S COLLEGE MALL RD,,,,39.16424,-86.4984,LOCAL/CITY ROAD,Y,URBAN,N,N,N,,DAYLIGHT,CLEAR,DRY,,FOUR-WAY INTERSECTION,STRAIGHT/LEVEL,ASPHALT,FAILURE TO YIELD RIGHT OF WAY,LEFT/RIGHT TURN,E3RDSTSCOLLEGEMALLRD,TRAFFIC CONTROL SIGNAL,2021-11-14 15:00:00
412,MONROE SD,BLOOMINGTON,2,0.0,0.0,0,0,,,,E BOLTINGHOUSE RD,,,850.0,W,39.230298,-86.47331049,COUNTY ROAD,N,RURAL,N,N,N,,DAYLIGHT,CLOUDY,DRY,,NO JUNCTION INVOLVED,CURVE/LEVEL,ASPHALT,FAILURE TO YIELD RIGHT OF WAY,OPPOSITE DIRECTION SIDESWIPE,BOLTINGHOUSERDEARLYOUNGRD,NONE,2021-11-14 15:23:00
413,MONROE SD,BLOOMINGTON,1,0.0,0.0,0,1,,,,N SR 37 BUSINESS,W BAYLES RD,,200.0,S,,,LOCAL/CITY ROAD,N,URBAN,N,N,N,,DAWN/DUSK,RAIN,WET,,FOUR-WAY INTERSECTION,STRAIGHT/LEVEL,ASPHALT,ANIMAL/OBJECT IN ROADWAY,COLLISION WITH DEER,NSTATEROAD37BUSINESSRDWBAYLESRD,NONE,2021-11-13 07:55:00
414,BLOOMINGTON PD,BLOOMINGTON,2,,0.0,0,0,,,,KINGSTON DR S,ENTRANCE TO TARGET (N),,250.0,,,,,,URBAN,N,N,N,,DAYLIGHT,CLOUDY,DRY,,FOUR-WAY INTERSECTION,,ASPHALT,FAILURE TO YIELD RIGHT OF WAY,RIGHT ANGLE,S.KINGSTONDRE.3RDST,,2021-11-13 10:15:00
415,ELLETTSVILLE PD,ELLETTSVILLE,2,0.0,0.0,0,0,309,,,SR 46,S PARK ST,,,,39.22994707,-86.61919656,UNKNOWN,Y,,N,N,N,,DAYLIGHT,CLOUDY,DRY,,NO JUNCTION INVOLVED,STRAIGHT/LEVEL,ASPHALT,OTHER (DRIVER) - EXPLAIN IN NARRATIVE,SAME DIRECTION SIDESWIPE,ETEMPERANCEST,NONE,2021-11-13 10:27:00
416,INDIANA UNIV BLOOMINGTON PD,BLOOMINGTON,2,0.0,0.0,0,0,,,,N ROSE AVE,E 7TH ST,,,,,,LOCAL/CITY ROAD,N,URBAN,N,N,N,,DAYLIGHT,CLOUDY,DRY,,T-INTERSECTION,STRAIGHT/LEVEL,ASPHALT,IMPROPER TURNING,LEFT TURN,E7THSTNROSEAVE,STOP SIGN,2021-11-13 12:40:00
417,INDIANA UNIV BLOOMINGTON PD,BLOOMINGTON,2,0.0,0.0,0,0,,,,S FACULTY AVE,E 3RD ST,,,,,,LOCAL/CITY ROAD,N,URBAN,N,N,N,,DARK (LIGHTED),CLEAR,DRY,,NO JUNCTION INVOLVED,STRAIGHT/LEVEL,ASPHALT,UNSAFE LANE MOVEMENT,SAME DIRECTION SIDESWIPE,FACULTYAVETHIRDST,NONE,2021-11-13 21:05:00
418,INDIANA UNIV BLOOMINGTON PD,BLOOMINGTON,2,0.0,0.0,0,0,1603,,,E JONES AVE,,,,,,,UNKNOWN,Y,URBAN,N,N,N,,DARK (LIGHTED),CLEAR,DRY,,NO JUNCTION INVOLVED,STRAIGHT/LEVEL,ASPHALT,UNSAFE BACKING,BACKING CRASH,THIRDST,NONE,2021-11-13 21:10:00
419,MONROE SD,BLOOMINGTON,1,0.0,0.0,0,1,,,,SR 46,E KENT RD,,,,39.152448,-86.400288,STATE ROAD,N,RURAL,N,Y,N,,DARK (NOT LIGHTED),CLEAR,DRY,,T-INTERSECTION,CURVE/LEVEL,ASPHALT,ANIMAL/OBJECT IN ROADWAY,COLLISION WITH ANIMAL OTHER,EKENTRDSR46E,LANE CONTROL,2021-11-12 04:41:00
420,ELLETTSVILLE PD,ELLETTSVILLE,1,0.0,0.0,0,1,,,,SR 46,,,400.0,W,39.21787635,-86.60014813,STATE ROAD,N,URBAN,N,N,N,,DARK (NOT LIGHTED),CLEAR,DRY,,NO JUNCTION INVOLVED,STRAIGHT/LEVEL,ASPHALT,ANIMAL/OBJECT IN ROADWAY,COLLISION WITH DEER,RIDGEWOODDRSR46W,LANE CONTROL,2021-11-12 05:48:00
421,ISP BLOOMINGTON 33,BLOOMINGTON,2,,0.0,0,0,,,,SR 46,,,898.0,,39.16568499,-86.49892277,STATE ROAD,,URBAN,N,N,N,,DARK (NOT LIGHTED),CLOUDY,WET,,NO JUNCTION INVOLVED,,ASPHALT,FOLLOWING TOO CLOSELY,REAR END,SR463rdSt,,2021-11-12 06:15:00
422,MONROE SD,BLOOMINGTON,2,0.0,0.0,0,0,,,,S LIBERTY DR,W CONSTITUTION AVE,,200.0,N,39.149552,-86.575936,COUNTY ROAD,N,RURAL,N,N,N,,DAYLIGHT,BLOWING SAND/SOIL/SNOW,DRY,,NO JUNCTION INVOLVED,CURVE/GRADE,ASPHALT,FOLLOWING TOO CLOSELY,REAR END,CONSTITUTIONWAYSOUTHLIBERTYDR,NONE,2021-11-12 08:12:00
423,BLOOMINGTON PD,BLOOMINGTON,2,0.0,0.0,0,0,,,,S PATTERSON DR,W 2ND ST,,100.0,S,,,LOCAL/CITY ROAD,N,URBAN,N,N,N,,DAYLIGHT,CLEAR,DRY,,NO JUNCTION INVOLVED,STRAIGHT/LEVEL,ASPHALT,FOLLOWING TOO CLOSELY,REAR END,SPATTERSONDRW2NDST,NONE,2021-11-12 08:45:00
424,ISP BLOOMINGTON 33,BLOOMINGTON,2,,0.0,0,0,,,,W DILLMAN RD,SR 37,,0.0,,39.09297869,-86.54593653,LOCAL/CITY ROAD,,RURAL,N,N,N,,DAYLIGHT,CLEAR,DRY,,FOUR-WAY INTERSECTION,,ASPHALT,,LEFT/RIGHT TURN,WDillmanRdStateRd37,,2021-11-12 09:05:00
425,BLOOMINGTON PD,BLOOMINGTON,2,0.0,0.0,0,0,,,,S WALNUT ST,BLACK LUMBER TRAIL/SWITCHYARD PARK PEDESTRIAN CROSSING,,250.0,S,39.148928,-86.53312,LOCAL/CITY ROAD,N,URBAN,N,N,N,,DAYLIGHT,CLEAR,DRY,,NO JUNCTION INVOLVED,STRAIGHT/LEVEL,ASPHALT,UNSAFE LANE MOVEMENT,SAME DIRECTION SIDESWIPE,EVERMILYAAVESWALNUTST,OTHER,2021-11-12 10:36:00
426,BLOOMINGTON PD,BLOOMINGTON,2,0.0,0.0,0,0,,,,S WALNUT ST,W 3RD ST,,,,39.16464,-86.5336,LOCAL/CITY ROAD,N,URBAN,N,N,N,,DAYLIGHT,CLOUDY,DRY,,FOUR-WAY INTERSECTION,STRAIGHT/LEVEL,ASPHALT,UNSAFE LANE MOVEMENT,SAME DIRECTION SIDESWIPE,SWALNUTSTW3RDST,TRAFFIC CONTROL SIGNAL,2021-11-12 12:44:00
427,MONROE SD,BLOOMINGTON,2,0.0,1.0,0,0,,,,SR 45,N BRUMMETTS CREEK RD,,,,39.230544,-86.42,STATE ROAD,N,RURAL,N,N,N,,DAYLIGHT,CLOUDY,DRY,,NO JUNCTION INVOLVED,STRAIGHT/HILLCREST,ASPHALT,FAILURE TO YIELD RIGHT OF WAY,LEFT TURN,NBRUMMETTSCREEKRDSR45E,LANE CONTROL,2021-11-12 15:03:00
428,BLOOMINGTON PD,BLOOMINGTON,2,0.0,0.0,0,0,,,,SR 46,E EASTGATE LN (N),,1000.0,S,39.17024,-86.501392,STATE ROAD,N,URBAN,N,N,N,,DAYLIGHT,CLOUDY,DRY,,NO JUNCTION INVOLVED,STRAIGHT/LEVEL,ASPHALT,FOLLOWING TOO CLOSELY,REAR END,EASTGATELNSR45N,LANE CONTROL,2021-11-12 15:12:00
429,BLOOMINGTON PD,BLOOMINGTON,2,,0.0,0,0,1710,,,N KINSER PIKE,ENTRANCE TO HOLLIDAY INN,,0.0,,,,LOCAL/CITY ROAD,,URBAN,N,N,N,,DAYLIGHT,CLOUDY,DRY,,T-INTERSECTION,,ASPHALT,FAILURE TO YIELD RIGHT OF WAY,LEFT TURN,NKinserPike,,2021-11-12 15:37:00
430,MONROE SD,BLOOMINGTON,1,0.0,0.0,0,0,,,,SR 48,S CAVE RD,,,,39.163152,-86.629104,STATE ROAD,N,RURAL,N,N,N,,DAYLIGHT,CLOUDY,DRY,,T-INTERSECTION,CURVE/GRADE,ASPHALT,ANIMAL/OBJECT IN ROADWAY,COLLISION WITH OBJECT IN ROAD,CAVERDSR48W,NONE,2021-11-12 15:59:00
431,ISP BLOOMINGTON 33,BLOOMINGTON,2,,0.0,0,0,,,,SR 45,E MARTIN DR,,422.0,,39.20404279,-86.46347337,STATE ROAD,,RURAL,N,N,N,,DAYLIGHT,RAIN,WET,,NO JUNCTION INVOLVED,,ASPHALT,,OPPOSITE DIRECTION SIDESWIPE,StateRd45NMartinDr,,2021-11-12 16:46:00
432,BLOOMINGTON PD,BLOOMINGTON,3,,0.0,0,0,,,,N KINSER PIKE,SR 45/46,,0.0,,,,LOCAL/CITY ROAD,,URBAN,N,N,N,,DAYLIGHT,CLOUDY,WET,,FOUR-WAY INTERSECTION,,ASPHALT,FOLLOWING TOO CLOSELY,REAR END,WSR45/46BypassNKInserPike,,2021-11-12 16:51:00
433,MONROE SD,BLOOMINGTON,1,0.0,0.0,0,1,,,,SR 37,,,500.0,N,39.09434418,-86.54580002,STATE ROAD,N,RURAL,N,N,Y,WORK ON SHOULDER,DARK (NOT LIGHTED),CLOUDY,DRY,,NO JUNCTION INVOLVED,STRAIGHT/GRADE,ASPHALT,ANIMAL/OBJECT IN ROADWAY,COLLISION WITH DEER,DILLMANRDSR37S,NONE,2021-11-12 17:39:00
434,MONROE SD,BLOOMINGTON,1,0.0,0.0,0,1,,,,SR 37,,,1000.0,S,39.01733966,-86.53666059,STATE ROAD,N,RURAL,N,N,N,,DARK (NOT LIGHTED),CLOUDY,DRY,,NO JUNCTION INVOLVED,STRAIGHT/GRADE,ASPHALT,ANIMAL/OBJECT IN ROADWAY,COLLISION WITH DEER,MONROEDAMRDSR37S,NONE,2021-11-12 18:00:00
435,BLOOMINGTON PD,BLOOMINGTON,2,,0.0,0,0,,,,S COLLEGE MALL RD,E MOORES PIKE,,0.0,,,,LOCAL/CITY ROAD,,URBAN,N,N,N,,DARK (LIGHTED),CLEAR,DRY,,FOUR-WAY INTERSECTION,,ASPHALT,FOLLOWING TOO CLOSELY,REAR END,SCollegeMallRdEMooresPike,,2021-11-12 19:16:00
436,BLOOMINGTON PD,BLOOMINGTON,2,,0.0,0,0,,,,S FESS AVE,E ATWATER AVE,,0.0,,,,LOCAL/CITY ROAD,,URBAN,N,N,N,,DARK (LIGHTED),CLOUDY,DRY,,NO JUNCTION INVOLVED,,ASPHALT,FAILURE TO YIELD RIGHT OF WAY,BACKING CRASH,SouthFessAvenueAtwaterAvenue,,2021-11-12 19:33:00
437,ISP BLOOMINGTON 33,BLOOMINGTON,1,,0.0,0,1,,,,I-69,,,0.0,,39.07432587,-86.6446895,INTERSTATE,,RURAL,N,Y,N,,DARK (NOT LIGHTED),CLEAR,DRY,,NO JUNCTION INVOLVED,,CONCRETE,ANIMAL/OBJECT IN ROADWAY,COLLISION WITH DEER,108.1MMI69,,2021-11-12 19:45:00
438,BLOOMINGTON PD,BLOOMINGTON,2,0.0,0.0,0,0,,,,W 3RD ST,S COLLEGE AVE,,,,39.16464,-86.534816,LOCAL/CITY ROAD,N,URBAN,N,N,N,,DARK (LIGHTED),CLEAR,DRY,,FOUR-WAY INTERSECTION,STRAIGHT/LEVEL,CONCRETE,FAILURE TO YIELD RIGHT OF WAY,LEFT TURN,SOUTHCOLLEGEAVEWEST3RDST,TRAFFIC CONTROL SIGNAL,2021-11-12 21:05:00
439,MONROE SD,BLOOMINGTON,1,0.0,0.0,0,1,,,,N UNION VALLEY RD,,,500.0,N,,,COUNTY ROAD,N,RURAL,N,N,N,,DARK (NOT LIGHTED),CLOUDY,DRY,,NO JUNCTION INVOLVED,STRAIGHT/GRADE,ASPHALT,ANIMAL/OBJECT IN ROADWAY,COLLISION WITH DEER,MCNEELYSTUNIONVALLEYRD,NONE,2021-11-12 22:30:00
440,MONROE SD,BLOOMINGTON,1,0.0,0.0,0,0,,,,S ROCKPORT RD,,,200.0,N,,,COUNTY ROAD,N,RURAL,N,N,N,,DARK (NOT LIGHTED),CLEAR,DRY,,NO JUNCTION INVOLVED,CURVE/GRADE,ASPHALT,RAN OFF ROAD RIGHT,RAN OFF ROAD,HENNESSEYSTROCKPORTRD,NONE,2021-11-11 00:36:00
441,INDIANA UNIV BLOOMINGTON PD,BLOOMINGTON,2,0.0,0.0,0,0,,,,SR 45/46,E 17TH ST,,,,0.0,0.0,LOCAL/CITY ROAD,N,URBAN,N,N,N,,DAYLIGHT,RAIN,WET,,T-INTERSECTION,STRAIGHT/LEVEL,ASPHALT,FOLLOWING TOO CLOSELY,REAR END,EAST17THSTSR46,LANE CONTROL,2021-11-11 10:07:00
442,BLOOMINGTON PD,BLOOMINGTON,1,0.0,0.0,0,0,,,,I-69 N,W TAPP RD,,100.0,S,0.0,0.0,INTERSTATE,N,URBAN,N,N,N,,DAYLIGHT,RAIN,WET,,NO JUNCTION INVOLVED,STRAIGHT/LEVEL,ASPHALT,RAN OFF ROAD RIGHT,RAN OFF ROAD,I69N116,NONE,2021-11-11 11:40:00
443,BLOOMINGTON PD,BLOOMINGTON,2,0.0,0.0,0,0,,,,SR 45/46,N DUNN ST,,,,39.186352,-86.528496,STATE ROAD,N,URBAN,N,N,N,,DAYLIGHT,RAIN,WET,,FOUR-WAY INTERSECTION,STRAIGHT/LEVEL,ASPHALT,FAILURE TO YIELD RIGHT OF WAY,RIGHT ANGLE,NDUNNSTSR45E,NONE,2021-11-11 14:07:00
444,MONROE SD,BLOOMINGTON,1,0.0,1.0,0,0,617,,,S CORY LN,,,2500.0,S,39.164544,-86.560096,LOCAL/CITY ROAD,N,RURAL,N,N,N,,DAYLIGHT,CLEAR,DRY,,NO JUNCTION INVOLVED,CURVE/LEVEL,ASPHALT,RAN OFF ROAD RIGHT,RAN OFF ROAD,SCORYLNW3RDST,LANE CONTROL,2021-11-11 16:36:00
445,BLOOMINGTON PD,BLOOMINGTON,2,0.0,0.0,0,0,,,,W 3RD ST,S CORY LN,,,,39.164544,-86.560096,LOCAL/CITY ROAD,N,URBAN,N,N,N,,DARK (LIGHTED),CLEAR,DRY,,FOUR-WAY INTERSECTION,STRAIGHT/LEVEL,ASPHALT,FOLLOWING TOO CLOSELY,REAR END,SCORYLNW3RDST,TRAFFIC CONTROL SIGNAL,2021-11-11 18:43:00
446,MONROE SD,BLOOMINGTON,1,0.0,0.0,0,1,,,,I-69 S,,,100.0,S,0.0,0.0,INTERSTATE,N,RURAL,N,N,N,,DARK (NOT LIGHTED),CLEAR,DRY,,NO JUNCTION INVOLVED,CURVE/GRADE,ASPHALT,ANIMAL/OBJECT IN ROADWAY,COLLISION WITH DEER,I69S129.5,LANE CONTROL,2021-11-10 03:55:00
447,ISP BLOOMINGTON 33,BLOOMINGTON,1,,0.0,0,1,,,,I-69,,,0.0,,39.07332881,-86.63697103,INTERSTATE,,RURAL,N,N,N,,DARK (NOT LIGHTED),CLEAR,DRY,,NO JUNCTION INVOLVED,,ASPHALT,ANIMAL/OBJECT IN ROADWAY,COLLISION WITH DEER,108MMI69108,,2021-11-10 06:15:00
448,ELLETTSVILLE PD,ELLETTSVILLE,2,0.0,1.0,0,0,,,,N TABOR HILL RD,N BROADWAY AVE,,200.0,E,0.0,0.0,COUNTY ROAD,N,RURAL,N,N,N,,DAYLIGHT,CLEAR,DRY,,NO JUNCTION INVOLVED,CURVE/GRADE,ASPHALT,RAN OFF ROAD RIGHT,OPPOSITE DIRECTION SIDESWIPE,EASTONSTNTABORHILLRD,NONE,2021-11-10 08:15:00
449,BLOOMINGTON PD,BLOOMINGTON,2,0.0,0.0,0,0,,,,E 3RD ST,S OVERHILL DR,,,,39.164272,-86.501488,LOCAL/CITY ROAD,N,URBAN,N,N,N,,DAYLIGHT,CLEAR,DRY,,T-INTERSECTION,STRAIGHT/LEVEL,ASPHALT,FAILURE TO YIELD RIGHT OF WAY,RIGHT ANGLE,E3RDSTSOVERHILLDR,LANE CONTROL,2021-11-10 09:15:00
450,MONROE SD,BLOOMINGTON,2,0.0,0.0,0,0,407,,,S WESTERN DR,W BELLE AVE,,,,39.16504,-86.586528,LOCAL/CITY ROAD,N,URBAN,N,N,N,,DAYLIGHT,CLEAR,DRY,,NO JUNCTION INVOLVED,STRAIGHT/LEVEL,ASPHALT,RAN OFF ROAD RIGHT,RIGHT ANGLE,SWESTERNDR,NONE,2021-11-10 11:22:00