_id,Agency,City,Vehicles Involved,Trailers Involved,Number Injured,Number Dead,Number Deer,House Number,Roadway Interchange,Roadway Ramp,Roadway Id,Intersecting Road,Interchange,Feet From,Direction,Latitude,Longitude,Roadway Class,Hit and Run?,Locality,School Zone?,Rumble Strips?,Construction?,Construction Type,Light Condition,Weather Conditions,Surface Condition,Type of Median,Roadway Junction Type,Road Character,Roadway Surface,Primary Factor,Manner of Collision,Unique Location Id,Traffic Control,DateTime
451,ELLETTSVILLE PD,ELLETTSVILLE,2,0.0,0.0,0,0,,,,SR 46,N MATTHEWS DR (N),,,,39.234768,-86.626384,STATE ROAD,N,URBAN,N,N,N,,DAYLIGHT,CLEAR,DRY,,NO JUNCTION INVOLVED,STRAIGHT/GRADE,ASPHALT,FAILURE TO YIELD RIGHT OF WAY,OTHER - EXPLAIN IN NARRATIVE,MATTHEWSDRSR46W,TRAFFIC CONTROL SIGNAL,2021-11-10 11:30:00
452,BLOOMINGTON PD,BLOOMINGTON,3,0.0,0.0,0,0,,,,S ROGERS ST,W WILSON ST,,200.0,S,39.13264795,-86.538749,LOCAL/CITY ROAD,N,URBAN,N,N,N,,DAYLIGHT,CLEAR,DRY,,FOUR-WAY INTERSECTION,STRAIGHT/LEVEL,ASPHALT,DRIVER ILLNESS,REAR END,SROGERSSTWPATTERSONDR,NONE,2021-11-10 13:32:00
453,INDIANA UNIV BLOOMINGTON PD,BLOOMINGTON,2,0.0,0.0,0,0,,,,SR 45/46,SR 45,,,,0.0,0.0,STATE ROAD,N,URBAN,N,N,N,,DAYLIGHT,CLOUDY,DRY,,FOUR-WAY INTERSECTION,STRAIGHT/LEVEL,ASPHALT,DRIVER DISTRACTED - EXPLAIN IN NARRATIVE,REAR END,SR46UNIONVILLERD,TRAFFIC CONTROL SIGNAL,2021-11-10 15:13:00
454,ELLETTSVILLE PD,ELLETTSVILLE,3,0.0,0.0,0,0,,,,N THOMAS RD,,,1000.0,N,39.19178649,-86.63012246,COUNTY ROAD,N,RURAL,N,N,N,,DAYLIGHT,CLEAR,DRY,,NO JUNCTION INVOLVED,STRAIGHT/HILLCREST,ASPHALT,UNSAFE BACKING,BACKING CRASH,THOMASRDVERNALPIKE,NONE,2021-11-10 16:12:00
455,INDIANA UNIV BLOOMINGTON PD,BLOOMINGTON,2,0.0,0.0,0,0,,,,N CAMPBELL ST,E 7TH ST,,,,39.168698,-86.513886,LOCAL/CITY ROAD,N,URBAN,N,N,N,,DAYLIGHT,CLEAR,DRY,,NO JUNCTION INVOLVED,STRAIGHT/LEVEL,ASPHALT,UNSAFE BACKING,BACKING CRASH,E7THSTNCAMPBELLST,NONE,2021-11-10 17:12:00
456,MONROE SD,BLOOMINGTON,1,0.0,0.0,0,0,4111,,,GARDEN HILL MOBILE HOME PARK,,,,,39.179248,-86.58292,UNKNOWN,N,URBAN,N,N,N,,DAYLIGHT,CLEAR,DRY,,NO JUNCTION INVOLVED,NON-ROADWAY CRASH,ASPHALT,BRAKE FAILURE OR DEFECTIVE,RAN OFF ROAD,WVERNALPIKE,NONE,2021-11-10 17:25:00
457,BLOOMINGTON PD,BLOOMINGTON,2,0.0,0.0,0,0,,,,S AUTO MALL RD,E COVENANTER DR,,,,39.15503,-86.496088,LOCAL/CITY ROAD,N,URBAN,N,N,N,,DARK (LIGHTED),CLEAR,DRY,,FOUR-WAY INTERSECTION,STRAIGHT/LEVEL,ASPHALT,FAILURE TO YIELD RIGHT OF WAY,RIGHT ANGLE,ECOVENANTERDRSAUTOMALLRD,STOP SIGN,2021-11-10 17:57:00
458,BLOOMINGTON PD,BLOOMINGTON,2,0.0,0.0,0,0,,,,S WALNUT ST,W DODDS ST,,,,39.157407,-86.53438,LOCAL/CITY ROAD,Y,URBAN,N,N,N,,DAYLIGHT,CLEAR,DRY,,FOUR-WAY INTERSECTION,STRAIGHT/LEVEL,ASPHALT,FAILURE TO YIELD RIGHT OF WAY,RIGHT ANGLE,DODDSSTSWALNUTST,STOP SIGN,2021-11-09 08:25:00
459,BLOOMINGTON PD,BLOOMINGTON,2,1.0,0.0,0,0,,,,S STRONG DR,,,2500.0,S,38.89156073,-86.55293213,LOCAL/CITY ROAD,N,URBAN,N,N,N,,DAYLIGHT,CLEAR,DRY,,NO JUNCTION INVOLVED,STRAIGHT/GRADE,ASPHALT,IMPROPER TURNING,LEFT TURN,STRONGDRWALLENST,LANE CONTROL,2021-11-09 12:07:00
460,INDIANA UNIV BLOOMINGTON PD,BLOOMINGTON,2,0.0,0.0,0,0,,,,SR 45/46,E DISCOVERY PKWY,,,,39.1733022,-86.4955237,STATE ROAD,Y,URBAN,N,N,N,,DAYLIGHT,CLEAR,DRY,,T-INTERSECTION,STRAIGHT/LEVEL,ASPHALT,FOLLOWING TOO CLOSELY,REAR END,EDISCOVERYPKWYSR4546N,TRAFFIC CONTROL SIGNAL,2021-11-09 12:10:00
461,BLOOMINGTON PD,BLOOMINGTON,2,0.0,0.0,0,0,,,,E 17TH ST,N WASHINGTON ST,,,,39.17904,-86.532096,LOCAL/CITY ROAD,N,URBAN,N,N,N,,DAYLIGHT,CLOUDY,DRY,,T-INTERSECTION,STRAIGHT/GRADE,ASPHALT,FAILURE TO YIELD RIGHT OF WAY,RIGHT ANGLE,E17THSTNWASHINGTONST,LANE CONTROL,2021-11-09 12:47:00
462,BLOOMINGTON PD,BLOOMINGTON,2,0.0,0.0,0,0,,,,N COLLEGE AVE,W 6TH ST,,,,39.167648,-86.534784,LOCAL/CITY ROAD,N,URBAN,N,N,N,,DAYLIGHT,CLOUDY,DRY,,FOUR-WAY INTERSECTION,STRAIGHT/LEVEL,ASPHALT,IMPROPER TURNING,SAME DIRECTION SIDESWIPE,NCOLLEGEAVEW6THST,TRAFFIC CONTROL SIGNAL,2021-11-09 15:28:00
463,ELLETTSVILLE PD,ELLETTSVILLE,2,0.0,0.0,0,0,,,,SR 46,N UNION VALLEY RD,,,,39.2153592,-86.5930113,STATE ROAD,N,URBAN,N,N,N,,DAYLIGHT,CLEAR,DRY,,FOUR-WAY INTERSECTION,STRAIGHT/LEVEL,ASPHALT,UNSAFE LANE MOVEMENT,SAME DIRECTION SIDESWIPE,SR46WUNIONVALLEYRD,TRAFFIC CONTROL SIGNAL,2021-11-09 16:23:00
464,MONROE SD,BLOOMINGTON,2,0.0,0.0,0,0,,,,S FAIRFAX RD,S WALNUT ST,,,,,,COUNTY ROAD,N,RURAL,N,N,N,,DAYLIGHT,CLEAR,DRY,,NO JUNCTION INVOLVED,STRAIGHT/LEVEL,ASPHALT,OTHER (DRIVER) - EXPLAIN IN NARRATIVE,OTHER - EXPLAIN IN NARRATIVE,FAIRFAXRDWALNUTSTPIKE,NONE,2021-11-09 17:20:00
465,BLOOMINGTON PD,BLOOMINGTON,2,0.0,0.0,0,0,,,,W 3RD ST (N),S PATTERSON DR,,,,39.16342,-86.551249,LOCAL/CITY ROAD,N,URBAN,N,N,N,,DARK (LIGHTED),CLOUDY,DRY,,T-INTERSECTION,STRAIGHT/GRADE,ASPHALT,FOLLOWING TOO CLOSELY,REAR END,SOUTHPATTERSONDRWEST3RDST,LANE CONTROL,2021-11-09 18:23:00
466,BLOOMINGTON PD,BLOOMINGTON,2,0.0,1.0,0,0,,,,W 3RD ST,S MULLER PKWY,,,,39.164469,-86.562709,LOCAL/CITY ROAD,N,URBAN,N,N,N,,DARK (LIGHTED),CLOUDY,DRY,,T-INTERSECTION,STRAIGHT/GRADE,ASPHALT,FOLLOWING TOO CLOSELY,REAR END,SOUTHMUELLERPKWYWEST3RDST,LANE CONTROL,2021-11-09 18:47:00
467,BLOOMINGTON PD,BLOOMINGTON,2,0.0,0.0,0,0,,,,W 11TH ST,N MORTON ST,,,,39.173216,-86.536,LOCAL/CITY ROAD,N,URBAN,N,N,N,,DARK (NOT LIGHTED),CLEAR,DRY,,FOUR-WAY INTERSECTION,STRAIGHT/GRADE,ASPHALT,FAILURE TO YIELD RIGHT OF WAY,LEFT TURN,NMORTONSTW11THST,LANE CONTROL,2021-11-09 19:12:00
468,MONROE SD,ELLETTSVILLE,2,0.0,0.0,0,0,5717,,,W DELAP RD,,,,,39.25208251,-86.6073394,LOCAL/CITY ROAD,N,RURAL,N,N,N,,DARK (NOT LIGHTED),CLEAR,DRY,,NO JUNCTION INVOLVED,STRAIGHT/GRADE,GRAVEL,OTHER (DRIVER) - EXPLAIN IN NARRATIVE,REAR END,WDELAPRD,NONE,2021-11-09 19:53:00
469,INDIANA UNIV BLOOMINGTON PD,BLOOMINGTON,2,0.0,0.0,0,0,,,,N FEE LN,E 13TH ST,,,,38.864547,-86.4842555,LOCAL/CITY ROAD,N,URBAN,N,N,N,,DARK (LIGHTED),CLEAR,DRY,,T-INTERSECTION,STRAIGHT/LEVEL,ASPHALT,FAILURE TO YIELD RIGHT OF WAY,RIGHT ANGLE,FEELNTHIRTEENTHST,STOP SIGN,2021-11-09 20:20:00
470,INDIANA UNIV BLOOMINGTON PD,BLOOMINGTON,1,0.0,1.0,0,1,,,,SR 45/46,N HEADLEY RD,,,,0.0,0.0,STATE ROAD,N,URBAN,N,N,N,,DARK (NOT LIGHTED),CLEAR,DRY,,NO JUNCTION INVOLVED,CURVE/LEVEL,ASPHALT,ANIMAL/OBJECT IN ROADWAY,COLLISION WITH DEER,EBALFOURSTSR46,NONE,2021-11-09 20:50:00
471,MONROE SD,BLOOMINGTON,1,0.0,1.0,0,1,,,,SR 37,,,3780.0,N,39.08094157,-86.53835971,STATE ROAD,N,RURAL,N,N,N,,DAWN/DUSK,CLEAR,DRY,,NO JUNCTION INVOLVED,STRAIGHT/LEVEL,ASPHALT,ANIMAL/OBJECT IN ROADWAY,COLLISION WITH DEER,SMITHVILLERDSR37S,NONE,2021-11-08 06:52:00
472,BLOOMINGTON PD,BLOOMINGTON,2,0.0,0.0,0,0,,,,SR 45/46,N KINSER PIKE,,,,39.186544,-86.537888,LOCAL/CITY ROAD,N,URBAN,N,N,N,,DARK (LIGHTED),CLEAR,DRY,,FOUR-WAY INTERSECTION,STRAIGHT/GRADE,ASPHALT,UNSAFE SPEED,REAR END,NKINSERPIKENSR4546HWY,TRAFFIC CONTROL SIGNAL,2021-11-08 07:00:00
473,MONROE SD,BLOOMINGTON,1,0.0,0.0,0,0,,,,N MAPLE GROVE RD,W LOST MANS LN,,750.0,S,39.14348261,-86.569675,LOCAL/CITY ROAD,N,RURAL,N,N,N,,DAWN/DUSK,CLEAR,DRY,,NO JUNCTION INVOLVED,CURVE/GRADE,ASPHALT,RAN OFF ROAD RIGHT,RAN OFF ROAD,LOSTMANSLNNMAPLEGROVERD,NONE,2021-11-08 07:43:00
474,INDIANA UNIV BLOOMINGTON PD,BLOOMINGTON,2,0.0,0.0,0,0,,,,N PARK AVE,E 10TH ST,,,,39.171639,-86.524657,LOCAL/CITY ROAD,N,URBAN,N,N,N,,DAYLIGHT,CLEAR,DRY,,NO JUNCTION INVOLVED,STRAIGHT/GRADE,OTHER - EXPLAIN IN NARRATIVE,FAILURE TO YIELD RIGHT OF WAY,RIGHT ANGLE,PARKAVETENTHST,LANE CONTROL,2021-11-08 09:15:00
475,BLOOMINGTON PD,BLOOMINGTON,1,0.0,0.0,0,0,,,,S OLCOTT BLVD,E REED CT,,,,39.147107,-86.484995,LOCAL/CITY ROAD,N,URBAN,N,N,N,,DAYLIGHT,CLEAR,DRY,,T-INTERSECTION,STRAIGHT/LEVEL,ASPHALT,RAN OFF ROAD RIGHT,RAN OFF ROAD,EREEDCTSOLCOTTBLVD,LANE CONTROL,2021-11-08 14:33:00
476,INDIANA UNIV BLOOMINGTON PD,BLOOMINGTON,2,0.0,0.0,0,0,,,,E 3RD ST,S BALLANTINE RD,,,,,,LOCAL/CITY ROAD,N,URBAN,N,N,N,,DAYLIGHT,CLOUDY,DRY,,NO JUNCTION INVOLVED,STRAIGHT/LEVEL,ASPHALT,IMPROPER TURNING,LEFT TURN,3RDSTBALLANTINERD,LANE CONTROL,2021-11-08 16:15:00
477,BLOOMINGTON PD,BLOOMINGTON,2,0.0,0.0,0,0,,,,S COLLEGE AVE,W 2ND ST,,150.0,S,39.16144,-86.534848,LOCAL/CITY ROAD,N,URBAN,N,N,N,,DARK (LIGHTED),CLEAR,DRY,,NO JUNCTION INVOLVED,STRAIGHT/GRADE,ASPHALT,FAILURE TO YIELD RIGHT OF WAY,SAME DIRECTION SIDESWIPE,SOUTHCOLLEGEAVEWEST2NDST,LANE CONTROL,2021-11-08 17:57:00
478,DNR LAW ENFORCEMENT,BLOOMINGTON,2,,1.0,0,0,,,,N DENNY RD,N BOTTOM RD,,0.0,,39.2824554,-86.555311,COUNTY ROAD,,RURAL,N,N,N,,DARK (NOT LIGHTED),CLEAR,DRY,,T-INTERSECTION,,ASPHALT,HEADLIGHT DEFECTIVE OR NOT ON,HEAD ON BETWEEN TWO MOTOR VEHICLES,NDennyRdNBottomRd,,2021-11-08 18:20:00
479,INDIANA UNIV BLOOMINGTON PD,BLOOMINGTON,2,0.0,0.0,0,0,,,,S HENDERSON ST,E ATWATER AVE,,,,39.163149,-86.5272662,LOCAL/CITY ROAD,N,URBAN,N,N,N,,DARK (LIGHTED),CLEAR,DRY,,FOUR-WAY INTERSECTION,STRAIGHT/LEVEL,ASPHALT,DISREGARD SIGNAL/REG SIGN,RIGHT ANGLE,ATWATERAVEHENDERSONST,TRAFFIC CONTROL SIGNAL,2021-11-08 19:47:00
480,BLOOMINGTON PD,BLOOMINGTON,2,,0.0,0,0,702,,,W 11TH ST,N FAIRVIEW ST,,0.0,,39.173638,-86.541242,LOCAL/CITY ROAD,,URBAN,N,N,N,,DARK (LIGHTED),CLEAR,DRY,,INTERCHANGE,,ASPHALT,UNSAFE SPEED,SAME DIRECTION SIDESWIPE,N.FairviewStreet702W.11thst,,2021-11-07 06:17:00
481,BLOOMINGTON PD,BLOOMINGTON,2,0.0,0.0,0,0,,,,N HAROLD ST,E 10TH ST,,50.0,S,0.0,0.0,LOCAL/CITY ROAD,Y,URBAN,N,N,N,,DAYLIGHT,CLEAR,DRY,,NO JUNCTION INVOLVED,STRAIGHT/LEVEL,ASPHALT,UNSAFE BACKING,BACKING CRASH,10THSTHAROLDST,NONE,2021-11-07 12:15:00
482,MONROE SD,BLOOMINGTON,2,0.0,0.0,0,0,,,,S LEONARD SPRINGS RD,SR 45,,300.0,S,39.142048,-86.582592,COUNTY ROAD,N,URBAN,N,N,N,,DAYLIGHT,CLEAR,DRY,,T-INTERSECTION,STRAIGHT/GRADE,ASPHALT,FAILURE TO YIELD RIGHT OF WAY,LEFT TURN,SOUTHLEONARDSPRINGSRDSR45W,NONE,2021-11-07 13:43:00
483,BLOOMINGTON PD,BLOOMINGTON,2,0.0,0.0,0,0,,,,S ROGERS ST,S ROCKPORT RD,,,,39.146448,-86.5388,LOCAL/CITY ROAD,N,URBAN,N,N,N,,DAYLIGHT,CLEAR,DRY,,FOUR-WAY INTERSECTION,STRAIGHT/GRADE,ASPHALT,CELL PHONE USAGE,REAR END,SROCKPORTRDSROGERSST,TRAFFIC CONTROL SIGNAL,2021-11-07 14:12:00
484,MONROE SD,BLOOMINGTON,2,0.0,0.0,0,0,,,,W PROFILE PKWY,N CURRY PIKE,,,,,,COUNTY ROAD,N,URBAN,N,N,N,,DAYLIGHT,CLEAR,DRY,,NO JUNCTION INVOLVED,STRAIGHT/LEVEL,ASPHALT,UNSAFE LANE MOVEMENT,SAME DIRECTION SIDESWIPE,CURRYPIKEPROFILEPKWY,NONE,2021-11-07 14:41:00
485,BLOOMINGTON PD,BLOOMINGTON,3,0.0,0.0,0,0,,,,W 3RD ST (N),S PATTERSON DR,,,,39.16342,-86.551249,LOCAL/CITY ROAD,N,URBAN,N,N,N,,DAYLIGHT,CLEAR,DRY,,NO JUNCTION INVOLVED,STRAIGHT/HILLCREST,CONCRETE,DRIVER DISTRACTED - EXPLAIN IN NARRATIVE,REAR END,SPATTERSONDRW3RDST,NONE,2021-11-07 16:10:00
486,BLOOMINGTON PD,BLOOMINGTON,2,0.0,0.0,0,0,,,,W 4TH ST,S ROGERS ST,,250.0,W,39.16568,-86.537296,LOCAL/CITY ROAD,Y,URBAN,N,N,N,,DARK (NOT LIGHTED),CLEAR,DRY,,NO JUNCTION INVOLVED,STRAIGHT/LEVEL,ASPHALT,RAN OFF ROAD RIGHT,RAN OFF ROAD,SMADISONSTW4THST,NONE,2021-11-07 18:11:00
487,BLOOMINGTON PD,BLOOMINGTON,2,0.0,0.0,0,0,,,,E 2ND ST,S GRANT ST,,,,39.161348,-86.52987,LOCAL/CITY ROAD,Y,URBAN,N,N,N,,DARK (NOT LIGHTED),CLEAR,DRY,,FOUR-WAY INTERSECTION,STRAIGHT/GRADE,ASPHALT,UNSAFE SPEED,RIGHT ANGLE,E2NDSTSGRANTST,STOP SIGN,2021-11-06 00:24:00
488,MONROE SD,BLOOMINGTON,1,0.0,0.0,0,1,,,,W VERNAL PIKE,,,900.0,E,39.17919,-86.56813191,LOCAL/CITY ROAD,N,URBAN,N,N,N,,DAYLIGHT,CLEAR,DRY,,NO JUNCTION INVOLVED,STRAIGHT/GRADE,ASPHALT,ANIMAL/OBJECT IN ROADWAY,COLLISION WITH ANIMAL OTHER,NENTERPRISEDRWVERNALPIKE,LANE CONTROL,2021-11-06 08:36:00
489,MONROE SD,BLOOMINGTON,1,0.0,0.0,0,1,,,,S FAIRFAX RD,,,930.0,N,39.059984,-86.498432,LOCAL/CITY ROAD,N,RURAL,N,N,N,,DAYLIGHT,CLEAR,DRY,,NO JUNCTION INVOLVED,STRAIGHT/LEVEL,ASPHALT,ANIMAL/OBJECT IN ROADWAY,COLLISION WITH DEER,ECLEVEBUTCHERRDSFAIRFAXRD,NONE,2021-11-06 09:53:00
490,BLOOMINGTON PD,BLOOMINGTON,2,0.0,1.0,0,0,,,,N SMITH RD,E MCCRACKEN WAY,,,,39.167798,-86.4813344,LOCAL/CITY ROAD,N,URBAN,N,N,N,,DAYLIGHT,CLEAR,DRY,,T-INTERSECTION,STRAIGHT/GRADE,ASPHALT,FAILURE TO YIELD RIGHT OF WAY,RIGHT ANGLE,EMCCRACKENWAYNSMITHRD,NONE,2021-11-06 10:20:00
491,BLOOMINGTON PD,BLOOMINGTON,2,0.0,3.0,0,0,,,,S ROCKPORT RD,W PINEHURST DR,,,,39.1382878,-86.5467684,LOCAL/CITY ROAD,N,URBAN,N,N,N,,DAYLIGHT,CLEAR,DRY,,T-INTERSECTION,STRAIGHT/GRADE,ASPHALT,UNSAFE SPEED,LEFT TURN,SOUTHROCKPORTRDWESTPINEHURSTDR,STOP SIGN,2021-11-06 12:25:00
492,BLOOMINGTON PD,BLOOMINGTON,3,0.0,1.0,0,0,,,,S WALNUT ST PIKE,E HEATHER DR,,,,39.123978,-86.526696,LOCAL/CITY ROAD,N,URBAN,N,N,N,,DAYLIGHT,CLEAR,DRY,,FOUR-WAY INTERSECTION,STRAIGHT/GRADE,ASPHALT,FOLLOWING TOO CLOSELY,REAR END,EHEATHERDRSWALNUTSTPIKE,STOP SIGN,2021-11-06 12:51:00
493,BLOOMINGTON PD,BLOOMINGTON,2,0.0,0.0,0,0,,,,SR 46,E 7TH ST,,100.0,N,39.167648,-86.500096,LOCAL/CITY ROAD,N,URBAN,N,N,N,,DAYLIGHT,CLEAR,DRY,,NO JUNCTION INVOLVED,STRAIGHT/LEVEL,ASPHALT,FOLLOWING TOO CLOSELY,REAR END,E7THSTSR4546BYP,NONE,2021-11-06 14:01:00
494,BLOOMINGTON PD,BLOOMINGTON,2,0.0,0.0,0,0,,,,W COUNTRY CLUB DR,BLOOMINGTON RAIL TRAIL (ENTRANCE TO BLOOMINGTON RAIL TRAIL PARKING LOT),,500.0,E,0.0,0.0,LOCAL/CITY ROAD,N,URBAN,N,N,N,,DAYLIGHT,CLEAR,DRY,,NO JUNCTION INVOLVED,STRAIGHT/GRADE,ASPHALT,BRAKE FAILURE OR DEFECTIVE,REAR END,300BLKWCOUNTRYCLUBDRSMADISONST,NONE,2021-11-06 14:10:00
495,MONROE SD,BLOOMINGTON,1,0.0,0.0,0,0,708,,,S CORY LN,,,,,39.15799905,-86.55989112,UNKNOWN,N,RURAL,N,N,N,,DAYLIGHT,CLEAR,DRY,,NO JUNCTION INVOLVED,NON-ROADWAY CRASH,ASPHALT,OTHER (VEHICLE) - EXPLAIN IN NARRATIVE,OTHER - EXPLAIN IN NARRATIVE,SCORYLN,NONE,2021-11-06 18:20:00
496,BLOOMINGTON PD,BLOOMINGTON,2,0.0,0.0,0,0,,,,S WALNUT ST,W GRIMES LN,,,,39.153339,-86.533651,LOCAL/CITY ROAD,N,URBAN,N,N,N,,DAWN/DUSK,CLEAR,DRY,,FOUR-WAY INTERSECTION,STRAIGHT/LEVEL,ASPHALT,FOLLOWING TOO CLOSELY,REAR END,EGRIMESLNSWALNUTST,TRAFFIC CONTROL SIGNAL,2021-11-06 18:51:00
497,MONROE SD,BLOOMINGTON,1,0.0,0.0,0,1,,,,SR 46,,,1000.0,W,39.26884344,-86.66789,STATE ROAD,N,RURAL,N,N,N,,DARK (NOT LIGHTED),CLEAR,DRY,,NO JUNCTION INVOLVED,STRAIGHT/LEVEL,ASPHALT,ANIMAL/OBJECT IN ROADWAY,COLLISION WITH DEER,NSTINESVILLERDSR46W,NONE,2021-11-06 21:36:00
498,MONROE SD,BLOOMINGTON,1,0.0,0.0,0,1,,,,I-69 N,,,300.0,N,0.0,0.0,INTERSTATE,N,RURAL,N,Y,N,,DARK (NOT LIGHTED),CLEAR,DRY,,NO JUNCTION INVOLVED,STRAIGHT/LEVEL,ASPHALT,ANIMAL/OBJECT IN ROADWAY,COLLISION WITH DEER,I69N131,NONE,2021-11-06 21:40:00
499,MONROE SD,BLOOMINGTON,1,0.0,1.0,0,0,4420,,,S GARRISON CHAPEL RD,,,2500.0,N,39.38172655,-86.6419447,LOCAL/CITY ROAD,N,URBAN,N,N,N,,DARK (NOT LIGHTED),CLEAR,DRY,,NO JUNCTION INVOLVED,CURVE/GRADE,ASPHALT,RAN OFF ROAD RIGHT,RAN OFF ROAD,4420SGARRISONCHAPELRDWSTATEROAD45RD,NONE,2021-11-05 01:55:00
500,BLOOMINGTON PD,BLOOMINGTON,2,0.0,0.0,0,0,,,,SR 45/46,N MONROE ST,,,,0.0,0.0,LOCAL/CITY ROAD,N,URBAN,N,N,N,,DARK (LIGHTED),CLEAR,DRY,,T-INTERSECTION,STRAIGHT/LEVEL,ASPHALT,FOLLOWING TOO CLOSELY,REAR END,NMONROESTWSR4546BYP,STOP SIGN,2021-11-05 07:41:00
501,MONROE SD,BLOOMINGTON,1,0.0,0.0,0,1,,,,N SR 37 BUSINESS,,,2000.0,N,39.43645406,-86.53978,LOCAL/CITY ROAD,N,RURAL,N,N,N,,DAWN/DUSK,CLEAR,DRY,,NO JUNCTION INVOLVED,STRAIGHT/LEVEL,ASPHALT,ANIMAL/OBJECT IN ROADWAY,COLLISION WITH DEER,EWHISNANDRDNBUSINESS37RD,LANE CONTROL,2021-11-05 07:52:00
502,BLOOMINGTON PD,BLOOMINGTON,2,0.0,0.0,0,0,,,,W COUNTRY CLUB DR,,,1000.0,W,39.1361717,-86.54194713,LOCAL/CITY ROAD,N,URBAN,N,N,N,,DAYLIGHT,CLEAR,DRY,,NO JUNCTION INVOLVED,STRAIGHT/LEVEL,ASPHALT,FOLLOWING TOO CLOSELY,REAR END,800BLKWCOUNTRYCLUBDRSROGERSST,NONE,2021-11-05 09:08:00
503,BLOOMINGTON PD,BLOOMINGTON,2,0.0,0.0,0,0,,,,E RHORER RD,S WALNUT ST,,,,39.12144,-86.526496,LOCAL/CITY ROAD,N,URBAN,N,N,N,,DAYLIGHT,CLEAR,DRY,,FOUR-WAY INTERSECTION,STRAIGHT/GRADE,ASPHALT,UNSAFE BACKING,BACKING CRASH,ERHORERRDSWALNUTST,TRAFFIC CONTROL SIGNAL,2021-11-05 10:26:00
504,BLOOMINGTON PD,BLOOMINGTON,1,0.0,1.0,0,0,,,,S HIGHLAND AVE,ENTRANCE TO YMCA,,,,0.0,0.0,LOCAL/CITY ROAD,N,URBAN,N,N,N,,DAYLIGHT,CLEAR,DRY,,T-INTERSECTION,STRAIGHT/GRADE,ASPHALT,FAILURE TO YIELD RIGHT OF WAY,LEFT TURN,PRIVATEDRSHIGHLANDAVE,LANE CONTROL,2021-11-05 10:55:00
505,BLOOMINGTON PD,BLOOMINGTON,2,0.0,0.0,0,0,,,,S WALNUT ST,E DAVIS ST,,20.0,N,39.15633333,-86.533752,LOCAL/CITY ROAD,N,URBAN,N,N,N,,DAYLIGHT,CLEAR,DRY,,INTERCHANGE,STRAIGHT/LEVEL,ASPHALT,UNSAFE LANE MOVEMENT,SAME DIRECTION SIDESWIPE,EDAVISSTSWALNUTST,NONE,2021-11-05 11:23:00
506,BLOOMINGTON PD,BLOOMINGTON,2,0.0,0.0,0,0,301,,,E BRAESIDE DR,,,,,39.169448,-86.495896,UNKNOWN,N,URBAN,N,N,N,,DAYLIGHT,CLEAR,DRY,,NO JUNCTION INVOLVED,NON-ROADWAY CRASH,ASPHALT,UNSAFE BACKING,BACKING CRASH,NPETEELLISDR,NONE,2021-11-05 11:42:00
507,BLOOMINGTON PD,BLOOMINGTON,1,0.0,1.0,0,0,,,,N COLLEGE AVE,W 6TH ST,,,,39.167648,-86.534784,LOCAL/CITY ROAD,N,URBAN,N,N,N,,DAYLIGHT,CLEAR,DRY,,FOUR-WAY INTERSECTION,STRAIGHT/LEVEL,ASPHALT,PEDESTRIAN ACTION,OTHER - EXPLAIN IN NARRATIVE,NCOLLEGEAVEW6THST,TRAFFIC CONTROL SIGNAL,2021-11-05 16:10:00
508,MONROE SD,BLOOMINGTON,1,0.0,0.0,0,0,,,,S WALNUT ST PIKE,,,1500.0,N,39.26560424,-86.531496,COUNTY ROAD,N,URBAN,N,N,N,,DAYLIGHT,CLEAR,DRY,,NO JUNCTION INVOLVED,STRAIGHT/GRADE,ASPHALT,RAN OFF ROAD RIGHT,RAN OFF ROAD,FAIRFAXRDWALNUTSTREETPIKE,NONE,2021-11-05 16:16:00
509,ELLETTSVILLE PD,ELLETTSVILLE,2,0.0,0.0,0,0,,,,SR 46,,,1000.0,W,39.25235528,-86.65536348,STATE ROAD,N,RURAL,N,N,Y,INTERMITTENT OR MOVING WORK,DAYLIGHT,CLEAR,DRY,,NO JUNCTION INVOLVED,STRAIGHT/GRADE,ASPHALT,FAILURE TO YIELD RIGHT OF WAY,LEFT TURN,FLATWOODSRDSSR8400W,LANE CONTROL,2021-11-05 17:13:00
510,INDIANA UNIV BLOOMINGTON PD,BLOOMINGTON,1,0.0,1.0,0,0,,,,N UNION ST,E 10TH ST,,,,39.171564,-86.509445,LOCAL/CITY ROAD,N,URBAN,N,N,N,,DAWN/DUSK,CLEAR,DRY,,FOUR-WAY INTERSECTION,STRAIGHT/LEVEL,ASPHALT,FAILURE TO YIELD RIGHT OF WAY,LEFT TURN,TENTHSTUNIONST,TRAFFIC CONTROL SIGNAL,2021-11-05 17:15:00
511,INDIANA UNIV BLOOMINGTON PD,BLOOMINGTON,2,0.0,0.0,0,0,,,,SR 46,E 7TH ST,,,,39.1671018,-86.4997353,STATE ROAD,N,URBAN,N,Y,N,,DAYLIGHT,CLEAR,DRY,,NO JUNCTION INVOLVED,STRAIGHT/LEVEL,ASPHALT,UNSAFE LANE MOVEMENT,LEFT TURN,SEVENTHSTSR46,NONE,2021-11-05 17:35:00