_id,Agency,City,Vehicles Involved,Trailers Involved,Number Injured,Number Dead,Number Deer,House Number,Roadway Interchange,Roadway Ramp,Roadway Id,Intersecting Road,Interchange,Feet From,Direction,Latitude,Longitude,Roadway Class,Hit and Run?,Locality,School Zone?,Rumble Strips?,Construction?,Construction Type,Light Condition,Weather Conditions,Surface Condition,Type of Median,Roadway Junction Type,Road Character,Roadway Surface,Primary Factor,Manner of Collision,Unique Location Id,Traffic Control,DateTime
512,BLOOMINGTON PD,BLOOMINGTON,2,0.0,0.0,0,0,,,,N GATES DR,W RUNKLE WAY,,25.0,S,39.16370427,-86.575982,LOCAL/CITY ROAD,N,URBAN,N,N,N,,DAYLIGHT,CLEAR,DRY,,T-INTERSECTION,STRAIGHT/LEVEL,ASPHALT,FAILURE TO YIELD RIGHT OF WAY,RIGHT ANGLE,NGATESDRWRUNKLEWAY,STOP SIGN,2021-11-05 17:36:00
513,BLOOMINGTON PD,BLOOMINGTON,4,0.0,0.0,0,0,,,,S WALNUT ST,W GRIMES LN,,,,39.15344,-86.5336,LOCAL/CITY ROAD,N,URBAN,N,N,N,,DAWN/DUSK,CLEAR,DRY,,FOUR-WAY INTERSECTION,STRAIGHT/LEVEL,ASPHALT,FAILURE TO YIELD RIGHT OF WAY,HEAD ON BETWEEN TWO MOTOR VEHICLES,EASTGRIMESLNSOUTHWALNUTST,TRAFFIC CONTROL SIGNAL,2021-11-05 17:45:00
514,BLOOMINGTON PD,BLOOMINGTON,2,0.0,0.0,0,0,,,,W KIRKWOOD AVE,S COLLEGE AVE,,,,39.16664,-86.5348,LOCAL/CITY ROAD,N,URBAN,N,N,N,,DARK (LIGHTED),CLEAR,DRY,,FOUR-WAY INTERSECTION,STRAIGHT/GRADE,ASPHALT,IMPROPER TURNING,RIGHT TURN,SCOLLEGEAVEWKIRKWOODAVE,TRAFFIC CONTROL SIGNAL,2021-11-05 21:14:00
515,BLOOMINGTON PD,BLOOMINGTON,2,0.0,0.0,0,0,,,,S COLLEGE MALL RD,E BUICK CADILLAC BLVD,,,,39.15816,-86.497792,LOCAL/CITY ROAD,Y,URBAN,N,N,N,,DARK (LIGHTED),CLEAR,DRY,,FOUR-WAY INTERSECTION,STRAIGHT/LEVEL,ASPHALT,UNSAFE LANE MOVEMENT,OTHER - EXPLAIN IN NARRATIVE,BUICKCADILLACBLVDCOLLEGEMALLRD,TRAFFIC CONTROL SIGNAL,2021-11-05 21:34:00
516,BLOOMINGTON PD,BLOOMINGTON,2,0.0,0.0,0,0,,,,W 4TH ST,,,150.0,E,39.16568,-86.537296,LOCAL/CITY ROAD,N,URBAN,N,N,N,,DARK (NOT LIGHTED),CLEAR,DRY,,NO JUNCTION INVOLVED,STRAIGHT/LEVEL,CONCRETE,UNSAFE LANE MOVEMENT,SAME DIRECTION SIDESWIPE,SOUTHMADISONSTWEST4THST,NONE,2021-11-05 22:10:00
517,BLOOMINGTON PD,BLOOMINGTON,1,0.0,0.0,0,1,,,,S SARE RD,E DAVID DR,,,,39.138576,-86.496552,LOCAL/CITY ROAD,N,URBAN,N,N,N,,DARK (LIGHTED),CLEAR,DRY,,T-INTERSECTION,STRAIGHT/LEVEL,ASPHALT,ANIMAL/OBJECT IN ROADWAY,COLLISION WITH DEER,DAVIDDRSSARERD,NONE,2021-11-04 04:50:00
518,MONROE SD,BLOOMINGTON,1,0.0,0.0,0,1,,,,SR 46,,,1000.0,W,39.15285526,-86.39266882,STATE ROAD,N,RURAL,N,N,N,,DARK (NOT LIGHTED),CLEAR,DRY,,NO JUNCTION INVOLVED,STRAIGHT/LEVEL,ASPHALT,ANIMAL/OBJECT IN ROADWAY,COLLISION WITH ANIMAL OTHER,NBRUMMETTSCREEKRDSR46E,LANE CONTROL,2021-11-04 06:41:00
519,ELLETTSVILLE PD,ELLETTSVILLE,2,1.0,0.0,0,0,600,,,SR 46,N HARTSTRAIT RD,,100.0,E,39.2342267,-86.62491366,LOCAL/CITY ROAD,N,URBAN,N,N,N,,DAYLIGHT,CLEAR,DRY,,NO JUNCTION INVOLVED,STRAIGHT/LEVEL,ASPHALT,FAILURE TO YIELD RIGHT OF WAY,RIGHT TURN,600ETEMPERANCESTHARTSTRAITRD,LANE CONTROL,2021-11-04 09:05:00
520,BLOOMINGTON PD,BLOOMINGTON,2,0.0,0.0,0,0,,,,SR 45/46,N KINSER PIKE,,,,39.186544,-86.537888,STATE ROAD,N,URBAN,N,N,N,,DAYLIGHT,CLEAR,DRY,,FOUR-WAY INTERSECTION,STRAIGHT/GRADE,ASPHALT,UNSAFE LANE MOVEMENT,SAME DIRECTION SIDESWIPE,NKINSERPIKESR4546W,TRAFFIC CONTROL SIGNAL,2021-11-04 09:32:00
521,BLOOMINGTON PD,BLOOMINGTON,2,0.0,0.0,0,0,,,,W 3RD ST,S KIMBLE DR,,,,39.164538,-86.5679847,LOCAL/CITY ROAD,N,URBAN,N,N,N,,DAYLIGHT,CLEAR,DRY,,FOUR-WAY INTERSECTION,STRAIGHT/LEVEL,ASPHALT,DISREGARD SIGNAL/REG SIGN,RIGHT ANGLE,SKIMBLEDRW3RDST,TRAFFIC CONTROL SIGNAL,2021-11-04 11:18:00
522,BLOOMINGTON PD,BLOOMINGTON,2,0.0,1.0,0,0,,,,S COLLEGE AVE,W 2ND ST,,,,39.161366,-86.534943,LOCAL/CITY ROAD,N,URBAN,N,N,N,,DAYLIGHT,CLEAR,DRY,,FOUR-WAY INTERSECTION,STRAIGHT/LEVEL,ASPHALT,UNSAFE LANE MOVEMENT,SAME DIRECTION SIDESWIPE,SCOLLEGEAVEW2NDST,LANE CONTROL,2021-11-04 12:32:00
523,BLOOMINGTON PD,BLOOMINGTON,2,0.0,0.0,0,0,2700,,,W 3RD ST,S FRANKLIN RD,,,,39.16448573,-86.57199747,LOCAL/CITY ROAD,N,URBAN,N,N,N,,DAYLIGHT,CLEAR,DRY,,FOUR-WAY INTERSECTION,STRAIGHT/LEVEL,CONCRETE,FOLLOWING TOO CLOSELY,REAR END,2700W3RDST69RAMP,TRAFFIC CONTROL SIGNAL,2021-11-04 12:55:00
524,BLOOMINGTON PD,BLOOMINGTON,2,0.0,1.0,0,0,,,,N MADISON ST,W 6TH ST,,,,39.167575,-86.53741,LOCAL/CITY ROAD,N,URBAN,N,N,N,,DAYLIGHT,CLEAR,DRY,,FOUR-WAY INTERSECTION,STRAIGHT/LEVEL,ASPHALT,FAILURE TO YIELD RIGHT OF WAY,HEAD ON BETWEEN TWO MOTOR VEHICLES,6THSTMADISONST,STOP SIGN,2021-11-04 13:05:00
525,BLOOMINGTON PD,BLOOMINGTON,4,0.0,0.0,0,0,,,,W 3RD ST,S WALNUT ST,,,,39.16464,-86.5336,LOCAL/CITY ROAD,N,URBAN,N,N,N,,DAYLIGHT,CLEAR,DRY,,FOUR-WAY INTERSECTION,STRAIGHT/LEVEL,ASPHALT,FOLLOWING TOO CLOSELY,REAR END,E3RDSTSWALNUTST,LANE CONTROL,2021-11-04 13:59:00
526,BLOOMINGTON PD,BLOOMINGTON,2,0.0,3.0,0,0,,,,S LEONARD SPRINGS RD,W TAPP RD,,,,39.13704,-86.582512,LOCAL/CITY ROAD,N,URBAN,N,N,N,,DAYLIGHT,CLEAR,DRY,,T-INTERSECTION,STRAIGHT/LEVEL,ASPHALT,FAILURE TO YIELD RIGHT OF WAY,LEFT TURN,SLEONARDSPRINGSRDWTAPPRD,STOP SIGN,2021-11-04 15:55:00
527,MONROE SD,BLOOMINGTON,2,0.0,0.0,0,0,,,,S SNODDY RD,,,1100.0,N,39.121584,-86.489744,LOCAL/CITY ROAD,N,RURAL,N,N,N,,DAYLIGHT,CLEAR,DRY,,NO JUNCTION INVOLVED,STRAIGHT/GRADE,ASPHALT,UNSAFE SPEED,LEFT TURN,EASTRHORERRDSOUTHSNODDYRD,NONE,2021-11-04 17:06:00
528,BLOOMINGTON PD,BLOOMINGTON,2,0.0,0.0,0,0,815,,,N OOLITIC DR,,,,,39.17445714,-86.55360457,LOCAL/CITY ROAD,Y,URBAN,N,N,N,,DARK (NOT LIGHTED),CLEAR,DRY,,T-INTERSECTION,STRAIGHT/GRADE,ASPHALT,VIEW OBSTRUCTED,LEFT TURN,NOOLITICDR,NONE,2021-11-04 19:57:00
529,INDIANA UNIV BLOOMINGTON PD,BLOOMINGTON,3,0.0,1.0,0,0,,,,E 10TH ST,N UNION ST,,,,39.171564,-86.509445,LOCAL/CITY ROAD,N,URBAN,N,N,N,,DARK (NOT LIGHTED),CLEAR,DRY,,FOUR-WAY INTERSECTION,STRAIGHT/GRADE,ASPHALT,DRIVER DISTRACTED - EXPLAIN IN NARRATIVE,REAR END,TENTHSTUNIONST,TRAFFIC CONTROL SIGNAL,2021-11-04 20:50:00
530,BLOOMINGTON PD,BLOOMINGTON,1,0.0,0.0,0,0,,,,W CLUBHOUSE DR,,,800.0,E,,,LOCAL/CITY ROAD,N,RURAL,N,N,N,,DARK (NOT LIGHTED),CLEAR,DRY,,NO JUNCTION INVOLVED,CURVE/LEVEL,ASPHALT,RAN OFF ROAD RIGHT,RAN OFF ROAD,NKINSERPIKEWCLUBHOUSEDR,NONE,2021-11-04 21:59:00
531,MONROE SD,BLOOMINGTON,1,0.0,0.0,0,0,,,,E BETHEL LN,,,2000.0,W,39.2151765,-86.51162671,COUNTY ROAD,Y,RURAL,N,N,N,,DARK (NOT LIGHTED),CLEAR,DRY,,NO JUNCTION INVOLVED,CURVE/GRADE,ASPHALT,RAN OFF ROAD RIGHT,RAN OFF ROAD,BETHELLNHINKLERD,LANE CONTROL,2021-11-03 03:16:00
532,BLOOMINGTON PD,BLOOMINGTON,1,,0.0,0,0,,,,SR 446,S HASTINGS DR,,0.0,,39.1574603,-86.4715468,STATE ROAD,,URBAN,N,N,N,,DARK (NOT LIGHTED),CLEAR,DRY,,NO JUNCTION INVOLVED,,ASPHALT,OVERCORRECTING/OVERSTEERING,RAN OFF ROAD,SSR446SHASTINGSDRIVE,,2021-11-03 07:03:00
533,INDIANA UNIV BLOOMINGTON PD,BLOOMINGTON,1,0.0,0.0,0,1,,,,SR 45/46,N HEADLEY RD,,,,0.0,0.0,STATE ROAD,N,URBAN,N,N,N,,DAYLIGHT,CLEAR,DRY,,NO JUNCTION INVOLVED,STRAIGHT/LEVEL,ASPHALT,ANIMAL/OBJECT IN ROADWAY,COLLISION WITH DEER,EBALFOURSTSR46,LANE CONTROL,2021-11-03 09:00:00
534,BLOOMINGTON PD,BLOOMINGTON,2,0.0,0.0,0,0,,,,E COVENANTER DR,S COLLEGE MALL RD,,,,39.155152,-86.497888,LOCAL/CITY ROAD,N,URBAN,N,N,N,,DAYLIGHT,CLEAR,DRY,,FOUR-WAY INTERSECTION,STRAIGHT/LEVEL,ASPHALT,FAILURE TO YIELD RIGHT OF WAY,RIGHT ANGLE,ECOVENANTERDRSCOLLEGEMALLRD,TRAFFIC CONTROL SIGNAL,2021-11-03 09:16:00
535,MONROE SD,BLOOMINGTON,1,0.0,1.0,0,0,,,,N MAPLE GROVE RD,,,852.0,S,39.13268062,-86.569675,LOCAL/CITY ROAD,N,RURAL,N,N,N,,DAYLIGHT,CLEAR,DRY,,NO JUNCTION INVOLVED,CURVE/GRADE,ASPHALT,RAN OFF ROAD RIGHT,RAN OFF ROAD,NMAPLEGROVERDWLOSTMANSLN,LANE CONTROL,2021-11-03 09:17:00
536,BLOOMINGTON PD,BLOOMINGTON,2,0.0,0.0,0,0,,,,W BLOOMFIELD RD,S LANDMARK AVE,,,,39.159933,-86.55386,LOCAL/CITY ROAD,N,URBAN,N,N,N,,DAYLIGHT,CLEAR,DRY,,FOUR-WAY INTERSECTION,STRAIGHT/LEVEL,ASPHALT,FOLLOWING TOO CLOSELY,REAR END,SLANDMARKAVEWBLOOMFIELDRD,NONE,2021-11-03 11:39:00
537,INDIANA UNIV BLOOMINGTON PD,BLOOMINGTON,2,0.0,0.0,0,0,,,,SR 45/46,,,800.0,N,0.0,0.0,STATE ROAD,N,URBAN,N,N,N,,DAYLIGHT,CLEAR,DRY,,NO JUNCTION INVOLVED,CURVE/LEVEL,ASPHALT,UNSAFE LANE MOVEMENT,SAME DIRECTION SIDESWIPE,10THSTSR46N,NONE,2021-11-03 11:40:00
538,INDIANA UNIV BLOOMINGTON PD,BLOOMINGTON,2,0.0,0.0,0,0,,,,E 3RD ST,S JORDAN AVE,,50.0,W,39.164263,-86.51638967,LOCAL/CITY ROAD,Y,URBAN,N,N,N,,DAYLIGHT,CLEAR,DRY,,NO JUNCTION INVOLVED,STRAIGHT/LEVEL,ASPHALT,FOLLOWING TOO CLOSELY,REAR END,3RDSTJORDANAVE,NONE,2021-11-03 12:01:00
539,BLOOMINGTON PD,BLOOMINGTON,3,0.0,2.0,0,0,812,,,N WOODBRIDGE DR,,,,,39.1740775,-86.4923603,UNKNOWN,N,URBAN,N,N,N,,DAYLIGHT,CLEAR,DRY,,NO JUNCTION INVOLVED,STRAIGHT/LEVEL,ASPHALT,FAILURE TO YIELD RIGHT OF WAY,RIGHT ANGLE,NWOODBRIDGEDR,NONE,2021-11-03 12:17:00
540,INDIANA UNIV BLOOMINGTON PD,BLOOMINGTON,2,0.0,0.0,0,0,,,,E 10TH ST,N JEFFERSON ST,,,,39.171648,-86.507088,LOCAL/CITY ROAD,N,URBAN,N,N,N,,DAYLIGHT,CLEAR,DRY,,T-INTERSECTION,STRAIGHT/LEVEL,ASPHALT,VIEW OBSTRUCTED,REAR END,10THSTJEFFERSONST,NONE,2021-11-03 12:49:00
541,INDIANA UNIV BLOOMINGTON PD,BLOOMINGTON,2,0.0,0.0,0,0,213,,,S UNION ST,E 3RD ST,,100.0,N,39.164352,-86.5088,LOCAL/CITY ROAD,Y,URBAN,N,N,N,,UNKNOWN,CLEAR,DRY,,NO JUNCTION INVOLVED,STRAIGHT/LEVEL,ASPHALT,UNSAFE LANE MOVEMENT,SAME DIRECTION SIDESWIPE,3RDSTSUNIONST,NONE,2021-11-03 13:30:00
542,INDIANA UNIV BLOOMINGTON PD,BLOOMINGTON,2,0.0,0.0,0,0,,,,SR 45,SR 46,,,,0.0,0.0,STATE ROAD,N,URBAN,N,N,N,,DAYLIGHT,CLEAR,DRY,,NO JUNCTION INVOLVED,STRAIGHT/LEVEL,ASPHALT,IMPROPER LANE USAGE,SAME DIRECTION SIDESWIPE,SR46UNIONVILLERD,NONE,2021-11-03 15:10:00
543,BLOOMINGTON PD,BLOOMINGTON,2,0.0,0.0,0,0,,,,S PATTERSON DR,W ISAACS DR,,,,39.16342,-86.551249,LOCAL/CITY ROAD,N,URBAN,N,N,N,,DAYLIGHT,BLOWING SAND/SOIL/SNOW,DRY,,FOUR-WAY INTERSECTION,STRAIGHT/LEVEL,ASPHALT,FAILURE TO YIELD RIGHT OF WAY,RIGHT ANGLE,SPATTERSONDRW3RDST,STOP SIGN,2021-11-03 16:07:00
544,MONROE SD,BLOOMINGTON,2,0.0,0.0,0,0,,,,SR 37,W DILLMAN RD,,,,39.092976,-86.545648,STATE ROAD,N,RURAL,N,N,Y,LANE CLOSURE,DAYLIGHT,CLEAR,DRY,,FOUR-WAY INTERSECTION,STRAIGHT/LEVEL,ASPHALT,FAILURE TO YIELD RIGHT OF WAY,LEFT TURN,SR37SWDILLMANRD,TRAFFIC CONTROL SIGNAL,2021-11-03 16:31:00
545,BLOOMINGTON PD,BLOOMINGTON,2,0.0,0.0,0,0,,,,W BLOOMFIELD RD,W ALLEN ST,,,,39.156144,-86.561296,LOCAL/CITY ROAD,N,URBAN,N,N,N,,DAYLIGHT,CLEAR,DRY,,T-INTERSECTION,STRAIGHT/GRADE,ASPHALT,FAILURE TO YIELD RIGHT OF WAY,LEFT TURN,WESTALLENSTWESTBLOOMFIELDRD,STOP SIGN,2021-11-03 16:45:00
546,BLOOMINGTON PD,BLOOMINGTON,2,0.0,0.0,0,0,,,,S SARE RD,E RHORER RD,,,,39.121462,-86.511559,LOCAL/CITY ROAD,N,URBAN,Y,N,N,,DAYLIGHT,CLEAR,DRY,,T-INTERSECTION,STRAIGHT/LEVEL,ASPHALT,FOLLOWING TOO CLOSELY,REAR END,ERHORERRDSSARERD,STOP SIGN,2021-11-03 17:02:00
547,BLOOMINGTON PD,BLOOMINGTON,2,0.0,2.0,0,0,,,,W ARLINGTON RD,W GOURLEY PIKE,,,,39.186544,-86.551168,LOCAL/CITY ROAD,N,URBAN,N,N,N,,DAYLIGHT,CLEAR,DRY,,FOUR-WAY INTERSECTION,STRAIGHT/GRADE,ASPHALT,FAILURE TO YIELD RIGHT OF WAY,HEAD ON BETWEEN TWO MOTOR VEHICLES,WESTARLINGTONRDWESTGOURLEYPIKE,LANE CONTROL,2021-11-03 17:33:00
548,MONROE SD,BLOOMINGTON,1,0.0,0.0,0,1,,,,N UNION VALLEY RD,W DELAP RD,,,,39.251789,-86.59287,COUNTY ROAD,N,URBAN,N,N,N,,DAWN/DUSK,CLEAR,DRY,,NO JUNCTION INVOLVED,STRAIGHT/GRADE,ASPHALT,ANIMAL/OBJECT IN ROADWAY,RAN OFF ROAD,DELAPRDUNIONVALLEYRD,NONE,2021-11-03 18:37:00
549,ISP BLOOMINGTON 33,BLOOMINGTON,1,,0.0,0,1,,,,SR 37,,,0.0,,39.02886153,-86.53414538,,,RURAL,N,N,N,,DARK (NOT LIGHTED),CLEAR,DRY,,NO JUNCTION INVOLVED,,ASPHALT,ANIMAL/OBJECT IN ROADWAY,COLLISION WITH DEER,StateRd3790.8,,2021-11-03 22:00:00
550,BLOOMINGTON PD,BLOOMINGTON,2,0.0,0.0,0,0,,,,E 3RD ST,S BRYAN AVE,,,,39.16432,-86.50824,LOCAL/CITY ROAD,Y,URBAN,N,N,N,,DARK (NOT LIGHTED),CLEAR,DRY,,FOUR-WAY INTERSECTION,STRAIGHT/LEVEL,ASPHALT,FOLLOWING TOO CLOSELY,REAR END,SBRYANAVEW3RDST,TRAFFIC CONTROL SIGNAL,2021-11-02 01:40:00
551,MONROE SD,BLOOMINGTON,2,0.0,0.0,0,0,,,,S ROCKPORT RD,W HUESTON WAY,,200.0,S,39.09189007,-86.5716538,COUNTY ROAD,Y,RURAL,N,N,N,,DARK (LIGHTED),CLEAR,DRY,,NO JUNCTION INVOLVED,CURVE/GRADE,ASPHALT,LEFT OF CENTER,SAME DIRECTION SIDESWIPE,SROCKPORTRDWHUESTONWAY,LANE CONTROL,2021-11-02 06:15:00
552,BLOOMINGTON PD,BLOOMINGTON,2,0.0,0.0,0,0,,,,SR 46,E 10TH ST,,,,0.0,0.0,LOCAL/CITY ROAD,N,URBAN,N,N,N,,DAYLIGHT,CLOUDY,DRY,,FOUR-WAY INTERSECTION,STRAIGHT/LEVEL,ASPHALT,FOLLOWING TOO CLOSELY,REAR END,E10THSTSTRD46BYP,NONE,2021-11-02 08:58:00
553,ELLETTSVILLE PD,ELLETTSVILLE,1,0.0,1.0,0,0,6002,,,SR 46,,,1000.0,E,39.227624,-86.61600561,STATE ROAD,N,URBAN,N,N,N,,DAYLIGHT,CLEAR,DRY,,NO JUNCTION INVOLVED,STRAIGHT/LEVEL,ASPHALT,RAN OFF ROAD RIGHT,RAN OFF ROAD,HARTSTRAITRDSR46W,OTHER REGULATORY SIGN/MARKING,2021-11-02 12:19:00
554,BLOOMINGTON PD,BLOOMINGTON,2,0.0,0.0,0,0,,,,N COLLEGE AVE,W 10TH ST,,,,39.171744,-86.534768,LOCAL/CITY ROAD,N,URBAN,N,N,N,,DAYLIGHT,CLEAR,DRY,,FOUR-WAY INTERSECTION,STRAIGHT/GRADE,ASPHALT,IMPROPER TURNING,SAME DIRECTION SIDESWIPE,NORTHCOLLEGEAVEWEST10THST,TRAFFIC CONTROL SIGNAL,2021-11-02 13:02:00
555,BLOOMINGTON PD,BLOOMINGTON,3,0.0,1.0,0,0,,,,SR 46,E EASTGATE LN (S),,,,39.17024,-86.501392,STATE ROAD,N,URBAN,N,N,N,,DAYLIGHT,CLEAR,DRY,,T-INTERSECTION,STRAIGHT/LEVEL,ASPHALT,FOLLOWING TOO CLOSELY,REAR END,EEASTGATELNSR46N,TRAFFIC CONTROL SIGNAL,2021-11-02 15:03:00
556,BLOOMINGTON PD,BLOOMINGTON,2,0.0,0.0,0,0,,,,E 3RD ST,S WOODSCREST DR,,,,39.164272,-86.502416,LOCAL/CITY ROAD,N,URBAN,N,N,N,,DAWN/DUSK,CLEAR,DRY,,FOUR-WAY INTERSECTION,STRAIGHT/LEVEL,ASPHALT,IMPROPER LANE USAGE,SAME DIRECTION SIDESWIPE,E3RDSTSWOODCRESTDR,TRAFFIC CONTROL SIGNAL,2021-11-02 15:12:00
557,BLOOMINGTON PD,BLOOMINGTON,2,0.0,0.0,0,0,,,,S COLLEGE MALL RD,E COVENANTER DR,,,,39.1551603,-86.4977833,LOCAL/CITY ROAD,N,URBAN,N,N,N,,DARK (LIGHTED),CLEAR,DRY,,FOUR-WAY INTERSECTION,STRAIGHT/LEVEL,ASPHALT,FOLLOWING TOO CLOSELY,REAR END,ECOVENANTERDRSCOLLEGEMALLRD,TRAFFIC CONTROL SIGNAL,2021-11-02 19:14:00
558,BLOOMINGTON PD,BLOOMINGTON,1,0.0,0.0,0,1,,,,W TAPP RD,S KEGG RD,,,,39.13651,-86.560361,LOCAL/CITY ROAD,N,URBAN,N,N,N,,DARK (NOT LIGHTED),CLEAR,DRY,,T-INTERSECTION,STRAIGHT/LEVEL,ASPHALT,ANIMAL/OBJECT IN ROADWAY,COLLISION WITH DEER,KEGGRDTAPPRD,NONE,2021-11-02 22:00:00
559,BLOOMINGTON PD,BLOOMINGTON,2,0.0,0.0,0,0,2036,,,WALNUT KNOLLS APARTMENT DR,,,,,39.232544,-86.540704,LOCAL/CITY ROAD,Y,URBAN,N,N,N,,UNKNOWN,,,,NO JUNCTION INVOLVED,STRAIGHT/LEVEL,ASPHALT,OVERCORRECTING/OVERSTEERING,SAME DIRECTION SIDESWIPE,NWALNUTST,NONE,2021-11-01 08:58:00
560,MONROE SD,BLOOMINGTON,2,0.0,0.0,0,0,,,,SR 45,W ELWREN RD,,,,39.107648,-86.643696,STATE ROAD,N,RURAL,N,N,Y,LANE CLOSURE,DAYLIGHT,CLEAR,DRY,,FOUR-WAY INTERSECTION,STRAIGHT/LEVEL,ASPHALT,UNSAFE BACKING,REAR END,ELWRENRDSR45W,OFFICER/CROSSING GUARD/FLAGMAN,2021-11-01 10:21:00
561,ELLETTSVILLE PD,ELLETTSVILLE,2,0.0,0.0,0,0,,,,S SALE ST,W VINE ST,,50.0,S,39.23428268,-86.6241832,LOCAL/CITY ROAD,N,URBAN,N,N,N,,DAYLIGHT,CLEAR,DRY,,NO JUNCTION INVOLVED,STRAIGHT/LEVEL,ASPHALT,FAILURE TO YIELD RIGHT OF WAY,SAME DIRECTION SIDESWIPE,SALESTVINEST,LANE CONTROL,2021-11-01 11:36:00
562,BLOOMINGTON PD,BLOOMINGTON,2,0.0,0.0,0,0,,,,W 6TH ST,N COLLEGE AVE,,,,39.167648,-86.534784,LOCAL/CITY ROAD,N,URBAN,N,N,N,,DAYLIGHT,CLEAR,DRY,,FOUR-WAY INTERSECTION,STRAIGHT/LEVEL,ASPHALT,UNSAFE BACKING,BACKING CRASH,NCOLLEGEAVEW6THST,LANE CONTROL,2021-11-01 12:40:00
563,MONROE SD,BLOOMINGTON,2,0.0,0.0,0,0,,,,S LIBERTY DR,INDIANA RAILROAD,,,,0.0,0.0,COUNTY ROAD,N,URBAN,N,N,N,,DAYLIGHT,CLEAR,DRY,,RAILROAD CROSSINGS,CURVE/LEVEL,ASPHALT,LEFT OF CENTER,OPPOSITE DIRECTION SIDESWIPE,INDIANARAILROADXINGSLIBERTYDR,LANE CONTROL,2021-11-01 13:00:00
564,ELLETTSVILLE PD,ELLETTSVILLE,1,0.0,0.0,0,0,,,,N MATTHEWS DR,N SENIOR DR,,,,0.0,0.0,LOCAL/CITY ROAD,N,URBAN,N,N,N,,DAYLIGHT,CLOUDY,DRY,,T-INTERSECTION,STRAIGHT/GRADE,ASPHALT,ACCELERATOR FAILURE OR DEFECTIVE,RAN OFF ROAD,MATTHEWSDRSENIORDR,NONE,2021-11-01 15:30:00
565,BLOOMINGTON PD,BLOOMINGTON,1,0.0,1.0,0,0,,,,E 1ST ST,S BALLANTINE RD,,,,39.159344,-86.519088,LOCAL/CITY ROAD,N,URBAN,Y,N,N,,DAYLIGHT,CLOUDY,DRY,,T-INTERSECTION,STRAIGHT/GRADE,ASPHALT,BRAKE FAILURE OR DEFECTIVE,RIGHT ANGLE,EAST1STSTSOUTHBALLANTINERD,STOP SIGN,2021-11-01 16:59:00
566,BLOOMINGTON PD,BLOOMINGTON,2,0.0,0.0,0,0,,,,S COLLEGE MALL RD,E MOORES PIKE,,200.0,N,39.150448,-86.498,LOCAL/CITY ROAD,Y,URBAN,N,N,N,,DAYLIGHT,CLOUDY,DRY,,FOUR-WAY INTERSECTION,STRAIGHT/GRADE,ASPHALT,FAILURE TO YIELD RIGHT OF WAY,RIGHT ANGLE,EASTMOORESPIKESOUTHCOLLEGEMALLRD,LANE CONTROL,2021-11-01 17:48:00
567,BLOOMINGTON PD,BLOOMINGTON,2,0.0,0.0,0,0,,,,N GRANT ST,E KIRKWOOD AVE,,,,39.16664,-86.529696,LOCAL/CITY ROAD,Y,URBAN,N,N,N,,DARK (NOT LIGHTED),CLEAR,DRY,,FOUR-WAY INTERSECTION,STRAIGHT/LEVEL,ASPHALT,FOLLOWING TOO CLOSELY,REAR END,EKIRKWOODAVENGRANTST,STOP SIGN,2021-11-01 19:40:00
568,BLOOMINGTON PD,BLOOMINGTON,2,0.0,0.0,0,0,,,,S COLLEGE MALL RD,E COVENANTER DR,,,,39.155152,-86.497888,LOCAL/CITY ROAD,N,URBAN,N,N,N,,DARK (LIGHTED),CLEAR,DRY,,FOUR-WAY INTERSECTION,STRAIGHT/LEVEL,CONCRETE,DISREGARD SIGNAL/REG SIGN,RIGHT ANGLE,EASTCOVENANTERDRSOUTHCOLLEGEMALLRD,TRAFFIC CONTROL SIGNAL,2021-11-01 21:00:00
569,MONROE SD,BLOOMINGTON,1,0.0,0.0,0,1,,,,SR 43,W HOWARD RD,,,,0.0,0.0,STATE ROAD,N,RURAL,N,N,N,,DARK (NOT LIGHTED),CLEAR,DRY,,T-INTERSECTION,CURVE/GRADE,ASPHALT,ANIMAL/OBJECT IN ROADWAY,COLLISION WITH DEER,HOWARDRDSR43N,NONE,2021-11-01 21:01:00
570,BLOOMINGTON PD,BLOOMINGTON,2,0.0,0.0,0,0,,,,W 4TH ST,S MADISON ST,,50.0,E,39.16568,-86.537296,LOCAL/CITY ROAD,Y,URBAN,N,N,N,,DAYLIGHT,CLEAR,DRY,,FOUR-WAY INTERSECTION,STRAIGHT/LEVEL,ASPHALT,UNSAFE LANE MOVEMENT,SAME DIRECTION SIDESWIPE,SMADISONSTW4THST,STOP SIGN,2021-10-31 14:50:00
571,MONROE SD,BLOOMINGTON,2,0.0,0.0,0,0,,,,I-69 N,,,100.0,S,0.0,0.0,INTERSTATE,N,RURAL,N,Y,N,,DAYLIGHT,CLEAR,DRY,,NO JUNCTION INVOLVED,CURVE/LEVEL,CONCRETE,DRIVER ASLEEP OR FATIGUED,REAR END,I69N105,NONE,2021-10-31 17:20:00
572,BLOOMINGTON PD,BLOOMINGTON,2,0.0,1.0,0,0,,,,E MOORES PIKE,S SARE RD,,,,39.150448,-86.4992,LOCAL/CITY ROAD,N,URBAN,N,N,N,,DARK (LIGHTED),CLEAR,DRY,,FOUR-WAY INTERSECTION,CURVE/GRADE,ASPHALT,DISREGARD SIGNAL/REG SIGN,RIGHT ANGLE,EMOORESPIKESSARERD,TRAFFIC CONTROL SIGNAL,2021-10-31 19:39:00
573,MONROE SD,BLOOMINGTON,2,0.0,0.0,0,0,,120,S,I-69 S,SR 45/46,,,,0.0,0.0,STATE ROAD,N,RURAL,N,Y,N,,DARK (LIGHTED),CLEAR,DRY,,RAMP,STRAIGHT/GRADE,ASPHALT,LEFT OF CENTER,LEFT TURN,SR69S,TRAFFIC CONTROL SIGNAL,2021-10-31 21:21:00