_id,Agency,City,Vehicles Involved,Trailers Involved,Number Injured,Number Dead,Number Deer,House Number,Roadway Interchange,Roadway Ramp,Roadway Id,Intersecting Road,Interchange,Feet From,Direction,Latitude,Longitude,Roadway Class,Hit and Run?,Locality,School Zone?,Rumble Strips?,Construction?,Construction Type,Light Condition,Weather Conditions,Surface Condition,Type of Median,Roadway Junction Type,Road Character,Roadway Surface,Primary Factor,Manner of Collision,Unique Location Id,Traffic Control,DateTime
636,BLOOMINGTON PD,BLOOMINGTON,2,0.0,0.0,0,0,,,,S COLLEGE AVE,W 3RD ST,,100.0,S,39.16464,-86.534816,LOCAL/CITY ROAD,N,URBAN,N,N,N,,DAYLIGHT,CLEAR,DRY,,FOUR-WAY INTERSECTION,STRAIGHT/GRADE,ASPHALT,IMPROPER TURNING,SAME DIRECTION SIDESWIPE,SOUTHCOLLEGEAVEWEST3RDST,LANE CONTROL,2021-10-27 16:33:00
637,BLOOMINGTON PD,BLOOMINGTON,2,,0.0,0,0,,,,SR 48,S CURRY PIKE,,0.0,,39.16465351,-86.58294833,LOCAL/CITY ROAD,,URBAN,N,N,N,,DAYLIGHT,CLEAR,DRY,,FOUR-WAY INTERSECTION,,ASPHALT,FAILURE TO YIELD RIGHT OF WAY,LEFT TURN,WHITEHALLROADS.CURRYPIKE,,2021-10-27 17:23:00
638,BLOOMINGTON PD,BLOOMINGTON,2,1.0,0.0,0,0,,,Y,SR 45,ENTRANCE TO SAM'S CLUB,,,,0.0,0.0,LOCAL/CITY ROAD,N,URBAN,N,N,N,,DAYLIGHT,CLEAR,DRY,,FOUR-WAY INTERSECTION,STRAIGHT/LEVEL,ASPHALT,FAILURE TO YIELD RIGHT OF WAY,LEFT TURN,I69SOUTHBOUNDEXITHWYWBLOOMFIELDRD,TRAFFIC CONTROL SIGNAL,2021-10-27 17:51:00
639,BLOOMINGTON PD,BLOOMINGTON,2,0.0,1.0,0,0,,,,S COLLEGE MALL RD,ENTRANCE TO AMC CLASSIC THEATER,,,,0.0,0.0,LOCAL/CITY ROAD,N,URBAN,N,N,N,,DAWN/DUSK,RAIN,WET,,T-INTERSECTION,STRAIGHT/LEVEL,ASPHALT,FAILURE TO YIELD RIGHT OF WAY,RIGHT ANGLE,KERASOTESBLVDSCOLLEGEMALLRD,NONE,2021-10-27 18:20:00
640,BLOOMINGTON PD,BLOOMINGTON,2,0.0,0.0,0,0,,120,,I-69 S,SR 45/46,,100.0,E,0.0,0.0,INTERSTATE,N,URBAN,N,N,N,,DARK (LIGHTED),CLEAR,DRY,,RAMP,CURVE/LEVEL,ASPHALT,FOLLOWING TOO CLOSELY,REAR END,I69SSR4546RAMP,OFFICER/CROSSING GUARD/FLAGMAN,2021-10-27 21:06:00
641,MONROE SD,ELLETTSVILLE,1,0.0,0.0,0,0,,,,OLD CSX RAILWAY LN,,,300.0,S,0.0,0.0,COUNTY ROAD,Y,URBAN,N,N,N,,DAYLIGHT,CLEAR,DRY,,NO JUNCTION INVOLVED,STRAIGHT/GRADE,GRAVEL,RAN OFF ROAD RIGHT,RAN OFF ROAD,OLDCSXRAILWAYXINGWESTMCNEELYST,NONE,2021-10-26 08:20:00
642,BLOOMINGTON PD,BLOOMINGTON,1,0.0,0.0,0,0,,,,W 15TH ST,N HANCOCK DR,,10.0,E,39.177552,-86.548896,LOCAL/CITY ROAD,N,URBAN,N,N,N,,UNKNOWN,RAIN,WET,,NO JUNCTION INVOLVED,CURVE/GRADE,ASPHALT,RAN OFF ROAD RIGHT,RAN OFF ROAD,HANCOCKDRW15THST,NONE,2021-10-26 08:29:00
643,BLOOMINGTON PD,BLOOMINGTON,2,0.0,0.0,0,0,,,,E 1ST ST,S GRANT ST,,,,39.159344,-86.529792,LOCAL/CITY ROAD,Y,URBAN,N,N,N,,DAYLIGHT,CLEAR,DRY,,T-INTERSECTION,STRAIGHT/LEVEL,ASPHALT,OVERCORRECTING/OVERSTEERING,SAME DIRECTION SIDESWIPE,E1STSTSGRANTST,NONE,2021-10-26 11:16:00
644,BLOOMINGTON PD,BLOOMINGTON,4,0.0,0.0,0,0,,,,W 3RD ST (N),S PATTERSON DR,,,,39.16342,-86.551249,LOCAL/CITY ROAD,N,URBAN,N,N,N,,DAYLIGHT,CLEAR,DRY,,NO JUNCTION INVOLVED,STRAIGHT/LEVEL,ASPHALT,UNSAFE LANE MOVEMENT,SAME DIRECTION SIDESWIPE,SPATTERSONDRW3RDST,LANE CONTROL,2021-10-26 11:19:00
645,ELLETTSVILLE PD,ELLETTSVILLE,2,0.0,0.0,0,0,,,,SR 46,N MATTHEWS DR (S),,,,39.234768,-86.626384,STATE ROAD,N,URBAN,N,N,N,,DAYLIGHT,CLEAR,DRY,,T-INTERSECTION,STRAIGHT/GRADE,ASPHALT,FAILURE TO YIELD RIGHT OF WAY,RIGHT ANGLE,MATTHEWSDRSR46W,STOP SIGN,2021-10-26 11:25:00
646,ELLETTSVILLE PD,ELLETTSVILLE,2,0.0,1.0,0,0,,,,SR 46,N SALE ST (N),,100.0,W,39.23396399,-86.62501913,STATE ROAD,N,URBAN,N,N,N,,DAYLIGHT,CLEAR,DRY,,NO JUNCTION INVOLVED,STRAIGHT/LEVEL,ASPHALT,FAILURE TO YIELD RIGHT OF WAY,RIGHT ANGLE,SALESTSR46W,LANE CONTROL,2021-10-26 12:42:00
647,INDIANA UNIV BLOOMINGTON PD,BLOOMINGTON,2,0.0,0.0,0,0,,,,N UNION ST,,,700.0,N,39.24224092,-86.509427,LOCAL/CITY ROAD,N,URBAN,N,N,N,,DAYLIGHT,CLEAR,DRY,,NO JUNCTION INVOLVED,STRAIGHT/LEVEL,ASPHALT,IMPROPER TURNING,SAME DIRECTION SIDESWIPE,E7THSTNUNIONST,NONE,2021-10-26 14:05:00
648,BLOOMINGTON PD,BLOOMINGTON,2,0.0,0.0,0,0,,,,W 3RD ST,S ROGERS ST,,200.0,W,39.164704,-86.537296,LOCAL/CITY ROAD,N,URBAN,N,N,N,,DAYLIGHT,CLEAR,DRY,,NO JUNCTION INVOLVED,STRAIGHT/GRADE,ASPHALT,IMPROPER TURNING,RIGHT TURN,SMADISONSTW3RDST,TRAFFIC CONTROL SIGNAL,2021-10-26 14:20:00
649,MONROE SD,BLOOMINGTON,2,0.0,0.0,0,0,,,,N CURRY PIKE,W JONATHAN DR,,,,39.168325,-86.582976,LOCAL/CITY ROAD,N,URBAN,N,N,N,,DAYLIGHT,CLEAR,DRY,,FOUR-WAY INTERSECTION,STRAIGHT/GRADE,ASPHALT,FAILURE TO YIELD RIGHT OF WAY,RIGHT ANGLE,JONATHANDRNCURRYPIKE,TRAFFIC CONTROL SIGNAL,2021-10-26 16:20:00
650,BLOOMINGTON PD,BLOOMINGTON,2,0.0,0.0,0,0,,,,N PINE ST,W KIRKWOOD AVE,,100.0,N,39.1668,-86.548288,LOCAL/CITY ROAD,Y,URBAN,N,N,N,,DAYLIGHT,CLEAR,DRY,,T-INTERSECTION,STRAIGHT/LEVEL,ASPHALT,FAILURE TO YIELD RIGHT OF WAY,SAME DIRECTION SIDESWIPE,NPINESTWKIRKWOODAVE,NONE,2021-10-26 16:58:00
651,BLOOMINGTON PD,BLOOMINGTON,2,0.0,0.0,0,0,,,,W PATTERSON DR,S MORTON ST,,150.0,W,39.15344,-86.5336,LOCAL/CITY ROAD,Y,URBAN,N,N,N,,DAYLIGHT,CLEAR,DRY,,FOUR-WAY INTERSECTION,STRAIGHT/LEVEL,ASPHALT,FOLLOWING TOO CLOSELY,REAR END,SWALNUTSTWGRIMESLN,NONE,2021-10-26 17:10:00
652,MONROE SD,BLOOMINGTON,2,0.0,1.0,0,0,,,,N CURRY PIKE,N LINTEL DR,,,,39.1926406,-86.5755391,COUNTY ROAD,N,RURAL,N,N,N,,DAYLIGHT,CLEAR,DRY,,FOUR-WAY INTERSECTION,STRAIGHT/LEVEL,ASPHALT,FAILURE TO YIELD RIGHT OF WAY,LEFT TURN,NCURRYPIKENLINTELDR,STOP SIGN,2021-10-26 17:48:00
653,MONROE SD,BLOOMINGTON,1,0.0,0.0,0,1,,,,I-69 S,,,0.0,S,0.0,0.0,INTERSTATE,N,URBAN,N,Y,N,,DAYLIGHT,CLEAR,DRY,,NO JUNCTION INVOLVED,CURVE/GRADE,ASPHALT,ANIMAL/OBJECT IN ROADWAY,COLLISION WITH DEER,I69S125.5,NONE,2021-10-26 18:43:00
654,INDIANA UNIV BLOOMINGTON PD,BLOOMINGTON,2,0.0,0.0,0,0,,,,SR 45/46,SR 45,,,,0.0,0.0,STATE ROAD,N,URBAN,N,N,N,,DAYLIGHT,CLEAR,DRY,,FOUR-WAY INTERSECTION,STRAIGHT/LEVEL,ASPHALT,FOLLOWING TOO CLOSELY,REAR END,SR46UNIONVILLERD,TRAFFIC CONTROL SIGNAL,2021-10-26 18:45:00
655,BLOOMINGTON PD,BLOOMINGTON,2,0.0,0.0,0,0,1285,,,S COLLEGE MALL RD,ENTRANCE TO GENTRY QUARTERS APARTMENTS,,,,39.15248,-86.497297,LOCAL/CITY ROAD,N,URBAN,N,N,N,,DAYLIGHT,CLEAR,DRY,,NO JUNCTION INVOLVED,STRAIGHT/LEVEL,ASPHALT,FAILURE TO YIELD RIGHT OF WAY,RIGHT ANGLE,SCOLLEGEMALLRD,NONE,2021-10-26 19:09:00
656,BLOOMINGTON PD,BLOOMINGTON,1,0.0,0.0,0,0,,,,S COLLEGE AVE,W 1ST ST,,,,39.17688,-86.534736,LOCAL/CITY ROAD,N,URBAN,N,N,N,,DARK (LIGHTED),RAIN,WET,,FOUR-WAY INTERSECTION,STRAIGHT/LEVEL,ASPHALT,RAN OFF ROAD RIGHT,RAN OFF ROAD,SCOLLEGEAVEW1STST,TRAFFIC CONTROL SIGNAL,2021-10-25 03:22:00
657,ELLETTSVILLE PD,ELLETTSVILLE,2,0.0,0.0,0,0,,,,SR 46,W GRANT ST,,,,39.238848,-86.630096,LOCAL/CITY ROAD,N,URBAN,N,N,N,,DARK (LIGHTED),CLOUDY,DRY,,NO JUNCTION INVOLVED,CURVE/HILLCREST,ASPHALT,FAILURE TO YIELD RIGHT OF WAY,SAME DIRECTION SIDESWIPE,MAINSTTEMPERANCEST,LANE CONTROL,2021-10-25 07:25:00
658,MONROE SD,BLOOMINGTON,4,0.0,0.0,0,0,2201,,,W FULLERTON PIKE,,,500.0,E,0.0,0.0,LOCAL/CITY ROAD,N,RURAL,N,N,N,,DAYLIGHT,RAIN,WET,,NO JUNCTION INVOLVED,STRAIGHT/LEVEL,ASPHALT,DRIVER ASLEEP OR FATIGUED,RAN OFF ROAD,I69SWFULLERTONPIKE,NONE,2021-10-25 08:35:00
659,MONROE SD,BLOOMINGTON,1,0.0,0.0,0,0,,,,POINT VIEW DR,E POINTE RD,,,,39.034385,-86.508552,LOCAL/CITY ROAD,N,RURAL,N,N,N,,DAYLIGHT,CLEAR,DRY,,T-INTERSECTION,STRAIGHT/LEVEL,ASPHALT,OTHER (ENVIRONMENTAL) - EXPLAIN IN NARR,OTHER - EXPLAIN IN NARRATIVE,EPOINTECLUBDRPOINTEVIEWDR,OTHER,2021-10-25 10:44:00
660,BLOOMINGTON PD,BLOOMINGTON,3,0.0,0.0,0,0,,,,S LIBERTY DR,SR 48,,,,39.164606,-86.579131,LOCAL/CITY ROAD,N,URBAN,N,N,N,,DAYLIGHT,RAIN,WET,,FOUR-WAY INTERSECTION,STRAIGHT/LEVEL,ASPHALT,FAILURE TO YIELD RIGHT OF WAY,RIGHT ANGLE,SLIBERTYDRW3RDST,LANE CONTROL,2021-10-25 12:10:00
661,BLOOMINGTON PD,BLOOMINGTON,2,0.0,0.0,0,0,,,,N WASHINGTON ST,E KIRKWOOD AVE,,,,39.16664,-86.5324,LOCAL/CITY ROAD,N,URBAN,N,N,N,,DAYLIGHT,RAIN,WET,,FOUR-WAY INTERSECTION,STRAIGHT/LEVEL,ASPHALT,FAILURE TO YIELD RIGHT OF WAY,SAME DIRECTION SIDESWIPE,EASTKIRKWOODAVENORTHWASHINGTONST,LANE CONTROL,2021-10-25 14:27:00
662,INDIANA UNIV BLOOMINGTON PD,BLOOMINGTON,2,0.0,0.0,0,0,,,,SR 45/46,E 10TH ST,,,,0.0,0.0,STATE ROAD,N,URBAN,N,N,N,,DAYLIGHT,RAIN,WET,,FOUR-WAY INTERSECTION,STRAIGHT/LEVEL,ASPHALT,FAILURE TO YIELD RIGHT OF WAY,SAME DIRECTION SIDESWIPE,SR46UNIONVILLERD,TRAFFIC CONTROL SIGNAL,2021-10-25 15:05:00
663,BLOOMINGTON PD,BLOOMINGTON,2,0.0,0.0,0,0,,,,N KINSER PIKE,,,200.0,N,39.198144,-86.542096,LOCAL/CITY ROAD,N,URBAN,N,N,N,,DAYLIGHT,RAIN,WET,,NO JUNCTION INVOLVED,STRAIGHT/LEVEL,ASPHALT,FOLLOWING TOO CLOSELY,REAR END,NORTHKINSERPIKEWESTWINDINGWAY,LANE CONTROL,2021-10-25 15:16:00
664,BLOOMINGTON PD,BLOOMINGTON,3,0.0,1.0,0,0,,,,W COUNTRY CLUB DR,ENTRANCE TO FAIRWAY APARTMENTS,,200.0,W,39.136219,-86.54480969,LOCAL/CITY ROAD,N,URBAN,N,N,N,,DAYLIGHT,RAIN,WET,,T-INTERSECTION,STRAIGHT/GRADE,ASPHALT,SPEED TOO FAST FOR WEATHER CONDITIONS,REAR END,SBANTAAVEWCOUNTRYCLUBDR,NONE,2021-10-25 15:46:00
665,BLOOMINGTON PD,BLOOMINGTON,2,0.0,0.0,0,0,,,,S ROGERS ST,W HOWE ST,,,,39.1624,-86.538592,LOCAL/CITY ROAD,N,URBAN,N,N,N,,DAYLIGHT,RAIN,WET,,NO JUNCTION INVOLVED,STRAIGHT/GRADE,ASPHALT,FOLLOWING TOO CLOSELY,REAR END,SOUTHROGERSSTWESTHOWEST,LANE CONTROL,2021-10-25 16:12:00
666,BLOOMINGTON PD,BLOOMINGTON,3,0.0,1.0,0,0,,,,SR 45/46,N KINSER PIKE,,,,39.186544,-86.537888,LOCAL/CITY ROAD,N,URBAN,N,N,N,,DARK (LIGHTED),RAIN,WET,,FOUR-WAY INTERSECTION,STRAIGHT/GRADE,ASPHALT,FOLLOWING TOO CLOSELY,REAR END,NORTHKINSERPIKEWESTSTATEROAD4546BYP,TRAFFIC CONTROL SIGNAL,2021-10-25 18:56:00
667,BLOOMINGTON PD,BLOOMINGTON,2,0.0,2.0,0,0,,,,S WALNUT ST,E HILLSIDE DR,,,,39.150544,-86.5336,LOCAL/CITY ROAD,N,URBAN,N,N,N,,DARK (LIGHTED),RAIN,WET,,FOUR-WAY INTERSECTION,STRAIGHT/LEVEL,ASPHALT,FAILURE TO YIELD RIGHT OF WAY,LEFT TURN,EHILLSIDEDRSWALNUTST,TRAFFIC CONTROL SIGNAL,2021-10-25 19:00:00
668,BLOOMINGTON PD,BLOOMINGTON,2,0.0,0.0,0,0,,,,SR 48,S CURRY PIKE,,,,0.0,0.0,LOCAL/CITY ROAD,Y,URBAN,N,N,N,,DARK (LIGHTED),RAIN,WET,,FOUR-WAY INTERSECTION,STRAIGHT/LEVEL,ASPHALT,IMPROPER LANE USAGE,RIGHT TURN,E3RDSTSCURRYPIKE,TRAFFIC CONTROL SIGNAL,2021-10-25 19:22:00
669,INDIANA UNIV BLOOMINGTON PD,BLOOMINGTON,2,0.0,0.0,0,0,,,,N FEE LN,SR 45/46,,,,0.0,0.0,STATE ROAD,N,URBAN,N,N,N,,DARK (LIGHTED),RAIN,WET,,FOUR-WAY INTERSECTION,STRAIGHT/LEVEL,ASPHALT,FAILURE TO YIELD RIGHT OF WAY,RIGHT ANGLE,FEELNSR46,TRAFFIC CONTROL SIGNAL,2021-10-25 19:22:00
670,ELLETTSVILLE PD,ELLETTSVILLE,1,0.0,0.0,0,0,,,,SR 46,N CONSTABLE DR,,,,39.237248,-86.62768,LOCAL/CITY ROAD,N,URBAN,N,N,N,,DARK (LIGHTED),RAIN,WET,,T-INTERSECTION,CURVE/GRADE,ASPHALT,ROADWAY SURFACE CONDITION,RAN OFF ROAD,CONSTABLESTMAINST,LANE CONTROL,2021-10-25 19:46:00
671,INDIANA UNIV BLOOMINGTON PD,BLOOMINGTON,1,0.0,0.0,0,0,,,,N DUNN ST,E VARSITY LN,,150.0,N,39.19885911,-86.52834,LOCAL/CITY ROAD,N,URBAN,N,N,N,,DARK (LIGHTED),CLOUDY,WET,,NO JUNCTION INVOLVED,STRAIGHT/HILLCREST,ASPHALT,OBSTRUCTION NOT MARKED,COLLISION WITH OBJECT IN ROAD,DUNNSTEVARSITYLN,LANE CONTROL,2021-10-24 00:18:00
672,ISP BLOOMINGTON 33,BLOOMINGTON,1,,1.0,0,0,,,,I-69 N,,,0.0,,39.07345495,-86.65590121,INTERSTATE,,RURAL,N,N,N,,DARK (NOT LIGHTED),CLOUDY,WET,,NO JUNCTION INVOLVED,,GRAVEL,,RAN OFF ROAD,I69107.5,,2021-10-24 00:40:00
673,BLOOMINGTON PD,BLOOMINGTON,2,0.0,1.0,0,0,,,,SR 45,I-69 S,,,,0.0,0.0,STATE ROAD,N,URBAN,N,N,N,,DARK (LIGHTED),RAIN,WET,,FOUR-WAY INTERSECTION,STRAIGHT/LEVEL,ASPHALT,DISREGARD SIGNAL/REG SIGN,LEFT TURN,I69SSR45W,TRAFFIC CONTROL SIGNAL,2021-10-24 07:00:00
674,MONROE SD,BLOOMINGTON,1,0.0,0.0,0,0,,,,N SR 37 BUSINESS,E WHISNAND RD,,,,39.224641,-86.53978,LOCAL/CITY ROAD,N,URBAN,N,N,N,,DARK (NOT LIGHTED),RAIN,WET,,T-INTERSECTION,STRAIGHT/LEVEL,ASPHALT,RAN OFF ROAD RIGHT,RAN OFF ROAD,BUSINESS37RDWHISNANDRD,STOP SIGN,2021-10-24 07:10:00
675,MONROE SD,BLOOMINGTON,1,0.0,0.0,0,0,6266,,,SR 45,,,450.0,W,39.210327,-86.45111509,STATE ROAD,N,RURAL,N,N,N,,DAYLIGHT,RAIN,WET,,NO JUNCTION INVOLVED,CURVE/LEVEL,ASPHALT,RAN OFF ROAD RIGHT,RAN OFF ROAD,NBENTPINEDRSR45E,NONE,2021-10-24 10:50:00
676,INDIANA UNIV BLOOMINGTON PD,BLOOMINGTON,2,0.0,0.0,0,0,,,,E 3RD ST,S HIGHLAND AVE,,,,39.1581635,-86.517701,LOCAL/CITY ROAD,N,URBAN,N,N,N,,DAYLIGHT,RAIN,WET,,T-INTERSECTION,STRAIGHT/LEVEL,ASPHALT,IMPROPER TURNING,LEFT TURN,3RDSTHIGHLANDAVE,NONE,2021-10-24 11:15:00
677,INDIANA UNIV BLOOMINGTON PD,BLOOMINGTON,2,0.0,0.0,0,0,,,,SR 45,SR 45/46,,,,0.0,0.0,LOCAL/CITY ROAD,N,URBAN,N,N,N,,DAYLIGHT,CLOUDY,WET,,FOUR-WAY INTERSECTION,STRAIGHT/LEVEL,ASPHALT,OTHER (DRIVER) - EXPLAIN IN NARRATIVE,REAR END,10THST46BYP,TRAFFIC CONTROL SIGNAL,2021-10-24 11:54:00
678,BLOOMINGTON PD,BLOOMINGTON,2,0.0,1.0,0,0,,,,S ROGERS ST,W 2ND ST,,,,39.16152,-86.538592,LOCAL/CITY ROAD,N,URBAN,N,N,N,,DAYLIGHT,CLOUDY,WET,,FOUR-WAY INTERSECTION,STRAIGHT/GRADE,CONCRETE,DISREGARD SIGNAL/REG SIGN,RIGHT ANGLE,SOUTHROGERSSTWEST2NDST,TRAFFIC CONTROL SIGNAL,2021-10-24 13:37:00
679,BLOOMINGTON PD,BLOOMINGTON,2,0.0,2.0,0,0,,,,S WALNUT ST,W COUNTRY CLUB DR,,,,39.1359818,-86.5310843,LOCAL/CITY ROAD,N,URBAN,N,N,N,,DAYLIGHT,CLOUDY,DRY,,FOUR-WAY INTERSECTION,STRAIGHT/LEVEL,ASPHALT,FAILURE TO YIELD RIGHT OF WAY,LEFT TURN,EWINSLOWRDSWALNUTST,TRAFFIC CONTROL SIGNAL,2021-10-24 15:39:00
680,MONROE SD,BLOOMINGTON,1,0.0,0.0,0,0,,120A,1,I-69 N,SR 45/46,,,,0.0,0.0,INTERSTATE,N,RURAL,N,Y,N,,DAYLIGHT,CLOUDY,WET,,RAMP,CURVE/LEVEL,ASPHALT,RAN OFF ROAD RIGHT,RAN OFF ROAD,I69N,NONE,2021-10-24 18:14:00
681,BLOOMINGTON PD,BLOOMINGTON,2,0.0,0.0,0,0,,,,S BASSWOOD DR,S GREENLEAF CT,,,,39.153559,-86.572512,LOCAL/CITY ROAD,N,URBAN,N,N,N,,DARK (NOT LIGHTED),CLEAR,WET,,T-INTERSECTION,CURVE/GRADE,ASPHALT,FAILURE TO YIELD RIGHT OF WAY,LEFT/RIGHT TURN,SBASSWOODDRSGREENLEAFCT,NONE,2021-10-24 19:05:00
682,MONROE SD,BLOOMINGTON,1,0.0,0.0,0,0,,123,S,I-69 S,N SR 37 BUSINESS,,,,0.0,0.0,STATE ROAD,N,RURAL,N,N,N,,DARK (NOT LIGHTED),CLOUDY,WET,,RAMP,CURVE/GRADE,ASPHALT,SPEED TOO FAST FOR WEATHER CONDITIONS,RAN OFF ROAD,SR69S,NONE,2021-10-24 19:11:00
683,MONROE SD,BLOOMINGTON,1,0.0,0.0,0,1,,,,I-69 S,,,100.0,S,0.0,0.0,STATE ROAD,N,URBAN,N,N,N,,DARK (NOT LIGHTED),CLOUDY,DRY,,NO JUNCTION INVOLVED,STRAIGHT/GRADE,ASPHALT,ANIMAL/OBJECT IN ROADWAY,COLLISION WITH DEER,SR69S125.0,LANE CONTROL,2021-10-23 04:30:00
684,MONROE SD,BLOOMINGTON,2,0.0,0.0,0,0,,,,SR 37,E MONROE DAM RD,,1.0,N,39.02005075,-86.536096,STATE ROAD,N,RURAL,N,N,Y,LANE CLOSURE,DARK (NOT LIGHTED),FOG/SMOKE/SMOG,WET,,RAMP,STRAIGHT/GRADE,ASPHALT,FAILURE TO YIELD RIGHT OF WAY,SAME DIRECTION SIDESWIPE,MONROEDAMRDSR37N,YIELD SIGN,2021-10-23 06:51:00
685,MONROE SD,BLOOMINGTON,1,0.0,0.0,0,1,,,,SR 37,E MONROE DAM RD,,6864.0,N,39.03870793,-86.53579358,STATE ROAD,N,RURAL,N,Y,N,,DAWN/DUSK,CLEAR,DRY,,NO JUNCTION INVOLVED,STRAIGHT/LEVEL,ASPHALT,ANIMAL/OBJECT IN ROADWAY,COLLISION WITH DEER,EMONROEDAMRDSR37N,NONE,2021-10-23 07:45:00
686,MONROE SD,BLOOMINGTON,2,0.0,0.0,0,0,,,,S WALNUT ST,W DILLMAN RD,,,,39.092972,-86.544156,COUNTY ROAD,N,RURAL,N,N,N,,DAYLIGHT,CLEAR,DRY,,NO JUNCTION INVOLVED,CURVE/GRADE,ASPHALT,FAILURE TO YIELD RIGHT OF WAY,RIGHT ANGLE,SOLDSTATE37RDWDILLMANRD,STOP SIGN,2021-10-23 08:54:00
687,MONROE SD,BLOOMINGTON,2,0.0,0.0,0,0,,,,SR 46,N CENTENNIAL DR,,,,39.210144,-86.5832,STATE ROAD,N,RURAL,N,N,N,,DAYLIGHT,CLOUDY,DRY,,FOUR-WAY INTERSECTION,STRAIGHT/GRADE,ASPHALT,FOLLOWING TOO CLOSELY,REAR END,NORTHSMITHPIKESR46W,TRAFFIC CONTROL SIGNAL,2021-10-23 09:54:00
688,INDIANA UNIV BLOOMINGTON PD,BLOOMINGTON,2,0.0,0.0,0,0,,,,SR 45/46,E DISCOVERY PKWY,,,,0.0,0.0,STATE ROAD,N,URBAN,N,N,N,,DAYLIGHT,CLEAR,DRY,,FOUR-WAY INTERSECTION,STRAIGHT/LEVEL,ASPHALT,FOLLOWING TOO CLOSELY,REAR END,SR46UNIONVILLERD,TRAFFIC CONTROL SIGNAL,2021-10-23 11:25:00
689,MONROE SD,BLOOMINGTON,2,0.0,0.0,0,0,,,,SR 37,S OLD SR 37,,,,39.085462,-86.542568,STATE ROAD,N,RURAL,N,N,N,,DAYLIGHT,CLEAR,DRY,,NO JUNCTION INVOLVED,STRAIGHT/LEVEL,ASPHALT,FOLLOWING TOO CLOSELY,REAR END,SOLDSTATE37RDSR37S,TRAFFIC CONTROL SIGNAL,2021-10-23 11:28:00
690,MONROE SD,BLOOMINGTON,1,1.0,0.0,0,0,,,,E SOUTHSHORE DR,,,1300.0,W,0.0,0.0,LOCAL/CITY ROAD,N,RURAL,N,N,N,,DAYLIGHT,CLEAR,DRY,,NO JUNCTION INVOLVED,STRAIGHT/LEVEL,ASPHALT,RAN OFF ROAD RIGHT,RAN OFF ROAD,ESOUTHSHOREDRSALMONHARBORRD,NONE,2021-10-23 12:10:00
691,BLOOMINGTON PD,BLOOMINGTON,2,0.0,1.0,0,0,,,,N LINCOLN ST,E 20TH ST,,,,39.181744,-86.530192,LOCAL/CITY ROAD,N,URBAN,N,N,N,,DAYLIGHT,CLEAR,DRY,,FOUR-WAY INTERSECTION,STRAIGHT/LEVEL,ASPHALT,TRAFFIC CONTROL INOPERATIVE/MISSING/OBSC,RIGHT ANGLE,E20THSTNLINCOLNST,STOP SIGN,2021-10-23 14:20:00
692,INDIANA UNIV BLOOMINGTON PD,BLOOMINGTON,1,0.0,0.0,0,0,,,,N WALNUT ST,E 10TH ST,,,,39.171744,-86.53352,LOCAL/CITY ROAD,N,URBAN,N,N,N,,DAYLIGHT,CLOUDY,DRY,,FOUR-WAY INTERSECTION,STRAIGHT/GRADE,ASPHALT,OVERCORRECTING/OVERSTEERING,OTHER - EXPLAIN IN NARRATIVE,10THSTWALNUTST,LANE CONTROL,2021-10-23 17:02:00
693,BLOOMINGTON PD,BLOOMINGTON,1,0.0,1.0,0,0,,,,S FRANKLIN RD,W 3RD ST,,,,39.164688,-86.5712,LOCAL/CITY ROAD,N,URBAN,N,N,N,,DAYLIGHT,CLOUDY,DRY,,FOUR-WAY INTERSECTION,STRAIGHT/GRADE,CONCRETE,DISREGARD SIGNAL/REG SIGN,RIGHT TURN,SFRANKLINRDW3RDST,TRAFFIC CONTROL SIGNAL,2021-10-23 17:40:00
694,INDIANA UNIV BLOOMINGTON PD,BLOOMINGTON,3,0.0,1.0,0,0,,,,SR 45/46,N MILO B SAMPSON LN,,,,39.18622,-86.522163,STATE ROAD,N,URBAN,N,N,N,,DARK (LIGHTED),RAIN,WET,,NO JUNCTION INVOLVED,STRAIGHT/LEVEL,ASPHALT,OTHER (DRIVER) - EXPLAIN IN NARRATIVE,REAR END,NMILOBSAMPSONLNSR46,LANE CONTROL,2021-10-23 19:20:00
695,BLOOMINGTON PD,BLOOMINGTON,3,0.0,0.0,0,0,,,,S COLLEGE AVE,W 4TH ST,,250.0,N,39.16464,-86.534816,LOCAL/CITY ROAD,N,URBAN,N,N,N,,DARK (LIGHTED),RAIN,WET,,NO JUNCTION INVOLVED,STRAIGHT/LEVEL,ASPHALT,IMPROPER LANE USAGE,SAME DIRECTION SIDESWIPE,SCOLLEGEAVEW3RDST,LANE CONTROL,2021-10-23 19:50:00
696,INDIANA UNIV BLOOMINGTON PD,BLOOMINGTON,2,0.0,2.0,0,0,,,,S MITCHELL ST,E 3RD ST,,,,39.16426,-86.514211,LOCAL/CITY ROAD,N,URBAN,N,N,N,,DARK (LIGHTED),RAIN,WET,,T-INTERSECTION,STRAIGHT/GRADE,ASPHALT,FOLLOWING TOO CLOSELY,REAR END,MITCHELLSTTHIRDST,NONE,2021-10-23 21:40:00