_id,Agency,City,Vehicles Involved,Trailers Involved,Number Injured,Number Dead,Number Deer,House Number,Roadway Interchange,Roadway Ramp,Roadway Id,Intersecting Road,Interchange,Feet From,Direction,Latitude,Longitude,Roadway Class,Hit and Run?,Locality,School Zone?,Rumble Strips?,Construction?,Construction Type,Light Condition,Weather Conditions,Surface Condition,Type of Median,Roadway Junction Type,Road Character,Roadway Surface,Primary Factor,Manner of Collision,Unique Location Id,Traffic Control,DateTime
823,BLOOMINGTON PD,BLOOMINGTON,1,1.0,0.0,0,0,,,,S EUCLID AVE,W HOWE ST,,75.0,S,39.15447361,-86.543365,LOCAL/CITY ROAD,N,URBAN,N,N,N,,DAYLIGHT,CLEAR,DRY,,T-INTERSECTION,STRAIGHT/GRADE,ASPHALT,OBSTRUCTION NOT MARKED,OTHER - EXPLAIN IN NARRATIVE,EUCLIDAVEHOWEST,NONE,2021-10-11 00:30:00
824,MONROE SD,BLOOMINGTON,1,0.0,1.0,0,0,9130,,,S CHAPEL HILL RD,,,,,39.018733,-86.4180775,COUNTY ROAD,N,RURAL,N,N,N,,DARK (NOT LIGHTED),CLEAR,DRY,,T-INTERSECTION,CURVE/GRADE,ASPHALT,RAN OFF ROAD RIGHT,RAN OFF ROAD,9130SOUTHCHAPELHILLRDCHAPLELHILLRADL,NONE,2021-10-11 03:07:00
825,BLOOMINGTON PD,BLOOMINGTON,2,0.0,0.0,0,0,,,,S PARK AVE,E ATWATER AVE,,,,39.163117,-86.524016,LOCAL/CITY ROAD,Y,URBAN,N,N,N,,DAYLIGHT,CLEAR,DRY,,FOUR-WAY INTERSECTION,STRAIGHT/LEVEL,ASPHALT,IMPROPER TURNING,LEFT/RIGHT TURN,EATWATERAVESPARKAVE,STOP SIGN,2021-10-11 07:45:00
826,BLOOMINGTON PD,BLOOMINGTON,2,0.0,0.0,0,0,,,,W 17TH ST,N LISMORE DR,,,,39.1791162,-86.5548699,LOCAL/CITY ROAD,N,URBAN,N,N,N,,DAYLIGHT,CLEAR,DRY,,T-INTERSECTION,STRAIGHT/HILLCREST,ASPHALT,INSECURE/LEAKY LOAD,OTHER - EXPLAIN IN NARRATIVE,NLISMOREDRW17THST,LANE CONTROL,2021-10-11 08:08:00
827,INDIANA UNIV BLOOMINGTON PD,BLOOMINGTON,1,0.0,0.0,0,1,,,,E 3RD ST,N WOODLAWN AVE,,50.0,E,39.164352,-86.52241559,LOCAL/CITY ROAD,N,URBAN,N,N,N,,DAYLIGHT,CLEAR,DRY,,NO JUNCTION INVOLVED,STRAIGHT/LEVEL,ASPHALT,ANIMAL/OBJECT IN ROADWAY,COLLISION WITH DEER,3RDSTWOODLAWNAVE,NONE,2021-10-11 08:30:00
828,ELLETTSVILLE PD,ELLETTSVILLE,2,0.0,0.0,0,0,,,,SR 46,N CYPRESS LN,,,,39.2136915,-86.5909345,STATE ROAD,N,URBAN,N,N,N,,DAYLIGHT,CLEAR,DRY,,T-INTERSECTION,STRAIGHT/LEVEL,ASPHALT,DRIVER DISTRACTED - EXPLAIN IN NARRATIVE,REAR END,CYPRESSLNSR46W,LANE CONTROL,2021-10-11 08:42:00
829,MONROE SD,BLOOMINGTON,2,0.0,1.0,0,0,6196,,,SR 46,,,470.0,W,39.163636,-86.43791637,STATE ROAD,N,RURAL,N,N,N,,DAYLIGHT,CLEAR,DRY,,NO JUNCTION INVOLVED,STRAIGHT/GRADE,ASPHALT,DRIVER ASLEEP OR FATIGUED,RAN OFF ROAD,EBENDERRDSR46E,LANE CONTROL,2021-10-11 09:36:00
830,INDIANA UNIV BLOOMINGTON PD,BLOOMINGTON,2,0.0,0.0,0,0,,,,E 10TH ST,N FEE LN,,,,39.171606,-86.519002,LOCAL/CITY ROAD,Y,URBAN,N,N,N,,DAYLIGHT,CLEAR,DRY,,T-INTERSECTION,STRAIGHT/GRADE,ASPHALT,FOLLOWING TOO CLOSELY,REAR END,FEELNTENTHST,TRAFFIC CONTROL SIGNAL,2021-10-11 12:25:00
831,BLOOMINGTON PD,BLOOMINGTON,2,0.0,1.0,0,0,3840,,,S LAURA WAY,E HEATHER DR,,,,0.0,0.0,LOCAL/CITY ROAD,N,URBAN,N,N,N,,DAYLIGHT,CLEAR,DRY,,T-INTERSECTION,STRAIGHT/LEVEL,ASPHALT,FAILURE TO YIELD RIGHT OF WAY,LEFT TURN,3840SLAURAWAYEHEATHERDR,NONE,2021-10-11 13:07:00
832,BLOOMINGTON PD,BLOOMINGTON,2,0.0,0.0,0,0,,,,N WALNUT ST,W 17TH ST,,50.0,S,39.17880668,-86.53339399,LOCAL/CITY ROAD,N,URBAN,N,N,N,,DAYLIGHT,CLOUDY,DRY,,NO JUNCTION INVOLVED,STRAIGHT/LEVEL,ASPHALT,UNSAFE LANE MOVEMENT,LEFT TURN,17THSTWALNUTST,LANE CONTROL,2021-10-11 16:21:00
833,MONROE SD,BLOOMINGTON,2,0.0,0.0,0,0,,,,S WALNUT ST PIKE,E RHORER RD,,,,,,LOCAL/CITY ROAD,N,RURAL,N,N,N,,DAYLIGHT,CLEAR,WET,,FOUR-WAY INTERSECTION,STRAIGHT/LEVEL,ASPHALT,DRIVER DISTRACTED - EXPLAIN IN NARRATIVE,REAR END,ERHORERRDSWALNUTSTREETPIKE,TRAFFIC CONTROL SIGNAL,2021-10-11 17:09:00
834,INDIANA UNIV BLOOMINGTON PD,BLOOMINGTON,2,0.0,0.0,0,0,,,,E 10TH ST,N FORREST AVE,,100.0,W,39.17162,-86.52236334,LOCAL/CITY ROAD,N,URBAN,N,N,N,,DAYLIGHT,RAIN,WET,,NO JUNCTION INVOLVED,STRAIGHT/LEVEL,ASPHALT,FOLLOWING TOO CLOSELY,REAR END,E10THSTNFORRESTAVE,NONE,2021-10-11 19:00:00
835,BLOOMINGTON PD,BLOOMINGTON,2,0.0,0.0,0,0,,,,SR 45/46,N WALNUT ST,,,,0.0,0.0,LOCAL/CITY ROAD,N,URBAN,N,N,N,,DARK (LIGHTED),CLOUDY,DRY,,FOUR-WAY INTERSECTION,STRAIGHT/GRADE,ASPHALT,FAILURE TO YIELD RIGHT OF WAY,LEFT TURN,STRD4546BYPWALNUTST,TRAFFIC CONTROL SIGNAL,2021-10-11 23:42:00
836,INDIANA UNIV BLOOMINGTON PD,BLOOMINGTON,2,0.0,0.0,0,0,,,,E 6TH ST,N DUNN ST,,,,39.167463,-86.5280657,LOCAL/CITY ROAD,N,URBAN,N,N,N,,DAYLIGHT,CLEAR,DRY,,NO JUNCTION INVOLVED,STRAIGHT/LEVEL,ASPHALT,IMPROPER TURNING,SAME DIRECTION SIDESWIPE,DUNNSTSIXTHST,NONE,2021-10-10 11:20:00
837,BLOOMINGTON PD,BLOOMINGTON,2,0.0,0.0,0,0,,,,S HIGHLAND AVE,E HUNTER AVE,,,,39.162191,-86.517714,LOCAL/CITY ROAD,N,URBAN,N,N,N,,DAYLIGHT,CLEAR,DRY,,FOUR-WAY INTERSECTION,STRAIGHT/LEVEL,ASPHALT,FAILURE TO YIELD RIGHT OF WAY,RIGHT ANGLE,EHUNTERAVESHIGHLANDAVE,NONE,2021-10-10 12:58:00
838,BLOOMINGTON PD,BLOOMINGTON,2,0.0,0.0,0,0,,,,S COLLEGE MALL RD,E COVENANTER DR,,,,39.155152,-86.497888,LOCAL/CITY ROAD,N,URBAN,N,N,N,,DAYLIGHT,CLEAR,DRY,,FOUR-WAY INTERSECTION,STRAIGHT/LEVEL,ASPHALT,FAILURE TO YIELD RIGHT OF WAY,LEFT TURN,ECOVENANTERDRSCOLLEGEMALLRD,TRAFFIC CONTROL SIGNAL,2021-10-10 15:45:00
839,BLOOMINGTON PD,BLOOMINGTON,2,0.0,0.0,0,0,,,,W 3RD ST,I-69,,,,0.0,0.0,LOCAL/CITY ROAD,N,URBAN,N,N,N,,DARK (LIGHTED),CLEAR,DRY,,FOUR-WAY INTERSECTION,STRAIGHT/GRADE,ASPHALT,DISREGARD SIGNAL/REG SIGN,RIGHT ANGLE,3RDSTI69N,TRAFFIC CONTROL SIGNAL,2021-10-10 21:20:00
840,BLOOMINGTON PD,BLOOMINGTON,2,0.0,0.0,0,0,,,,N MORTON ST,,,150.0,S,39.170544,-86.536,LOCAL/CITY ROAD,Y,URBAN,N,N,N,,UNKNOWN,CLEAR,DRY,,NO JUNCTION INVOLVED,STRAIGHT/LEVEL,ASPHALT,IMPROPER TURNING,REAR END,NMORTONSTW9THST,NONE,2021-10-09 09:30:00
841,BLOOMINGTON PD,BLOOMINGTON,2,0.0,0.0,0,0,2218,,,S BENT TREE DR,,,300.0,S,39.10958156,-86.52172817,LOCAL/CITY ROAD,N,URBAN,N,N,N,,DAYLIGHT,CLEAR,DRY,,NO JUNCTION INVOLVED,STRAIGHT/LEVEL,ASPHALT,UNSAFE BACKING,BACKING CRASH,2200BLKSBENTTREEDRWYLIEFARMRD,NONE,2021-10-09 11:41:00
842,MONROE SD,BLOOMINGTON,1,0.0,0.0,0,0,,,,S WALNUT ST PIKE,,,5000.0,S,39.12144,-86.526496,LOCAL/CITY ROAD,N,RURAL,N,N,N,,DAYLIGHT,CLEAR,DRY,,NO JUNCTION INVOLVED,STRAIGHT/GRADE,ASPHALT,RAN OFF ROAD RIGHT,RAN OFF ROAD,ERHORERRDSWALNUTSTREETPIKE,LANE CONTROL,2021-10-09 15:39:00
843,BLOOMINGTON PD,BLOOMINGTON,2,0.0,0.0,0,0,,,,W ILLINOIS CT,N ILLINOIS ST,,,,39.173344,-86.550304,LOCAL/CITY ROAD,Y,,N,N,N,,DARK (LIGHTED),CLEAR,DRY,,T-INTERSECTION,STRAIGHT/LEVEL,ASPHALT,IMPROPER TURNING,RIGHT TURN,NILLINOISSTWILLINOISCT,STOP SIGN,2021-10-09 18:00:00
844,ELLETTSVILLE PD,ELLETTSVILLE,1,0.0,0.0,0,0,3700,,,W ARLINGTON RD,,,,,39.2019408,-86.5606547,LOCAL/CITY ROAD,Y,URBAN,N,N,N,,DARK (NOT LIGHTED),CLOUDY,WET,,NO JUNCTION INVOLVED,CURVE/LEVEL,ASPHALT,RAN OFF ROAD RIGHT,RAN OFF ROAD,WESTARLINGTONRD,LANE CONTROL,2021-10-08 06:00:00
845,BLOOMINGTON PD,BLOOMINGTON,2,0.0,0.0,0,0,501,,,E DODDS ST,S DUNN ST,,,,39.157634,-86.527924,LOCAL/CITY ROAD,Y,URBAN,N,N,N,,DAYLIGHT,CLEAR,DRY,,NO JUNCTION INVOLVED,STRAIGHT/LEVEL,ASPHALT,FAILURE TO YIELD RIGHT OF WAY,,EDODDSST,NONE,2021-10-08 09:30:00
846,ISP BLOOMINGTON 33,BLOOMINGTON,1,,1.0,0,0,,,,I-69 N,,,0.0,,39.22242282,-86.54899228,INTERSTATE,,RURAL,N,N,N,,DAYLIGHT,CLEAR,DRY,,NO JUNCTION INVOLVED,,CONCRETE,,,I-69123,,2021-10-08 12:15:00
847,ELLETTSVILLE PD,ELLETTSVILLE,2,0.0,0.0,0,0,,,,SR 46,W GRANT ST,,,,39.243666,-86.63401399,STATE ROAD,N,URBAN,N,N,N,,DAYLIGHT,CLEAR,DRY,,NO JUNCTION INVOLVED,STRAIGHT/GRADE,ASPHALT,FOLLOWING TOO CLOSELY,REAR END,GRANTSTSR46W,LANE CONTROL,2021-10-08 13:51:00
848,BLOOMINGTON PD,BLOOMINGTON,2,0.0,0.0,0,0,,,,E 7TH ST,N LINCOLN ST,,,,39.16864,-86.530992,LOCAL/CITY ROAD,N,URBAN,N,N,Y,WORK ON SHOULDER,DAYLIGHT,CLEAR,DRY,,FOUR-WAY INTERSECTION,STRAIGHT/LEVEL,ASPHALT,FAILURE TO YIELD RIGHT OF WAY,RIGHT ANGLE,EAST7THSTNORTHLINCOLNST,STOP SIGN,2021-10-08 15:48:00
849,MONROE SD,BLOOMINGTON,2,0.0,0.0,0,0,,,,S HARRELL RD,E RHORER RD,,,,39.121808,-86.498784,UNKNOWN,N,URBAN,N,N,N,,DAYLIGHT,CLEAR,DRY,,T-INTERSECTION,STRAIGHT/GRADE,ASPHALT,UNSAFE BACKING,BACKING CRASH,ERHORERRDSHARRELLRD,STOP SIGN,2021-10-08 17:17:00
850,BLOOMINGTON PD,BLOOMINGTON,2,0.0,2.0,0,0,,,,SR 45,S LEONARD SPRINGS RD,,,,39.1420168,-86.5825852,LOCAL/CITY ROAD,N,URBAN,N,N,N,,DAWN/DUSK,CLEAR,DRY,,FOUR-WAY INTERSECTION,STRAIGHT/GRADE,ASPHALT,DISREGARD SIGNAL/REG SIGN,RIGHT ANGLE,SOUTHCURRYPIKEWESTSTATEROAD45HWY,TRAFFIC CONTROL SIGNAL,2021-10-08 19:08:00
851,BLOOMINGTON PD,BLOOMINGTON,2,0.0,0.0,0,0,,,,E TYLERS TURN,S MAXWELL ST,,,,,,LOCAL/CITY ROAD,Y,URBAN,N,N,N,,DAYLIGHT,CLEAR,DRY,,T-INTERSECTION,STRAIGHT/LEVEL,ASPHALT,OTHER (VEHICLE) - EXPLAIN IN NARRATIVE,OTHER - EXPLAIN IN NARRATIVE,ETYLERSTURNSMAXWELLST,NONE,2021-10-08 19:15:00
852,INDIANA UNIV BLOOMINGTON PD,BLOOMINGTON,2,0.0,0.0,0,0,,,,SR 45/46,E 17TH ST,,,,39.17984,-86.507088,STATE ROAD,N,URBAN,N,N,N,,DAYLIGHT,CLEAR,DRY,,T-INTERSECTION,STRAIGHT/LEVEL,ASPHALT,FOLLOWING TOO CLOSELY,REAR END,17THSTSR46E,TRAFFIC CONTROL SIGNAL,2021-10-08 22:45:00
853,MONROE SD,BLOOMINGTON,1,0.0,0.0,0,0,,,,W WOODYARD RD,,,500.0,W,39.190638,-86.5830707,LOCAL/CITY ROAD,N,URBAN,N,N,N,,DARK (NOT LIGHTED),CLOUDY,WET,,NO JUNCTION INVOLVED,STRAIGHT/LEVEL,ASPHALT,SPEED TOO FAST FOR WEATHER CONDITIONS,RAN OFF ROAD,NSMITHPIKEWWOODYARDRD,LANE CONTROL,2021-10-07 02:40:00
854,MONROE SD,BLOOMINGTON,1,0.0,0.0,0,0,,123,S,I-69 N,,,,,0.0,0.0,INTERSTATE,N,URBAN,N,N,N,,DAYLIGHT,CLOUDY,WET,,RAMP,CURVE/GRADE,ASPHALT,SPEED TOO FAST FOR WEATHER CONDITIONS,RAN OFF ROAD,I69N,NONE,2021-10-07 08:29:00
855,INDIANA UNIV BLOOMINGTON PD,BLOOMINGTON,1,0.0,1.0,0,0,,,,N WALNUT GROVE ST,,,250.0,S,39.17896,-86.521088,LOCAL/CITY ROAD,N,URBAN,N,N,N,,DAYLIGHT,CLEAR,DRY,,NO JUNCTION INVOLVED,STRAIGHT/LEVEL,ASPHALT,UNSAFE LANE MOVEMENT,NON-COLLISION,17THSTNORTHWALNUTGROVEST,NONE,2021-10-07 12:40:00
856,BLOOMINGTON PD,BLOOMINGTON,2,0.0,0.0,0,0,,,,S ROGERS ST,W 2ND ST,,,,39.16152,-86.538592,LOCAL/CITY ROAD,N,URBAN,N,N,N,,DAYLIGHT,CLOUDY,WET,,FOUR-WAY INTERSECTION,STRAIGHT/LEVEL,ASPHALT,FOLLOWING TOO CLOSELY,REAR END,SROGERSSTW2NDST,TRAFFIC CONTROL SIGNAL,2021-10-07 12:44:00
857,BLOOMINGTON PD,BLOOMINGTON,1,0.0,0.0,0,0,,,,W 2ND ST,S WALNUT ST,,,,39.161363,-86.533648,LOCAL/CITY ROAD,N,URBAN,N,N,N,,DAYLIGHT,CLOUDY,WET,,FOUR-WAY INTERSECTION,STRAIGHT/LEVEL,ASPHALT,FAILURE TO YIELD RIGHT OF WAY,OTHER - EXPLAIN IN NARRATIVE,E2NDSTSWALNUTST,TRAFFIC CONTROL SIGNAL,2021-10-07 14:36:00
858,INDIANA UNIV BLOOMINGTON PD,BLOOMINGTON,2,0.0,0.0,0,0,,,,E 3RD ST,S ROSE AVE,,,,39.164263,-86.510912,LOCAL/CITY ROAD,Y,URBAN,N,N,N,,DAYLIGHT,CLOUDY,DRY,,NO JUNCTION INVOLVED,STRAIGHT/GRADE,ASPHALT,,REAR END,ROSEAVETHIRDST,NONE,2021-10-07 15:15:00
859,MONROE SD,BLOOMINGTON,2,0.0,0.0,0,0,,,,SR 37,S VICTOR PIKE,,,,39.1055865,-86.551363,STATE ROAD,N,RURAL,N,N,N,,DARK (LIGHTED),CLEAR,DRY,,FOUR-WAY INTERSECTION,STRAIGHT/LEVEL,ASPHALT,DISREGARD SIGNAL/REG SIGN,LEFT TURN,SVICTORPIKESR37S,TRAFFIC CONTROL SIGNAL,2021-10-07 21:24:00
860,BLOOMINGTON PD,BLOOMINGTON,2,0.0,0.0,0,0,,,,S ROGERS ST,W 6TH ST,,,,39.16768,-86.538592,LOCAL/CITY ROAD,N,URBAN,N,N,N,,DARK (NOT LIGHTED),CLOUDY,WET,,NO JUNCTION INVOLVED,STRAIGHT/LEVEL,ASPHALT,FAILURE TO YIELD RIGHT OF WAY,RIGHT ANGLE,6THSTROGERSST,STOP SIGN,2021-10-07 22:26:00
861,ISP BLOOMINGTON 33,BLOOMINGTON,1,,0.0,0,1,,,,SR 37,I-69 N,,2130.0,,39.10859771,-86.55672327,STATE ROAD,,RURAL,N,N,N,,DARK (LIGHTED),CLEAR,DRY,,RAMP,,ASPHALT,ANIMAL/OBJECT IN ROADWAY,COLLISION WITH DEER,VictorPikeStateRd37,,2021-10-06 06:20:00
862,BLOOMINGTON PD,BLOOMINGTON,2,0.0,1.0,0,0,,,,W BLOOMFIELD RD,I-69 N,,,,39.1492153,-86.5697037,LOCAL/CITY ROAD,N,URBAN,N,N,N,,DAYLIGHT,CLOUDY,DRY,,FOUR-WAY INTERSECTION,STRAIGHT/LEVEL,ASPHALT,FOLLOWING TOO CLOSELY,REAR END,NSTATE69RDWBLOOMFIELDRD,TRAFFIC CONTROL SIGNAL,2021-10-06 09:55:00
863,BLOOMINGTON PD,BLOOMINGTON,2,0.0,0.0,0,0,,,,S CURRY PIKE,SR 48,,,,39.16465,-86.582939,LOCAL/CITY ROAD,N,URBAN,N,N,N,,DAYLIGHT,CLOUDY,DRY,,FOUR-WAY INTERSECTION,STRAIGHT/LEVEL,ASPHALT,UNSAFE LANE MOVEMENT,SAME DIRECTION SIDESWIPE,SCURRYPIKEW3RDST,TRAFFIC CONTROL SIGNAL,2021-10-06 12:09:00
864,BLOOMINGTON PD,BLOOMINGTON,2,0.0,0.0,0,0,,,,W BLOOMFIELD RD,S WEIMER RD,,,,39.154272,-86.564176,LOCAL/CITY ROAD,N,URBAN,N,N,N,,DAYLIGHT,CLOUDY,DRY,,T-INTERSECTION,STRAIGHT/HILLCREST,ASPHALT,UNSAFE LANE MOVEMENT,OPPOSITE DIRECTION SIDESWIPE,SWEIMERRDWBLOOMFIELDRD,NONE,2021-10-06 12:52:00
865,INDIANA UNIV BLOOMINGTON PD,BLOOMINGTON,2,0.0,0.0,0,0,,,,E 10TH ST,ENTRANCE TO TULIPTREE APARTMENTS,,,,0.0,0.0,LOCAL/CITY ROAD,N,URBAN,N,N,N,,DAYLIGHT,RAIN,WET,,T-INTERSECTION,STRAIGHT/LEVEL,ASPHALT,FOLLOWING TOO CLOSELY,REAR END,DRIVETOHILLTOPGARDENDREAST10THST,NONE,2021-10-06 13:30:00
866,BLOOMINGTON PD,BLOOMINGTON,2,0.0,0.0,0,0,,,,W 3RD ST,S WALNUT ST,,,,39.16464,-86.5336,LOCAL/CITY ROAD,N,URBAN,N,N,N,,DAYLIGHT,CLOUDY,DRY,,FOUR-WAY INTERSECTION,STRAIGHT/LEVEL,ASPHALT,FOLLOWING TOO CLOSELY,REAR END,ETHIRDSTSWALNUTST,TRAFFIC CONTROL SIGNAL,2021-10-06 14:59:00
867,BLOOMINGTON PD,BLOOMINGTON,2,0.0,1.0,0,0,,,,SR 48,RUNKLE LN,,,,0.0,0.0,LOCAL/CITY ROAD,N,URBAN,N,N,N,,DAYLIGHT,CLOUDY,DRY,,FOUR-WAY INTERSECTION,STRAIGHT/LEVEL,ASPHALT,FAILURE TO YIELD RIGHT OF WAY,SAME DIRECTION SIDESWIPE,RUNKLELNWEST3RDST,LANE CONTROL,2021-10-06 16:28:00
868,MONROE SD,BLOOMINGTON,2,0.0,0.0,0,0,,,,S CURRY PIKE,W CONSTITUTION WAY,,,,39.148865,-86.582603,COUNTY ROAD,N,RURAL,N,N,N,,DAYLIGHT,CLOUDY,DRY,,FOUR-WAY INTERSECTION,STRAIGHT/GRADE,ASPHALT,FAILURE TO YIELD RIGHT OF WAY,RIGHT ANGLE,CONSTITUTIONAVECURRYPIKE,NONE,2021-10-06 16:34:00
869,BLOOMINGTON PD,BLOOMINGTON,2,0.0,0.0,0,0,,,Y,W 3RD ST,I-69 N,,,,0.0,0.0,LOCAL/CITY ROAD,N,URBAN,N,N,N,,DAYLIGHT,CLOUDY,WET,,INTERCHANGE,CURVE/GRADE,ASPHALT,FOLLOWING TOO CLOSELY,REAR END,I69NHWYW3RDST,TRAFFIC CONTROL SIGNAL,2021-10-06 17:58:00
870,BLOOMINGTON PD,BLOOMINGTON,2,0.0,0.0,0,0,,,,SR 45/46,N WALNUT ST,,500.0,E,39.186368,-86.5344,STATE ROAD,Y,URBAN,N,N,N,,DAWN/DUSK,CLEAR,DRY,,FOUR-WAY INTERSECTION,STRAIGHT/LEVEL,ASPHALT,FOLLOWING TOO CLOSELY,REAR END,NWALNUTSTSR4546W,NONE,2021-10-06 18:48:00
871,BLOOMINGTON PD,BLOOMINGTON,2,0.0,0.0,0,0,,,,E 3RD ST,S OVERHILL DR,,,,39.164272,-86.501488,LOCAL/CITY ROAD,N,URBAN,N,N,N,,DAWN/DUSK,CLOUDY,WET,,T-INTERSECTION,STRAIGHT/LEVEL,ASPHALT,FOLLOWING TOO CLOSELY,REAR END,E3RDSTSOVERHILLDR,NONE,2021-10-06 19:04:00
872,INDIANA UNIV BLOOMINGTON PD,BLOOMINGTON,1,0.0,0.0,0,0,,,,S FACULTY AVE,E ATWATER AVE,,,,39.163095,-86.521067,UNKNOWN,N,URBAN,N,N,N,,DAYLIGHT,CLOUDY,WET,,NO JUNCTION INVOLVED,STRAIGHT/LEVEL,CONCRETE,OTHER (DRIVER) - EXPLAIN IN NARRATIVE,OTHER - EXPLAIN IN NARRATIVE,ATWATERAVEFACULTYAVE,OTHER,2021-10-06 19:08:00
873,BLOOMINGTON PD,BLOOMINGTON,3,0.0,0.0,0,0,,,,E 3RD ST,N GRANT ST,,,,39.16464,-86.529728,LOCAL/CITY ROAD,N,URBAN,N,N,N,,DAWN/DUSK,CLOUDY,WET,,FOUR-WAY INTERSECTION,STRAIGHT/GRADE,ASPHALT,FAILURE TO YIELD RIGHT OF WAY,RIGHT ANGLE,EAST3RDSTNORTHGRANTST,STOP SIGN,2021-10-06 19:20:00
874,MONROE SD,BLOOMINGTON,2,0.0,0.0,0,0,,,,W TAPP RD,I-69 S,,,,39.136767,-86.576087,COUNTY ROAD,N,URBAN,N,N,N,,DARK (LIGHTED),CLEAR,DRY,,NO JUNCTION INVOLVED,STRAIGHT/LEVEL,ASPHALT,UNSAFE SPEED,OTHER - EXPLAIN IN NARRATIVE,DANLYNRDTAPPRD,ROUNDABOUT INTERSECTION,2021-10-06 19:47:00
875,MONROE SD,BLOOMINGTON,2,0.0,0.0,0,0,,,,W TAPP RD,I-69,,,,0.0,0.0,LOCAL/CITY ROAD,N,URBAN,N,N,N,,DARK (LIGHTED),RAIN,WET,,TRAFFIC CIRCLE/ROUNDABOUT,STRAIGHT/GRADE,ASPHALT,FAILURE TO YIELD RIGHT OF WAY,REAR END,I69TAPPRD,ROUNDABOUT INTERSECTION,2021-10-06 20:08:00
876,BLOOMINGTON PD,BLOOMINGTON,2,0.0,0.0,0,0,,,,E MOORES PIKE,S RENWICK BLVD,,,,39.1500768,-86.5009805,LOCAL/CITY ROAD,N,URBAN,N,N,N,,DAYLIGHT,CLEAR,DRY,,TRAFFIC CIRCLE/ROUNDABOUT,CURVE/LEVEL,ASPHALT,FOLLOWING TOO CLOSELY,REAR END,EASTMOORESPIKESOUTHRENWICKBLVD,ROUNDABOUT INTERSECTION,2021-10-05 03:57:00
877,ISP BLOOMINGTON 33,BLOOMINGTON,1,,0.0,0,1,,,,SR 37,,,1500.0,N,39.02936579,-86.5343923,STATE ROAD,,RURAL,N,N,N,,DARK (NOT LIGHTED),FOG/SMOKE/SMOG,DRY,,NO JUNCTION INVOLVED,,ASPHALT,ANIMAL/OBJECT IN ROADWAY,COLLISION WITH DEER,SR37MonroeDamRd,,2021-10-05 07:14:00
878,BLOOMINGTON PD,BLOOMINGTON,2,0.0,0.0,0,0,,,,W KIRKWOOD AVE,N ELM ST,,,,39.166768,-86.5452,LOCAL/CITY ROAD,Y,URBAN,N,N,N,,DAWN/DUSK,CLEAR,DRY,,FOUR-WAY INTERSECTION,STRAIGHT/GRADE,ASPHALT,LEFT OF CENTER,OPPOSITE DIRECTION SIDESWIPE,NORTHELMSTWESTKIRKWOODAVE,LANE CONTROL,2021-10-05 07:37:00
879,ISP BLOOMINGTON 33,BLOOMINGTON,2,,0.0,0,0,,,,W 3RD ST,I-69 N,,0.0,,39.1647367,-86.57403535,STATE ROAD,,URBAN,N,N,N,,DAYLIGHT,FOG/SMOKE/SMOG,DRY,,RAMP,,ASPHALT,DRIVER DISTRACTED - EXPLAIN IN NARRATIVE,REAR END,W3RDST,,2021-10-05 08:10:00
880,MONROE SD,ELLETTSVILLE,1,0.0,1.0,0,0,,,,W REEVES RD,,,2000.0,E,39.241764,-86.68435536,LOCAL/CITY ROAD,N,RURAL,N,N,N,,DAYLIGHT,CLEAR,DRY,,NO JUNCTION INVOLVED,CURVE/GRADE,ASPHALT,RAN OFF ROAD RIGHT,RAN OFF ROAD,NCOUNTYLINERDWREEVESRD,NONE,2021-10-05 13:57:00
881,ISP BLOOMINGTON 33,BLOOMINGTON,2,,0.0,0,0,,,,I-69 S,,,0.0,,39.12414799,-86.57229088,INTERSTATE,,RURAL,N,N,N,,DAYLIGHT,CLEAR,DRY,,NO JUNCTION INVOLVED,,CONCRETE,ANIMAL/OBJECT IN ROADWAY,COLLISION WITH OBJECT IN ROAD,I-69115,,2021-10-05 15:10:00
882,BLOOMINGTON PD,BLOOMINGTON,2,0.0,0.0,0,0,,,,N KINSER PIKE,W GOURLEY PIKE,,,,39.185392,-86.537856,LOCAL/CITY ROAD,N,URBAN,N,N,N,,DAYLIGHT,CLEAR,DRY,,FOUR-WAY INTERSECTION,STRAIGHT/GRADE,ASPHALT,FAILURE TO YIELD RIGHT OF WAY,OPPOSITE DIRECTION SIDESWIPE,NORTHKINSERPIKEWESTGOURLEYPIKE,STOP SIGN,2021-10-05 15:11:00
883,BLOOMINGTON PD,BLOOMINGTON,2,0.0,0.0,0,0,,,,N WALNUT ST,SR 45/46,,,,39.186368,-86.5344,LOCAL/CITY ROAD,N,URBAN,Y,N,N,,DAYLIGHT,CLEAR,DRY,,FOUR-WAY INTERSECTION,STRAIGHT/LEVEL,ASPHALT,FAILURE TO YIELD RIGHT OF WAY,SAME DIRECTION SIDESWIPE,NWALNUTSTSR4546HWY,TRAFFIC CONTROL SIGNAL,2021-10-05 15:13:00
884,MONROE SD,BLOOMINGTON,2,0.0,0.0,0,0,,,,E MOFFETT LN,S HARRELL RD,,,,39.099792,-86.498448,LOCAL/CITY ROAD,N,RURAL,N,N,N,,DAYLIGHT,CLEAR,DRY,,T-INTERSECTION,STRAIGHT/GRADE,ASPHALT,FAILURE TO YIELD RIGHT OF WAY,RIGHT ANGLE,HARRELLRDMOFFETTLN,NONE,2021-10-05 16:21:00
885,MONROE SD,BLOOMINGTON,2,0.0,0.0,0,0,3923,,,W NORWAY CT,,,460.0,E,39.203762,-86.58722783,LOCAL/CITY ROAD,N,RURAL,N,N,N,,DAYLIGHT,CLEAR,DRY,,NO JUNCTION INVOLVED,STRAIGHT/LEVEL,ASPHALT,OTHER (DRIVER) - EXPLAIN IN NARRATIVE,BACKING CRASH,NNORWAYDRWNORWAYCT,NONE,2021-10-05 17:04:00