_id,Agency,City,Vehicles Involved,Trailers Involved,Number Injured,Number Dead,Number Deer,House Number,Roadway Interchange,Roadway Ramp,Roadway Id,Intersecting Road,Interchange,Feet From,Direction,Latitude,Longitude,Roadway Class,Hit and Run?,Locality,School Zone?,Rumble Strips?,Construction?,Construction Type,Light Condition,Weather Conditions,Surface Condition,Type of Median,Roadway Junction Type,Road Character,Roadway Surface,Primary Factor,Manner of Collision,Unique Location Id,Traffic Control,DateTime
886,BLOOMINGTON PD,BLOOMINGTON,1,0.0,0.0,0,0,,,,I-69 N,W 3RD ST,,0.0,N,0.0,0.0,INTERSTATE,N,URBAN,N,N,N,,DAYLIGHT,CLEAR,DRY,,NO JUNCTION INVOLVED,STRAIGHT/LEVEL,ASPHALT,DRIVER ASLEEP OR FATIGUED,OTHER - EXPLAIN IN NARRATIVE,I69N118,NONE,2021-10-05 18:09:00
887,BLOOMINGTON PD,BLOOMINGTON,2,0.0,0.0,0,0,,,,N DUNN ST,E 15TH ST,,40.0,S,39.176944,-86.528272,LOCAL/CITY ROAD,N,URBAN,N,N,N,,DAYLIGHT,CLEAR,DRY,,FOUR-WAY INTERSECTION,STRAIGHT/GRADE,ASPHALT,FAILURE TO YIELD RIGHT OF WAY,RIGHT ANGLE,EAST15THSTNORTHDUNNST,LANE CONTROL,2021-10-05 18:19:00
888,INDIANA UNIV BLOOMINGTON PD,BLOOMINGTON,2,0.0,0.0,0,0,1005,,,N JORDAN AVE,,,624.0,E,0.0,0.0,LOCAL/CITY ROAD,Y,URBAN,N,N,N,,DAYLIGHT,CLEAR,DRY,,NO JUNCTION INVOLVED,STRAIGHT/LEVEL,ASPHALT,UNSAFE BACKING,BACKING CRASH,JORDANAVENFOSTERDR,NONE,2021-10-05 18:30:00
889,ELLETTSVILLE PD,ELLETTSVILLE,2,0.0,2.0,0,0,,,,SR 46,N HARTSTRAIT RD,,,,39.227624,-86.615919,STATE ROAD,N,URBAN,N,N,N,,DAYLIGHT,CLEAR,DRY,,NO JUNCTION INVOLVED,STRAIGHT/LEVEL,ASPHALT,FAILURE TO YIELD RIGHT OF WAY,HEAD ON BETWEEN TWO MOTOR VEHICLES,HARTSTRAITRDSR46W,NONE,2021-10-04 00:14:00
890,BLOOMINGTON PD,BLOOMINGTON,2,0.0,0.0,0,0,,,,N COLLEGE AVE,W 17TH ST,,,,39.17896,-86.53472,LOCAL/CITY ROAD,N,URBAN,N,N,N,,DARK (LIGHTED),CLEAR,DRY,,NO JUNCTION INVOLVED,STRAIGHT/LEVEL,ASPHALT,IMPROPER TURNING,SAME DIRECTION SIDESWIPE,17THSTCOLLEGEAVE,TRAFFIC CONTROL SIGNAL,2021-10-04 05:22:00
891,BLOOMINGTON PD,BLOOMINGTON,2,0.0,0.0,0,0,1409,,,W ALLEN ST (W/I WHITTINGTON COMMONS),,,,,39.155856,-86.5489696,LOCAL/CITY ROAD,Y,URBAN,N,N,N,,UNKNOWN,,,,NO JUNCTION INVOLVED,STRAIGHT/LEVEL,ASPHALT,IMPROPER LANE USAGE,SAME DIRECTION SIDESWIPE,WALLENST,NONE,2021-10-04 09:11:00
892,BLOOMINGTON PD,BLOOMINGTON,2,0.0,0.0,0,0,,,,W KIRKWOOD AVE,N RITTER ST,,50.0,W,39.1668348,-86.55116838,LOCAL/CITY ROAD,N,URBAN,Y,N,N,,DAYLIGHT,CLOUDY,DRY,,NO JUNCTION INVOLVED,STRAIGHT/GRADE,ASPHALT,UNSAFE BACKING,BACKING CRASH,KIRKWOODAVERITTERST,NONE,2021-10-04 09:31:00
893,INDIANA UNIV BLOOMINGTON PD,BLOOMINGTON,2,0.0,0.0,0,0,,,,SR 45/46,E 10TH ST,,,,0.0,0.0,STATE ROAD,N,URBAN,N,N,N,,DAYLIGHT,CLOUDY,DRY,,FOUR-WAY INTERSECTION,STRAIGHT/LEVEL,ASPHALT,OTHER (DRIVER) - EXPLAIN IN NARRATIVE,REAR END,SR46UNIONVILLERD,TRAFFIC CONTROL SIGNAL,2021-10-04 11:35:00
894,BLOOMINGTON PD,BLOOMINGTON,2,0.0,0.0,0,0,,,,E 4TH ST,S DUNN ST,,,,39.165648,-86.528144,LOCAL/CITY ROAD,N,URBAN,N,N,N,,DAYLIGHT,CLOUDY,DRY,,NO JUNCTION INVOLVED,STRAIGHT/LEVEL,ASPHALT,FAILURE TO YIELD RIGHT OF WAY,SAME DIRECTION SIDESWIPE,4THSTSDUNNST,NONE,2021-10-04 12:48:00
895,MONROE SD,BLOOMINGTON,2,0.0,1.0,0,0,,,,S OLD SR 37,S DELLSVILLE RD,,,,39.065905,-86.541437,COUNTY ROAD,N,RURAL,N,N,N,,DAYLIGHT,CLOUDY,DRY,,NO JUNCTION INVOLVED,CURVE/LEVEL,ASPHALT,FOLLOWING TOO CLOSELY,REAR END,SOUTHDELLSVILLERDSOUTHOLDSTATE37RD,NONE,2021-10-04 13:30:00
896,BLOOMINGTON PD,BLOOMINGTON,2,0.0,0.0,0,0,,,,SR 48,S GATES DR,,50.0,W,0.0,0.0,LOCAL/CITY ROAD,N,URBAN,N,N,N,,DAYLIGHT,CLOUDY,DRY,,FOUR-WAY INTERSECTION,STRAIGHT/GRADE,ASPHALT,FAILURE TO YIELD RIGHT OF WAY,SAME DIRECTION SIDESWIPE,NORTHGATESDRWEST3RDST,TRAFFIC CONTROL SIGNAL,2021-10-04 13:38:00
897,BLOOMINGTON PD,BLOOMINGTON,2,0.0,0.0,0,0,,,,N COLLEGE AVE,W 8TH ST,,,,39.169552,-86.534784,LOCAL/CITY ROAD,N,URBAN,N,N,N,,DAYLIGHT,CLOUDY,DRY,,NO JUNCTION INVOLVED,STRAIGHT/LEVEL,ASPHALT,UNSAFE LANE MOVEMENT,SAME DIRECTION SIDESWIPE,NCOLLEGEAVEW8THST,LANE CONTROL,2021-10-04 13:44:00
898,BLOOMINGTON PD,BLOOMINGTON,2,0.0,0.0,0,0,,,,W 3RD ST (N),S PATTERSON DR,,300.0,W,39.16342,-86.55122303,LOCAL/CITY ROAD,N,URBAN,N,N,N,,DAYLIGHT,CLOUDY,DRY,,T-INTERSECTION,STRAIGHT/GRADE,ASPHALT,FOLLOWING TOO CLOSELY,REAR END,SOUTHPATTERSONDRWEST3RDST,LANE CONTROL,2021-10-04 14:44:00
899,INDIANA UNIV BLOOMINGTON PD,BLOOMINGTON,2,0.0,0.0,0,0,,,,N JORDAN AVE,E LAW LN,,,,39.173403,-86.515448,LOCAL/CITY ROAD,N,URBAN,N,N,N,,DAYLIGHT,CLOUDY,DRY,,NO JUNCTION INVOLVED,STRAIGHT/LEVEL,ASPHALT,FOLLOWING TOO CLOSELY,REAR END,ELAWLNJORDANAVE,NONE,2021-10-04 14:45:00
900,BLOOMINGTON PD,BLOOMINGTON,2,0.0,0.0,0,0,,,,SR 45/46,N KINSER PIKE,,,,0.0,0.0,LOCAL/CITY ROAD,N,URBAN,Y,N,N,,DAYLIGHT,CLEAR,DRY,,FOUR-WAY INTERSECTION,STRAIGHT/LEVEL,ASPHALT,FAILURE TO YIELD RIGHT OF WAY,SAME DIRECTION SIDESWIPE,NKINSERPIKEWSTATERD4546BYP,NONE,2021-10-04 15:03:00
901,BLOOMINGTON PD,BLOOMINGTON,2,0.0,0.0,0,0,,,,N WALNUT ST,W 6TH ST,,,,39.167648,-86.533584,LOCAL/CITY ROAD,Y,URBAN,N,N,N,,DAYLIGHT,CLEAR,DRY,,FOUR-WAY INTERSECTION,STRAIGHT/GRADE,ASPHALT,UNSAFE LANE MOVEMENT,SAME DIRECTION SIDESWIPE,NWALNUTSTW6THST,TRAFFIC CONTROL SIGNAL,2021-10-04 15:09:00
902,ISP BLOOMINGTON 33,BLOOMINGTON,1,,0.0,0,1,,,,I-69 N,,,0.0,,39.23718041,-86.5390036,INTERSTATE,,RURAL,N,N,N,,DARK (NOT LIGHTED),CLOUDY,WET,,NO JUNCTION INVOLVED,,ASPHALT,ANIMAL/OBJECT IN ROADWAY,COLLISION WITH DEER,I-69124,,2021-10-04 20:00:00
903,BLOOMINGTON PD,BLOOMINGTON,2,0.0,0.0,0,0,,,,S DUNN ST,E 4TH ST,,,,39.165648,-86.528144,LOCAL/CITY ROAD,N,URBAN,N,N,N,,DAYLIGHT,CLOUDY,WET,,FOUR-WAY INTERSECTION,STRAIGHT/LEVEL,ASPHALT,IMPROPER LANE USAGE,BACKING CRASH,E4THSTSDUNNST,STOP SIGN,2021-10-03 08:45:00
904,BLOOMINGTON PD,BLOOMINGTON,2,0.0,0.0,0,0,,,,E MOORES PIKE,S CLARIZZ BLVD,,,,39.150326,-86.491312,LOCAL/CITY ROAD,N,URBAN,N,N,N,,DAYLIGHT,CLOUDY,WET,,T-INTERSECTION,STRAIGHT/GRADE,ASPHALT,FOLLOWING TOO CLOSELY,REAR END,CLARIZZBLVDMOORESPIKE,NONE,2021-10-03 09:40:00
905,MONROE SD,BLOOMINGTON,1,0.0,0.0,0,0,,,,W CHURCH LN,S ROGERS ST,,100.0,W,39.107456,-86.540064,LOCAL/CITY ROAD,N,RURAL,N,N,N,,UNKNOWN,RAIN,WET,,NO JUNCTION INVOLVED,CURVE/GRADE,ASPHALT,ROADWAY SURFACE CONDITION,RAN OFF ROAD,SROGERSSTWCHURCHLN,LANE CONTROL,2021-10-03 09:48:00
906,BLOOMINGTON PD,BLOOMINGTON,2,0.0,0.0,0,0,,,,N GATES DR,W ALEXANDER DR,,,,39.17302,-86.54929749,LOCAL/CITY ROAD,N,URBAN,N,N,N,,DARK (LIGHTED),RAIN,WET,,FOUR-WAY INTERSECTION,STRAIGHT/LEVEL,ASPHALT,FAILURE TO YIELD RIGHT OF WAY,LEFT TURN,ALEXANDERSTGATESDR,STOP SIGN,2021-10-03 11:00:00
907,MONROE SD,BLOOMINGTON,2,0.0,0.0,0,0,,,,N HARTSTRAIT RD,W RATLIFF RD,,,,39.209109,-86.611378,LOCAL/CITY ROAD,N,RURAL,N,N,N,,DAYLIGHT,CLOUDY,WET,,NO JUNCTION INVOLVED,CURVE/HILLCREST,ASPHALT,LEFT OF CENTER,OPPOSITE DIRECTION SIDESWIPE,HARTSTRAITRDWRATLIFFRD,STOP SIGN,2021-10-03 11:35:00
908,MONROE SD,BLOOMINGTON,1,0.0,0.0,0,0,5094,,,SR 45,,,2400.0,E,39.22883379,-86.4243407,STATE ROAD,N,RURAL,N,N,N,,DAYLIGHT,CLEAR,WET,,NO JUNCTION INVOLVED,CURVE/GRADE,ASPHALT,RAN OFF ROAD RIGHT,RAN OFF ROAD,NMTGILEADRDSR45E,LANE CONTROL,2021-10-03 12:15:00
909,INDIANA UNIV BLOOMINGTON PD,BLOOMINGTON,2,0.0,1.0,0,0,,,,N JORDAN AVE,E 17TH ST,,,,39.178844,-86.51245,LOCAL/CITY ROAD,N,URBAN,N,N,N,,DAYLIGHT,CLOUDY,WET,,T-INTERSECTION,STRAIGHT/LEVEL,ASPHALT,FAILURE TO YIELD RIGHT OF WAY,LEFT TURN,EAST17THSTJORDANAVE,STOP SIGN,2021-10-03 15:45:00
910,BLOOMINGTON PD,BLOOMINGTON,2,0.0,1.0,0,0,,,,SR 45/46,N KINSER PIKE,,100.0,W,39.18655971,-86.53824035,STATE ROAD,N,URBAN,N,N,N,,DARK (NOT LIGHTED),CLEAR,DRY,,NO JUNCTION INVOLVED,STRAIGHT/LEVEL,ASPHALT,FOLLOWING TOO CLOSELY,REAR END,NKINSERPIKESR46E,TRAFFIC CONTROL SIGNAL,2021-10-03 22:40:00
911,MONROE SD,BLOOMINGTON,1,0.0,0.0,0,0,,,,SR 46,N CURRY PIKE,,500.0,E,39.193635,-86.57141728,STATE ROAD,N,RURAL,N,N,N,,DAYLIGHT,CLOUDY,DRY,,NO JUNCTION INVOLVED,CURVE/GRADE,ASPHALT,RAN OFF ROAD RIGHT,RAN OFF ROAD,NORTHCURRYPIKESR46W,NONE,2021-10-02 09:34:00
912,BLOOMINGTON PD,BLOOMINGTON,3,0.0,0.0,0,0,,,Y,W BLOOMFIELD RD,I-69 N,,,,0.0,0.0,LOCAL/CITY ROAD,N,URBAN,N,N,N,,DAYLIGHT,RAIN,WET,,RAMP,CURVE/LEVEL,CONCRETE,FOLLOWING TOO CLOSELY,REAR END,WBLOOMFIELDRD,YIELD SIGN,2021-10-02 11:49:00
913,MONROE SD,BLOOMINGTON,2,0.0,0.0,0,0,,,,W OLD SR 37,,,900.0,S,39.11764458,-86.52313,COUNTY ROAD,N,RURAL,N,N,N,,DAYLIGHT,RAIN,WET,,NO JUNCTION INVOLVED,STRAIGHT/GRADE,ASPHALT,FAILURE TO YIELD RIGHT OF WAY,LEFT TURN,EASTAUDUBONDRNORTHOLDSTATEROAD37RD,NONE,2021-10-02 11:50:00
914,BLOOMINGTON PD,BLOOMINGTON,2,0.0,0.0,0,0,,,,W ISAACS DR,,,200.0,W,39.1633081,-86.55224008,LOCAL/CITY ROAD,N,URBAN,N,N,N,,DAYLIGHT,CLOUDY,WET,,NO JUNCTION INVOLVED,STRAIGHT/LEVEL,ASPHALT,OTHER (VEHICLE) - EXPLAIN IN NARRATIVE,OTHER - EXPLAIN IN NARRATIVE,SDOLIMAHAVEWISAACDR,NONE,2021-10-02 13:37:00
915,BLOOMINGTON PD,BLOOMINGTON,2,0.0,0.0,0,0,,,,E ROGERS RD,S SARE RD,,,,39.135917,-86.4963307,LOCAL/CITY ROAD,N,URBAN,N,N,N,,DAYLIGHT,CLOUDY,DRY,,FOUR-WAY INTERSECTION,CURVE/LEVEL,ASPHALT,FAILURE TO YIELD RIGHT OF WAY,RIGHT ANGLE,EROGERSRDSSARERD,NONE,2021-10-02 15:08:00
916,BLOOMINGTON PD,BLOOMINGTON,2,0.0,0.0,0,0,,,,W 10TH ST,N COLLEGE AVE,,,,39.171744,-86.534768,LOCAL/CITY ROAD,N,URBAN,N,N,N,,DAWN/DUSK,CLOUDY,WET,,T-INTERSECTION,STRAIGHT/GRADE,ASPHALT,FOLLOWING TOO CLOSELY,REAR END,NCOLLEGEAVEW10THST,TRAFFIC CONTROL SIGNAL,2021-10-02 19:18:00
917,BLOOMINGTON PD,BLOOMINGTON,2,0.0,0.0,0,0,,,,S COLLEGE MALL RD,E 3RD ST,,,,39.16424,-86.4984,LOCAL/CITY ROAD,N,URBAN,N,N,N,,DARK (LIGHTED),RAIN,WET,,NO JUNCTION INVOLVED,STRAIGHT/LEVEL,ASPHALT,FAILURE TO YIELD RIGHT OF WAY,SAME DIRECTION SIDESWIPE,3RDSTCOLLEGEMALLRD,TRAFFIC CONTROL SIGNAL,2021-10-02 21:21:00
918,INDIANA UNIV BLOOMINGTON PD,BLOOMINGTON,4,0.0,2.0,0,0,,,,E 10TH ST,N INDIANA AVE,,154.0,E,39.171653,-86.52699232,LOCAL/CITY ROAD,N,URBAN,N,N,N,,DARK (LIGHTED),RAIN,WET,,FOUR-WAY INTERSECTION,STRAIGHT/GRADE,ASPHALT,FOLLOWING TOO CLOSELY,REAR END,INDIANAAVETENTHST,TRAFFIC CONTROL SIGNAL,2021-10-02 23:15:00
919,MONROE SD,BLOOMINGTON,1,0.0,0.0,0,1,,,,SR 446,E ALLENS CREEK RD,,,,39.034112,-86.408208,STATE ROAD,N,RURAL,N,Y,N,,DARK (NOT LIGHTED),CLEAR,DRY,,T-INTERSECTION,CURVE/GRADE,ASPHALT,ANIMAL/OBJECT IN ROADWAY,COLLISION WITH DEER,EALLENSCREEKRDSR446S,LANE CONTROL,2021-10-01 06:02:00
920,MONROE SD,BLOOMINGTON,1,0.0,0.0,0,1,4131,,,W ARLINGTON RD,,,1200.0,E,39.197648,-86.558304,LOCAL/CITY ROAD,N,RURAL,N,N,N,,DAWN/DUSK,CLEAR,DRY,,NO JUNCTION INVOLVED,CURVE/GRADE,ASPHALT,ANIMAL/OBJECT IN ROADWAY,COLLISION WITH DEER,NSTOUTESCREEKRDWARLINGTONRD,LANE CONTROL,2021-10-01 07:20:00
921,INDIANA UNIV BLOOMINGTON PD,BLOOMINGTON,2,0.0,0.0,0,0,,,,SR 45/46,E DISCOVERY PKWY,,,,39.1735071,-86.5030998,STATE ROAD,N,RURAL,N,N,N,,DAYLIGHT,CLEAR,DRY,,T-INTERSECTION,STRAIGHT/LEVEL,ASPHALT,DRIVER DISTRACTED - EXPLAIN IN NARRATIVE,REAR END,DISCOVERYPKWYSR46S,TRAFFIC CONTROL SIGNAL,2021-10-01 11:22:00
922,MONROE SD,BLOOMINGTON,1,0.0,0.0,0,0,9302,,,S ROCKPORT RD,,,5000.0,N,39.002752,-86.59,LOCAL/CITY ROAD,N,RURAL,N,N,N,,DAYLIGHT,CLEAR,DRY,,NO JUNCTION INVOLVED,CURVE/GRADE,ASPHALT,RAN OFF ROAD RIGHT,RAN OFF ROAD,9302SROCKPORTRDPOPCORNRD,NONE,2021-10-01 11:39:00
923,BLOOMINGTON PD,BLOOMINGTON,2,0.0,0.0,0,0,1400,,,W RCA PARK DR,,,,,39.14492585,-86.54700133,UNKNOWN,Y,URBAN,N,N,N,,DAYLIGHT,CLEAR,DRY,,NO JUNCTION INVOLVED,STRAIGHT/LEVEL,ASPHALT,UNSAFE BACKING,BACKING CRASH,WRCAPARKDR,NONE,2021-10-01 13:51:00
924,BLOOMINGTON PD,BLOOMINGTON,1,0.0,1.0,0,0,,120,A,SR 45/46,I-69 N,,,,0.0,0.0,STATE ROAD,N,URBAN,N,Y,N,,DAYLIGHT,CLEAR,DRY,,RAMP,CURVE/GRADE,ASPHALT,UNSAFE SPEED,RAN OFF ROAD,SR45W,NONE,2021-10-01 14:00:00
925,BLOOMINGTON PD,BLOOMINGTON,2,0.0,0.0,0,0,,,,S LINCOLN ST,E 1ST ST,,,,39.159344,-86.531088,LOCAL/CITY ROAD,N,URBAN,N,N,N,,DAYLIGHT,CLEAR,DRY,,FOUR-WAY INTERSECTION,STRAIGHT/LEVEL,ASPHALT,FAILURE TO YIELD RIGHT OF WAY,RIGHT ANGLE,E1STSTSLINCOLNST,STOP SIGN,2021-10-01 14:56:00
926,BLOOMINGTON PD,BLOOMINGTON,2,0.0,0.0,0,0,,,,SR 46,E 3RD ST,,,,39.164448,-86.471888,STATE ROAD,Y,URBAN,N,N,N,,DAYLIGHT,CLEAR,DRY,,FOUR-WAY INTERSECTION,STRAIGHT/LEVEL,ASPHALT,IMPROPER LANE USAGE,SAME DIRECTION SIDESWIPE,E3RDSTSR4546S,TRAFFIC CONTROL SIGNAL,2021-10-01 14:58:00
927,INDIANA UNIV BLOOMINGTON PD,BLOOMINGTON,2,0.0,0.0,0,0,,,,S INDIANA AVE,E 3RD ST,,,,39.164287,-86.526904,LOCAL/CITY ROAD,N,URBAN,N,N,N,,DAWN/DUSK,CLEAR,DRY,,FOUR-WAY INTERSECTION,STRAIGHT/LEVEL,ASPHALT,FOLLOWING TOO CLOSELY,REAR END,HENDERSONSTTHIRDST,TRAFFIC CONTROL SIGNAL,2021-10-01 19:48:00
928,MONROE SD,BLOOMINGTON,2,0.0,0.0,0,0,,,,S FAIRFAX RD,E MOFFETT LN,,,,39.099862,-86.51781,LOCAL/CITY ROAD,N,RURAL,N,N,N,,DAWN/DUSK,CLEAR,DRY,,T-INTERSECTION,CURVE/LEVEL,ASPHALT,FAILURE TO YIELD RIGHT OF WAY,RIGHT ANGLE,EMOFFETTLNSFAIRFAXRD,NONE,2021-10-01 19:51:00
929,INDIANA UNIV BLOOMINGTON PD,BLOOMINGTON,2,0.0,0.0,0,0,,,,SR 46,SR 45,,,,0.0,0.0,STATE ROAD,N,URBAN,N,N,N,,DARK (NOT LIGHTED),CLEAR,DRY,,FOUR-WAY INTERSECTION,STRAIGHT/LEVEL,ASPHALT,FAILURE TO YIELD RIGHT OF WAY,SAME DIRECTION SIDESWIPE,SR46UNIONVILLERD,TRAFFIC CONTROL SIGNAL,2021-10-01 21:30:00
930,INDIANA UNIV BLOOMINGTON PD,BLOOMINGTON,2,0.0,1.0,0,0,,,,E 10TH ST,,,200.0,W,39.171564,-86.50942769,LOCAL/CITY ROAD,N,URBAN,N,N,N,,DARK (LIGHTED),CLEAR,DRY,,NO JUNCTION INVOLVED,STRAIGHT/LEVEL,ASPHALT,FAILURE TO YIELD RIGHT OF WAY,HEAD ON BETWEEN TWO MOTOR VEHICLES,EAST10THSTUNIONST,NONE,2021-10-01 22:00:00
931,ISP BLOOMINGTON 33,BLOOMINGTON,2,,0.0,0,0,,,,S PALMER AVE,,,158.0,N,39.15081964,-86.5292599,LOCAL/CITY ROAD,,URBAN,N,N,N,,DARK (LIGHTED),CLEAR,DRY,,NO JUNCTION INVOLVED,,ASPHALT,OTHER (DRIVER) - EXPLAIN IN NARRATIVE,OTHER - EXPLAIN IN NARRATIVE,SPalmerAveEHillsideDr,,2021-09-30 01:00:00
932,BLOOMINGTON PD,BLOOMINGTON,1,0.0,0.0,0,0,,,,N WASHINGTON ST,E 10TH ST,,,,39.171728,-86.5324,LOCAL/CITY ROAD,N,URBAN,N,N,N,,DAWN/DUSK,CLEAR,DRY,,FOUR-WAY INTERSECTION,STRAIGHT/LEVEL,ASPHALT,FAILURE TO YIELD RIGHT OF WAY,LEFT TURN,E10THSTNWASHINGTONST,NONE,2021-09-30 06:10:00
933,ISP BLOOMINGTON 33,BLOOMINGTON,2,,1.0,0,0,,,,SR 37,S WALNUT ST,,0.0,,39.08542842,-86.54248352,STATE ROAD,,RURAL,N,N,N,,DAYLIGHT,CLEAR,DRY,,FOUR-WAY INTERSECTION,,ASPHALT,UNSAFE SPEED,REAR END,SR37OldSR37S,,2021-09-30 08:55:00
934,BLOOMINGTON PD,BLOOMINGTON,2,0.0,0.0,0,0,,,,S WALNUT ST,ENTRANCE TO STARBUCKS,,2000.0,N,39.144752,-86.531888,LOCAL/CITY ROAD,N,URBAN,N,N,N,,DAYLIGHT,CLEAR,DRY,,NO JUNCTION INVOLVED,STRAIGHT/LEVEL,ASPHALT,UNSAFE BACKING,BACKING CRASH,ENORTHDRSWALNUTST,NONE,2021-09-30 09:00:00
935,INDIANA UNIV BLOOMINGTON PD,BLOOMINGTON,2,0.0,0.0,0,0,,,,SR 45/46,E DISCOVERY PKWY,,,,39.22590355,-86.61344224,STATE ROAD,N,URBAN,N,N,N,,DAYLIGHT,CLEAR,DRY,,NO JUNCTION INVOLVED,STRAIGHT/LEVEL,ASPHALT,FOLLOWING TOO CLOSELY,REAR END,DISCOVERYPKWYSR46S,NONE,2021-09-30 09:12:00
936,MONROE SD,BLOOMINGTON,1,0.0,0.0,0,0,,,,W ELLER RD,S RENDY LN,,,,39.122208,-86.615792,LOCAL/CITY ROAD,N,URBAN,N,N,N,,DAYLIGHT,CLEAR,DRY,,T-INTERSECTION,STRAIGHT/GRADE,ASPHALT,DRIVER ILLNESS,RAN OFF ROAD,SRENDYWAYWELLERRD,NONE,2021-09-30 11:18:00
937,BLOOMINGTON PD,BLOOMINGTON,2,0.0,0.0,0,0,340,,,SR 45,,,,,39.02795131,-86.7213452,LOCAL/CITY ROAD,Y,URBAN,N,N,N,,DAYLIGHT,CLEAR,DRY,,NO JUNCTION INVOLVED,CURVE/GRADE,ASPHALT,FAILURE TO YIELD RIGHT OF WAY,,ESTATERD45HWY,NONE,2021-09-30 14:00:00
938,BLOOMINGTON PD,BLOOMINGTON,2,0.0,0.0,0,0,,,,S WALNUT ST,E 4TH ST,,1000.0,N,39.165648,-86.5336,LOCAL/CITY ROAD,Y,URBAN,N,N,Y,,DAYLIGHT,CLEAR,DRY,,NO JUNCTION INVOLVED,STRAIGHT/LEVEL,ASPHALT,IMPROPER LANE USAGE,SAME DIRECTION SIDESWIPE,E4THSTSWALNUTST,NONE,2021-09-30 14:06:00
939,BLOOMINGTON PD,BLOOMINGTON,2,0.0,0.0,0,0,,,,S ROGERS ST,W CHEROKEE DR,,,,39.146944,-86.538856,LOCAL/CITY ROAD,N,URBAN,N,N,N,,DAYLIGHT,CLOUDY,DRY,,T-INTERSECTION,STRAIGHT/LEVEL,ASPHALT,BRAKE FAILURE OR DEFECTIVE,LEFT TURN,SRODGERSSTWCHEROKEEDR,NONE,2021-09-30 14:40:00
940,MONROE SD,BLOOMINGTON,2,0.0,0.0,0,0,,,,SR 46,N SMITH PIKE,,,,39.210144,-86.5832,STATE ROAD,N,URBAN,N,N,N,,DAYLIGHT,CLEAR,DRY,,FOUR-WAY INTERSECTION,STRAIGHT/LEVEL,ASPHALT,FAILURE TO YIELD RIGHT OF WAY,RIGHT ANGLE,NSMITHPIKESR46W,TRAFFIC CONTROL SIGNAL,2021-09-30 15:56:00
941,MONROE SD,ELLETTSVILLE,2,0.0,0.0,0,0,,,,SR 37,W DILLMAN RD,,100.0,N,39.1035221,-86.545791,STATE ROAD,N,RURAL,N,Y,Y,LANE CLOSURE,DAYLIGHT,CLEAR,DRY,,FOUR-WAY INTERSECTION,STRAIGHT/LEVEL,ASPHALT,IMPROPER LANE USAGE,SAME DIRECTION SIDESWIPE,SR37SWDILLMANRD,NONE,2021-09-30 17:12:00
942,BLOOMINGTON PD,BLOOMINGTON,2,0.0,0.0,0,0,,,,SR 46,E 7TH ST,,50.0,N,39.17293123,-86.5002018,LOCAL/CITY ROAD,N,URBAN,N,N,N,,DAYLIGHT,CLEAR,DRY,,T-INTERSECTION,STRAIGHT/GRADE,ASPHALT,FAILURE TO YIELD RIGHT OF WAY,SAME DIRECTION SIDESWIPE,EAST7THSTNORTHSTATEROAD46BYP,LANE CONTROL,2021-09-30 17:14:00
943,BLOOMINGTON PD,BLOOMINGTON,2,0.0,0.0,0,0,,,,W 2ND ST,S COLLEGE AVE,,,,39.161366,-86.534943,LOCAL/CITY ROAD,N,URBAN,N,N,N,,DAYLIGHT,CLEAR,DRY,,FOUR-WAY INTERSECTION,STRAIGHT/GRADE,ASPHALT,FOLLOWING TOO CLOSELY,REAR END,SOUTHCOLLEGEAVEWEST2NDST,TRAFFIC CONTROL SIGNAL,2021-09-30 17:56:00
944,BLOOMINGTON PD,BLOOMINGTON,2,0.0,0.0,0,0,,,,W 3RD ST,S CORY LN,,,,39.164544,-86.560096,LOCAL/CITY ROAD,N,URBAN,N,N,N,,DAYLIGHT,CLEAR,DRY,,FOUR-WAY INTERSECTION,STRAIGHT/LEVEL,ASPHALT,FAILURE TO YIELD RIGHT OF WAY,LEFT TURN,SOUTHCORYLNW3RDST,TRAFFIC CONTROL SIGNAL,2021-09-30 18:15:00
945,INDIANA UNIV BLOOMINGTON PD,BLOOMINGTON,1,0.0,0.0,0,0,,,,E ATWATER AVE,S FESS AVE,,,,39.163132,-86.525907,LOCAL/CITY ROAD,N,URBAN,N,N,N,,DARK (LIGHTED),CLEAR,DRY,,T-INTERSECTION,STRAIGHT/LEVEL,CONCRETE,OTHER (DRIVER) - EXPLAIN IN NARRATIVE,NON-COLLISION,ATWATERAVEFESSAVE,LANE CONTROL,2021-09-30 21:00:00
946,MONROE SD,BLOOMINGTON,1,0.0,0.0,0,0,,,,SR 45,N RICHARDSON RD,,,,39.23984,-86.387696,STATE ROAD,N,RURAL,N,N,N,,DARK (NOT LIGHTED),CLEAR,DRY,,T-INTERSECTION,CURVE/GRADE,ASPHALT,RAN OFF ROAD RIGHT,RAN OFF ROAD,RICHARDSONRDSR45E,NONE,2021-09-29 01:37:00
947,BLOOMINGTON PD,BLOOMINGTON,1,0.0,2.0,0,0,,,,S SARE RD,E WINSTON ST,,,,0.0,0.0,LOCAL/CITY ROAD,N,URBAN,N,N,N,,DARK (NOT LIGHTED),CLEAR,DRY,,T-INTERSECTION,CURVE/GRADE,ASPHALT,UNSAFE SPEED,RAN OFF ROAD,SARERDWINSTONST,NONE,2021-09-29 02:20:00