_id,Agency,City,Vehicles Involved,Trailers Involved,Number Injured,Number Dead,Number Deer,House Number,Roadway Interchange,Roadway Ramp,Roadway Id,Intersecting Road,Interchange,Feet From,Direction,Latitude,Longitude,Roadway Class,Hit and Run?,Locality,School Zone?,Rumble Strips?,Construction?,Construction Type,Light Condition,Weather Conditions,Surface Condition,Type of Median,Roadway Junction Type,Road Character,Roadway Surface,Primary Factor,Manner of Collision,Unique Location Id,Traffic Control,DateTime
1133,BLOOMINGTON PD,BLOOMINGTON,1,0.0,0.0,0,0,909,,,W 1ST ST,,,,,39.159344,-86.5236713,UNKNOWN,N,URBAN,N,N,N,,DARK (LIGHTED),CLEAR,DRY,,NO JUNCTION INVOLVED,STRAIGHT/LEVEL,CONCRETE,RAN OFF ROAD RIGHT,RAN OFF ROAD,W1STST,NONE,2021-09-13 22:30:00
1134,BLOOMINGTON PD,BLOOMINGTON,1,0.0,1.0,0,0,,,,I-69 N,,,100.0,S,0.0,0.0,INTERSTATE,N,URBAN,N,N,N,,DARK (NOT LIGHTED),CLEAR,DRY,,NO JUNCTION INVOLVED,STRAIGHT/GRADE,ASPHALT,RAN OFF ROAD RIGHT,RAN OFF ROAD,I69N118.5,NONE,2021-09-13 23:49:00
1135,INDIANA UNIV BLOOMINGTON PD,BLOOMINGTON,2,0.0,0.0,0,0,,,,S HAWTHORNE DR,E ATWATER AVE,,,,39.163089,-86.520197,LOCAL/CITY ROAD,N,URBAN,N,N,N,,DAYLIGHT,CLEAR,DRY,,FOUR-WAY INTERSECTION,STRAIGHT/LEVEL,ASPHALT,FAILURE TO YIELD RIGHT OF WAY,RIGHT ANGLE,ATWATERAVEHAWTHORNELN,STOP SIGN,2021-09-12 03:00:00
1136,MONROE SD,BLOOMINGTON,2,0.0,0.0,0,0,,,,S CURRY PIKE,W CURRY CT,,,,39.164544,-86.560096,LOCAL/CITY ROAD,N,URBAN,N,N,N,,DAYLIGHT,CLEAR,DRY,,T-INTERSECTION,STRAIGHT/LEVEL,ASPHALT,FAILURE TO YIELD RIGHT OF WAY,RIGHT ANGLE,SCURRYPIKEWCURRYCT,NONE,2021-09-12 12:01:00
1137,BLOOMINGTON PD,BLOOMINGTON,2,0.0,0.0,0,0,,,,S COLLEGE AVE,W 1ST ST,,,,39.17688,-86.534736,LOCAL/CITY ROAD,Y,URBAN,N,N,N,,DAYLIGHT,CLEAR,DRY,,FOUR-WAY INTERSECTION,STRAIGHT/LEVEL,ASPHALT,CELL PHONE USAGE,REAR END,SCOLLEGEAVEW1STST,TRAFFIC CONTROL SIGNAL,2021-09-12 14:57:00
1138,BLOOMINGTON PD,BLOOMINGTON,2,0.0,1.0,0,0,,,,SR 46,S CLARIZZ BLVD,,,W,39.16424,-86.4908,LOCAL/CITY ROAD,N,URBAN,N,N,N,,DAYLIGHT,CLEAR,DRY,,FOUR-WAY INTERSECTION,STRAIGHT/LEVEL,ASPHALT,FOLLOWING TOO CLOSELY,REAR END,E3RDSTSCLARIZZBLVD,TRAFFIC CONTROL SIGNAL,2021-09-12 16:16:00
1139,INDIANA UNIV BLOOMINGTON PD,BLOOMINGTON,2,0.0,1.0,0,0,,,,N JORDAN AVE,E LAW LN,,,,39.173403,-86.515448,LOCAL/CITY ROAD,N,URBAN,N,N,N,,DAYLIGHT,CLEAR,DRY,,FOUR-WAY INTERSECTION,STRAIGHT/LEVEL,ASPHALT,DISREGARD SIGNAL/REG SIGN,RIGHT ANGLE,ELAWLNJORDANAVE,TRAFFIC CONTROL SIGNAL,2021-09-12 17:57:00
1140,MONROE SD,BLOOMINGTON,2,0.0,0.0,0,0,,,,N RIDGEWOOD DR,,,300.0,W,39.212016,-86.59872,LOCAL/CITY ROAD,N,URBAN,N,N,N,,DARK (NOT LIGHTED),CLEAR,DRY,,NO JUNCTION INVOLVED,STRAIGHT/LEVEL,ASPHALT,UNSAFE BACKING,BACKING CRASH,NCRIDERDRNRIDGEWOODDR,NONE,2021-09-12 20:34:00
1141,BLOOMINGTON PD,BLOOMINGTON,1,0.0,0.0,0,0,1701,,,S WALNUT ST,E VERMILYA AVE,,,,39.18092096,-86.53355668,UNKNOWN,Y,URBAN,N,N,N,,DARK (LIGHTED),CLEAR,DRY,,T-INTERSECTION,STRAIGHT/LEVEL,CONCRETE,RAN OFF ROAD RIGHT,RAN OFF ROAD,SWALNUTST,STOP SIGN,2021-09-11 01:56:00
1142,BLOOMINGTON PD,BLOOMINGTON,2,0.0,0.0,0,0,,,,S COLLEGE MALL RD,E 3RD ST,,,,39.16424,-86.4984,LOCAL/CITY ROAD,N,URBAN,N,N,N,,DAYLIGHT,CLEAR,DRY,,FOUR-WAY INTERSECTION,STRAIGHT/LEVEL,ASPHALT,FOLLOWING TOO CLOSELY,REAR END,E3RDSTSCOLLEGEMALLRD,TRAFFIC CONTROL SIGNAL,2021-09-11 09:24:00
1143,ISP BLOOMINGTON 33,BLOOMINGTON,2,,1.0,0,0,,,,SR 45/46,N DUNN ST,,0.0,,39.18651285,-86.53773257,LOCAL/CITY ROAD,,URBAN,N,N,N,,DARK (LIGHTED),CLEAR,DRY,,FOUR-WAY INTERSECTION,,ASPHALT,UNSAFE SPEED,REAR END,STATEROAD46NDUNNSTREET,,2021-09-11 10:26:00
1144,INDIANA UNIV BLOOMINGTON PD,BLOOMINGTON,2,0.0,1.0,0,1,,,,SR 45/46,E DISCOVERY PKWY,,,,39.22590355,-86.61344224,STATE ROAD,N,URBAN,N,N,N,,DAYLIGHT,CLEAR,DRY,,T-INTERSECTION,STRAIGHT/LEVEL,ASPHALT,DRIVER DISTRACTED - EXPLAIN IN NARRATIVE,REAR END,DISCOVERYPKWYSR46S,TRAFFIC CONTROL SIGNAL,2021-09-11 10:49:00
1145,BLOOMINGTON PD,BLOOMINGTON,2,0.0,0.0,0,0,,,,S COLLEGE MALL RD,ENTRANCE TO EASTLAND PLAZA,,500.0,N,39.160944,-86.497696,LOCAL/CITY ROAD,N,URBAN,N,N,N,,DAYLIGHT,CLEAR,DRY,,NO JUNCTION INVOLVED,STRAIGHT/LEVEL,ASPHALT,FOLLOWING TOO CLOSELY,REAR END,E2NDSTSCOLLEGEMALLRD,LANE CONTROL,2021-09-11 11:12:00
1146,BLOOMINGTON PD,BLOOMINGTON,2,0.0,0.0,0,0,,,,N WALNUT ST,W 8TH ST,,,,39.169552,-86.533552,LOCAL/CITY ROAD,N,URBAN,N,N,N,,DAYLIGHT,CLOUDY,DRY,,NO JUNCTION INVOLVED,STRAIGHT/LEVEL,ASPHALT,UNSAFE LANE MOVEMENT,SAME DIRECTION SIDESWIPE,E8THSTNWALNUTST,LANE CONTROL,2021-09-11 12:07:00
1147,MONROE SD,BLOOMINGTON,2,0.0,0.0,0,0,,,,W BELLE AVE,S CURRY PIKE,,,,39.163552,-86.582896,LOCAL/CITY ROAD,N,URBAN,N,N,N,,DAYLIGHT,CLEAR,DRY,,NO JUNCTION INVOLVED,STRAIGHT/LEVEL,ASPHALT,FAILURE TO YIELD RIGHT OF WAY,LEFT TURN,SOUTHCURRYPIKEWESTBELLEAVE,NONE,2021-09-11 12:39:00
1148,ELLETTSVILLE PD,ELLETTSVILLE,2,0.0,0.0,0,0,,,,SR 46,N BRIAR GATE DR,,,,39.216569,-86.596334,STATE ROAD,N,URBAN,N,N,N,,DAYLIGHT,CLEAR,DRY,,T-INTERSECTION,STRAIGHT/LEVEL,ASPHALT,FAILURE TO YIELD RIGHT OF WAY,RIGHT TURN,BRIARGATEDRSR46W,STOP SIGN,2021-09-11 17:08:00
1149,MONROE SD,BLOOMINGTON,1,0.0,1.0,0,0,,,,SR 446,,,300.0,N,39.02429598,-86.405296,STATE ROAD,N,RURAL,N,N,N,,DAYLIGHT,CLEAR,DRY,,T-INTERSECTION,CURVE/LEVEL,ASPHALT,RAN OFF ROAD RIGHT,RAN OFF ROAD,SCHAPELHILLRDSR446S,NONE,2021-09-11 17:18:00
1150,BLOOMINGTON PD,BLOOMINGTON,2,0.0,1.0,0,0,,,,SR 45/46,N WALNUT ST,,500.0,E,39.18635757,-86.53263544,STATE ROAD,N,URBAN,N,N,N,,DAYLIGHT,CLEAR,DRY,,NO JUNCTION INVOLVED,STRAIGHT/LEVEL,ASPHALT,FOLLOWING TOO CLOSELY,REAR END,SR45EWALNUTST,LANE CONTROL,2021-09-11 18:30:00
1151,MONROE SD,BLOOMINGTON,1,0.0,0.0,0,0,,,,E BETHEL LN,N INNISBROOKE DR,,,,39.214889,-86.469025,COUNTY ROAD,N,RURAL,N,N,N,,DAWN/DUSK,CLEAR,DRY,,T-INTERSECTION,CURVE/LEVEL,ASPHALT,UNSAFE SPEED,RAN OFF ROAD,EBETHELLNNINNISBROOKEDR,NONE,2021-09-11 19:56:00
1152,BLOOMINGTON PD,BLOOMINGTON,2,0.0,0.0,0,0,,,,N WASHINGTON ST,E 10TH ST,,,,39.171728,-86.5324,LOCAL/CITY ROAD,N,URBAN,N,N,N,,DARK (NOT LIGHTED),CLEAR,DRY,,FOUR-WAY INTERSECTION,STRAIGHT/LEVEL,ASPHALT,FAILURE TO YIELD RIGHT OF WAY,RIGHT ANGLE,E10THSTWASHINGTONST,STOP SIGN,2021-09-11 22:48:00
1153,BLOOMINGTON PD,BLOOMINGTON,1,0.0,1.0,0,0,,,,S WALNUT ST,E 3RD ST,,,,39.16464,-86.5336,LOCAL/CITY ROAD,N,URBAN,N,N,N,,DARK (NOT LIGHTED),CLEAR,DRY,,FOUR-WAY INTERSECTION,STRAIGHT/LEVEL,CONCRETE,FAILURE TO YIELD RIGHT OF WAY,RIGHT TURN,EAST3RDSTSOUTHWALNUTST,TRAFFIC CONTROL SIGNAL,2021-09-11 23:50:00
1154,ISP BLOOMINGTON 33,BLOOMINGTON,2,,0.0,0,0,,,118A,I-69 N,W 3RD ST,,0.0,,39.16420451,-86.57250322,INTERSTATE,,URBAN,N,N,N,,DAYLIGHT,CLEAR,DRY,,RAMP,,CONCRETE,FOLLOWING TOO CLOSELY,REAR END,SR48I69-118-RampA,,2021-09-10 07:55:00
1155,BLOOMINGTON PD,BLOOMINGTON,2,0.0,,0,0,,,,E 1ST ST,S HAWTHORNE DR,,,,39.159344,-86.520096,LOCAL/CITY ROAD,Y,URBAN,N,N,N,,DAYLIGHT,CLEAR,DRY,,FOUR-WAY INTERSECTION,STRAIGHT/GRADE,ASPHALT,,SAME DIRECTION SIDESWIPE,E1STSTSHAWTHORNEST,NONE,2021-09-10 08:05:00
1156,BLOOMINGTON PD,BLOOMINGTON,1,0.0,1.0,0,0,,,,W COUNTRYSIDE LN,S SUNFLOWER DR,,,,39.13989875,-86.55396847,LOCAL/CITY ROAD,N,URBAN,Y,N,N,,DAYLIGHT,CLEAR,DRY,,FOUR-WAY INTERSECTION,STRAIGHT/GRADE,ASPHALT,OTHER (DRIVER) - EXPLAIN IN NARRATIVE,OTHER - EXPLAIN IN NARRATIVE,COUNTRYSIDELNSSUNFLOWERDR,STOP SIGN,2021-09-10 08:52:00
1157,BLOOMINGTON PD,BLOOMINGTON,2,0.0,0.0,0,0,,,,E MAXWELL LN,S MITCHELL ST,,,,39.157824,-86.5136,LOCAL/CITY ROAD,N,URBAN,N,N,N,,DAYLIGHT,CLOUDY,DRY,,FOUR-WAY INTERSECTION,STRAIGHT/GRADE,ASPHALT,FAILURE TO YIELD RIGHT OF WAY,RIGHT ANGLE,EMAXWELLLNSMITCHELLST,STOP SIGN,2021-09-10 11:55:00
1158,INDIANA UNIV BLOOMINGTON PD,BLOOMINGTON,2,0.0,1.0,0,0,,,,S WOODLAWN AVE,E 3RD ST,,,,39.164248,-86.522621,LOCAL/CITY ROAD,Y,URBAN,N,N,N,,DAYLIGHT,CLEAR,DRY,,NO JUNCTION INVOLVED,STRAIGHT/LEVEL,ASPHALT,WRONG WAY ON ONE WAY,OPPOSITE DIRECTION SIDESWIPE,THIRDSTWOODLAWNAVE,NONE,2021-09-10 12:10:00
1159,BLOOMINGTON PD,BLOOMINGTON,2,0.0,0.0,0,0,,,,S STULL AVE,E GRIMES LN,,,,39.15336,-86.524688,LOCAL/CITY ROAD,Y,URBAN,N,N,N,,DAYLIGHT,CLOUDY,DRY,,T-INTERSECTION,STRAIGHT/GRADE,ASPHALT,UNSAFE BACKING,BACKING CRASH,EGRIMESLNSSTULLAVE,NONE,2021-09-10 12:12:00
1160,INDIANA UNIV BLOOMINGTON PD,BLOOMINGTON,2,0.0,2.0,0,0,,,,SR 45/46,E 17TH ST,,,,39.1797431,-86.5073177,STATE ROAD,N,URBAN,N,N,N,,DAYLIGHT,CLEAR,DRY,,T-INTERSECTION,STRAIGHT/LEVEL,ASPHALT,FAILURE TO YIELD RIGHT OF WAY,LEFT TURN,EAST17THSTSR46,TRAFFIC CONTROL SIGNAL,2021-09-10 12:15:00
1161,BLOOMINGTON PD,BLOOMINGTON,2,0.0,1.0,0,0,,,,N JACKSON ST,W 15TH ST,,,,39.17664,-86.539712,LOCAL/CITY ROAD,N,URBAN,N,N,N,,DAYLIGHT,CLEAR,DRY,,FOUR-WAY INTERSECTION,STRAIGHT/LEVEL,ASPHALT,DISREGARD SIGNAL/REG SIGN,RIGHT ANGLE,NJACKSONSTW15THST,STOP SIGN,2021-09-10 12:34:00
1162,BLOOMINGTON PD,BLOOMINGTON,2,0.0,0.0,0,0,2621,,,S BRYAN,S KENDALL DR,,,,39.13757746,-86.53602836,LOCAL/CITY ROAD,N,URBAN,N,N,N,,DAYLIGHT,CLEAR,DRY,,NO JUNCTION INVOLVED,STRAIGHT/LEVEL,ASPHALT,IMPROPER TURNING,RIGHT TURN,SBRYANST,NONE,2021-09-10 13:18:00
1163,BLOOMINGTON PD,BLOOMINGTON,2,0.0,0.0,0,0,,,,E 3RD ST,S DUNN ST,,,,39.164448,-86.528096,LOCAL/CITY ROAD,N,URBAN,N,N,N,,DAYLIGHT,CLOUDY,DRY,,Y-INTERSECTION,CURVE/GRADE,ASPHALT,FAILURE TO YIELD RIGHT OF WAY,RIGHT ANGLE,3RDSTDUNNST,TRAFFIC CONTROL SIGNAL,2021-09-10 13:25:00
1164,INDIANA UNIV BLOOMINGTON PD,BLOOMINGTON,2,0.0,0.0,0,0,,,,N INDIANA AVE,E 10TH ST,,,,39.171653,-86.526979,LOCAL/CITY ROAD,Y,URBAN,N,N,N,,DAYLIGHT,CLEAR,DRY,,FOUR-WAY INTERSECTION,STRAIGHT/LEVEL,ASPHALT,FOLLOWING TOO CLOSELY,REAR END,INDIANAAVETENTHST,TRAFFIC CONTROL SIGNAL,2021-09-10 13:27:00
1165,BLOOMINGTON PD,BLOOMINGTON,2,0.0,0.0,0,0,,,,S HIGH ST,E ATWATER AVE,,,,39.16304,-86.508288,LOCAL/CITY ROAD,N,URBAN,N,N,N,,DAYLIGHT,CLEAR,DRY,,T-INTERSECTION,STRAIGHT/LEVEL,ASPHALT,FAILURE TO YIELD RIGHT OF WAY,RIGHT ANGLE,EATWATERAVESHIGHST,STOP SIGN,2021-09-10 13:44:00
1166,BLOOMINGTON PD,BLOOMINGTON,2,0.0,0.0,0,0,,,,SR 46,E 7TH ST,,200.0,N,0.0,0.0,LOCAL/CITY ROAD,N,URBAN,N,N,N,,DAYLIGHT,CLEAR,DRY,,NO JUNCTION INVOLVED,STRAIGHT/GRADE,ASPHALT,FOLLOWING TOO CLOSELY,REAR END,E7THSTESTATEROAD46HWY,NONE,2021-09-10 14:15:00
1167,BLOOMINGTON PD,BLOOMINGTON,3,0.0,0.0,0,0,,,,SR 46,KINGSTON DR S,,,,39.16424,-86.492944,LOCAL/CITY ROAD,N,URBAN,N,N,N,,DAYLIGHT,CLEAR,DRY,,FOUR-WAY INTERSECTION,STRAIGHT/LEVEL,CONCRETE,FOLLOWING TOO CLOSELY,REAR END,E3RDSTSKINGSTONDR,TRAFFIC CONTROL SIGNAL,2021-09-10 17:13:00
1168,INDIANA UNIV BLOOMINGTON PD,BLOOMINGTON,2,0.0,0.0,0,0,,,,S WOODLAWN AVE,E 3RD ST,,,,39.164248,-86.522621,LOCAL/CITY ROAD,N,URBAN,N,N,N,,DAYLIGHT,CLEAR,DRY,,T-INTERSECTION,STRAIGHT/LEVEL,ASPHALT,FAILURE TO YIELD RIGHT OF WAY,RIGHT ANGLE,THIRDSTWOODLAWNAVE,NONE,2021-09-10 17:25:00
1169,BLOOMINGTON PD,BLOOMINGTON,2,0.0,0.0,0,0,,,,S COLLEGE AVE,W SMITH AVE,,,,39.162839,-86.534923,LOCAL/CITY ROAD,Y,URBAN,N,N,N,,DAYLIGHT,CLEAR,DRY,,NO JUNCTION INVOLVED,STRAIGHT/LEVEL,ASPHALT,IMPROPER LANE USAGE,REAR END,SCOLLEGEAVEWSMITHAVE,NONE,2021-09-10 18:30:00
1170,BLOOMINGTON PD,BLOOMINGTON,3,0.0,0.0,0,0,,,,S WALNUT ST,E 3RD ST,,,,39.1646,-86.533637,LOCAL/CITY ROAD,N,URBAN,N,N,N,,DAYLIGHT,CLEAR,DRY,,FOUR-WAY INTERSECTION,STRAIGHT/LEVEL,ASPHALT,FOLLOWING TOO CLOSELY,REAR END,ETHIRDSTSWALNUTST,TRAFFIC CONTROL SIGNAL,2021-09-10 19:04:00
1171,INDIANA UNIV BLOOMINGTON PD,BLOOMINGTON,3,0.0,0.0,0,0,,,,SR 46,SR 45,,,,0.0,0.0,STATE ROAD,N,URBAN,N,N,N,,DARK (LIGHTED),CLEAR,DRY,,FOUR-WAY INTERSECTION,STRAIGHT/LEVEL,ASPHALT,OTHER (DRIVER) - EXPLAIN IN NARRATIVE,REAR END,SR45SR46,TRAFFIC CONTROL SIGNAL,2021-09-10 20:30:00
1172,INDIANA UNIV BLOOMINGTON PD,BLOOMINGTON,3,0.0,0.0,0,0,,,,N JORDAN AVE,E 7TH ST,,,,39.168853,-86.516143,LOCAL/CITY ROAD,N,URBAN,N,N,N,,DARK (LIGHTED),CLEAR,DRY,,FOUR-WAY INTERSECTION,STRAIGHT/LEVEL,ASPHALT,FAILURE TO YIELD RIGHT OF WAY,OPPOSITE DIRECTION SIDESWIPE,E7THSTJORDANAVE,STOP SIGN,2021-09-09 00:12:00
1173,BLOOMINGTON PD,BLOOMINGTON,2,0.0,0.0,0,0,,,,E HILLSIDE DR,S WOODLAWN AVE,,,,39.15072,-86.522496,LOCAL/CITY ROAD,N,URBAN,N,N,N,,DAYLIGHT,CLEAR,DRY,,T-INTERSECTION,STRAIGHT/LEVEL,ASPHALT,FAILURE TO YIELD RIGHT OF WAY,RIGHT ANGLE,EHILLSIDEDRSWOODLAWNAVE,NONE,2021-09-09 07:42:00
1174,BLOOMINGTON PD,BLOOMINGTON,2,0.0,0.0,0,0,,,,W COUNTRY CLUB DR,S ROCKPORT RD,,500.0,E,39.2116101,-86.27276281,LOCAL/CITY ROAD,N,URBAN,N,N,N,,DAYLIGHT,CLEAR,DRY,,NO JUNCTION INVOLVED,STRAIGHT/LEVEL,ASPHALT,FOLLOWING TOO CLOSELY,REAR END,1000BLOCKWCOUNTRYCLUBDRROCKPORTRD,LANE CONTROL,2021-09-09 07:53:00
1175,MONROE SD,BLOOMINGTON,2,0.0,0.0,0,0,,,,N CURRY PIKE,W WOODYARD RD,,,,0.0,0.0,LOCAL/CITY ROAD,N,URBAN,N,N,Y,INTERMITTENT OR MOVING WORK,DAYLIGHT,CLOUDY,DRY,,FOUR-WAY INTERSECTION,CURVE/GRADE,ASPHALT,IMPROPER LANE USAGE,REAR END,NCURRYPIKEWOODYARDRD,TRAFFIC CONTROL SIGNAL,2021-09-09 12:20:00
1176,BLOOMINGTON PD,BLOOMINGTON,2,0.0,0.0,0,0,,,,S COLLEGE AVE,W 3RD ST,,,,39.16464,-86.534816,LOCAL/CITY ROAD,Y,URBAN,N,N,N,,DAYLIGHT,CLEAR,DRY,,FOUR-WAY INTERSECTION,STRAIGHT/LEVEL,ASPHALT,FAILURE TO YIELD RIGHT OF WAY,RIGHT ANGLE,SOUTHCOLLEGEAVEWEST3RDST,TRAFFIC CONTROL SIGNAL,2021-09-09 13:35:00
1177,BLOOMINGTON PD,BLOOMINGTON,3,0.0,0.0,0,0,,,,W 3RD ST (N),S PATTERSON DR,,100.0,W,39.16342,-86.55124034,LOCAL/CITY ROAD,N,URBAN,N,N,N,,DAYLIGHT,CLEAR,DRY,,T-INTERSECTION,STRAIGHT/GRADE,ASPHALT,FOLLOWING TOO CLOSELY,REAR END,SOUTHPATTERSONDRWEST3RDST,LANE CONTROL,2021-09-09 15:39:00
1178,BLOOMINGTON PD,BLOOMINGTON,1,0.0,1.0,0,0,,,,N INDIANA AVE,E 13TH ST,,,,39.175504,-86.527104,LOCAL/CITY ROAD,N,URBAN,N,N,N,,DAYLIGHT,CLEAR,DRY,,FOUR-WAY INTERSECTION,STRAIGHT/LEVEL,ASPHALT,DISREGARD SIGNAL/REG SIGN,SAME DIRECTION SIDESWIPE,E13THSTNINDIANAAVE,STOP SIGN,2021-09-09 18:15:00
1179,BLOOMINGTON PD,BLOOMINGTON,2,0.0,0.0,0,0,,,,N WALNUT ST,SR 45/46,,,,39.186368,-86.5344,LOCAL/CITY ROAD,N,URBAN,N,N,N,,DAWN/DUSK,CLEAR,DRY,,FOUR-WAY INTERSECTION,STRAIGHT/LEVEL,ASPHALT,IMPROPER TURNING,SAME DIRECTION SIDESWIPE,NWALNUTSTSR4546HWY,TRAFFIC CONTROL SIGNAL,2021-09-09 19:06:00
1180,INDIANA UNIV BLOOMINGTON PD,BLOOMINGTON,2,0.0,0.0,0,0,,,,N JORDAN AVE,E BALFOUR CT,,,,39.182419,-86.512609,LOCAL/CITY ROAD,Y,URBAN,N,N,N,,UNKNOWN,CLEAR,DRY,,NO JUNCTION INVOLVED,CURVE/LEVEL,ASPHALT,FOLLOWING TOO CLOSELY,REAR END,EBALFOURSTNJORDANAVE,NONE,2021-09-09 21:00:00
1181,BLOOMINGTON PD,BLOOMINGTON,2,0.0,0.0,0,0,,,,S WALNUT ST,E 1ST ST,,,,39.17784,-86.533408,LOCAL/CITY ROAD,Y,URBAN,N,N,N,,DARK (LIGHTED),CLEAR,DRY,,FOUR-WAY INTERSECTION,STRAIGHT/LEVEL,ASPHALT,FOLLOWING TOO CLOSELY,REAR END,E1STSTSWALNUTST,TRAFFIC CONTROL SIGNAL,2021-09-09 23:38:00
1182,MONROE SD,BLOOMINGTON,1,0.0,0.0,0,1,,,,SR 48,S SPRIGGS BLVD,,100.0,W,39.164848,-86.60035282,STATE ROAD,N,RURAL,N,N,N,,DAWN/DUSK,CLEAR,DRY,,NO JUNCTION INVOLVED,STRAIGHT/GRADE,ASPHALT,ANIMAL/OBJECT IN ROADWAY,COLLISION WITH DEER,SSPRIGGSBLVDSR48W,LANE CONTROL,2021-09-08 07:34:00
1183,BLOOMINGTON PD,BLOOMINGTON,2,0.0,0.0,0,0,523,,,W GRANITE DR,,,,,39.18053187,-86.53880757,LOCAL/CITY ROAD,Y,URBAN,N,N,N,,DAWN/DUSK,CLEAR,DRY,,NO JUNCTION INVOLVED,STRAIGHT/LEVEL,ASPHALT,UNSAFE BACKING,BACKING CRASH,WGRANITEDR,NONE,2021-09-08 08:30:00
1184,INDIANA UNIV BLOOMINGTON PD,BLOOMINGTON,1,0.0,1.0,0,0,,,,S INDIANA AVE,E 4TH ST,,,,39.165648,-86.526848,LOCAL/CITY ROAD,Y,URBAN,N,N,N,,DAYLIGHT,CLEAR,DRY,,FOUR-WAY INTERSECTION,STRAIGHT/LEVEL,ASPHALT,FAILURE TO YIELD RIGHT OF WAY,LEFT TURN,4THSTINDIANAAVE,STOP SIGN,2021-09-08 09:30:00
1185,BLOOMINGTON PD,BLOOMINGTON,2,0.0,0.0,0,0,,,,SR 48,S CURRY PIKE,,,,39.16465,-86.582939,LOCAL/CITY ROAD,N,URBAN,N,N,N,,DAYLIGHT,CLEAR,DRY,,FOUR-WAY INTERSECTION,STRAIGHT/LEVEL,ASPHALT,OVERCORRECTING/OVERSTEERING,SAME DIRECTION SIDESWIPE,CURRYPIKEW3RDST,TRAFFIC CONTROL SIGNAL,2021-09-08 09:40:00
1186,ISP BLOOMINGTON 33,BLOOMINGTON,2,,0.0,0,0,,,,SR 37,S OLD SR 37,,0.0,,39.08540905,-86.54254535,STATE ROAD,,RURAL,N,N,N,,DAYLIGHT,CLEAR,DRY,,FOUR-WAY INTERSECTION,,ASPHALT,FOLLOWING TOO CLOSELY,REAR END,SOldStateRoad37NStateRd37,,2021-09-08 09:41:00
1187,BLOOMINGTON PD,BLOOMINGTON,2,0.0,0.0,0,0,,,,W 2ND ST,S ROGERS ST,,,,39.16138,-86.53867,LOCAL/CITY ROAD,N,URBAN,N,N,N,,DAYLIGHT,CLEAR,DRY,,FOUR-WAY INTERSECTION,STRAIGHT/LEVEL,ASPHALT,FAILURE TO YIELD RIGHT OF WAY,REAR TO REAR,SROGERSSTW2NDST,NONE,2021-09-08 10:31:00
1188,MONROE SD,BLOOMINGTON,2,0.0,0.0,0,0,,,,S WALNUT ST,W DILLMAN RD,,,,39.092972,-86.544156,COUNTY ROAD,N,RURAL,N,N,N,,DAYLIGHT,CLEAR,DRY,,NO JUNCTION INVOLVED,CURVE/GRADE,ASPHALT,FAILURE TO YIELD RIGHT OF WAY,LEFT TURN,SOLDSTATE37RDWDILLMANRD,STOP SIGN,2021-09-08 10:46:00
1189,BLOOMINGTON PD,BLOOMINGTON,2,0.0,0.0,0,0,,,,W BLOOMFIELD RD,S LAKE CREST DR,,,,39.155417,-86.562479,LOCAL/CITY ROAD,N,URBAN,N,N,N,,DAYLIGHT,CLEAR,DRY,,T-INTERSECTION,STRAIGHT/LEVEL,ASPHALT,FOLLOWING TOO CLOSELY,REAR END,LAKECRESTDRWBLOOMFIELDRD,NONE,2021-09-08 11:04:00
1190,INDIANA UNIV BLOOMINGTON PD,BLOOMINGTON,2,0.0,0.0,0,0,,,,E ATWATER AVE,S FESS AVE,,,,39.163132,-86.525907,LOCAL/CITY ROAD,N,URBAN,N,N,N,,DAYLIGHT,CLEAR,DRY,,FOUR-WAY INTERSECTION,STRAIGHT/LEVEL,ASPHALT,IMPROPER TURNING,LEFT TURN,ATWATERAVEFESSAVE,NONE,2021-09-08 11:50:00
1191,BLOOMINGTON PD,BLOOMINGTON,3,0.0,0.0,0,0,,,,W 2ND ST,S EUCLID AVE,,,,39.1616,-86.543296,LOCAL/CITY ROAD,N,URBAN,N,N,N,,DAYLIGHT,CLEAR,DRY,,T-INTERSECTION,STRAIGHT/LEVEL,ASPHALT,FOLLOWING TOO CLOSELY,REAR END,SEUCLIDAVEW2NDST,LANE CONTROL,2021-09-08 12:30:00
1192,ISP BLOOMINGTON 33,BLOOMINGTON,2,,0.0,0,0,,,,SR 37,S WALNUT ST,,0.0,,39.08553899,-86.54251939,STATE ROAD,,RURAL,N,N,N,,DAYLIGHT,CLEAR,DRY,,FOUR-WAY INTERSECTION,,ASPHALT,FAILURE TO YIELD RIGHT OF WAY,RIGHT ANGLE,SR37SWalnutSt,,2021-09-08 13:40:00
1193,BLOOMINGTON PD,BLOOMINGTON,2,0.0,0.0,0,0,,,,I-69 N,W 3RD ST,,,,39.164522,-86.573015,INTERSTATE,N,URBAN,N,N,N,,DAYLIGHT,CLOUDY,DRY,,RAMP,STRAIGHT/LEVEL,ASPHALT,DRIVER DISTRACTED - EXPLAIN IN NARRATIVE,REAR END,I69NW3RDST,TRAFFIC CONTROL SIGNAL,2021-09-08 14:15:00
1194,BLOOMINGTON PD,BLOOMINGTON,2,0.0,0.0,0,0,,,,S SARE RD,E ROGERS RD,,,,39.13584,-86.496288,LOCAL/CITY ROAD,N,URBAN,N,N,N,,DAYLIGHT,CLEAR,DRY,,FOUR-WAY INTERSECTION,STRAIGHT/GRADE,ASPHALT,FOLLOWING TOO CLOSELY,REAR END,EASTROGERSRDSOUTHSARERD,ROUNDABOUT INTERSECTION,2021-09-08 14:19:00