_id,Agency,City,Vehicles Involved,Trailers Involved,Number Injured,Number Dead,Number Deer,House Number,Roadway Interchange,Roadway Ramp,Roadway Id,Intersecting Road,Interchange,Feet From,Direction,Latitude,Longitude,Roadway Class,Hit and Run?,Locality,School Zone?,Rumble Strips?,Construction?,Construction Type,Light Condition,Weather Conditions,Surface Condition,Type of Median,Roadway Junction Type,Road Character,Roadway Surface,Primary Factor,Manner of Collision,Unique Location Id,Traffic Control,DateTime
1195,MONROE SD,BLOOMINGTON,2,0.0,1.0,0,0,,,,S CURRY PIKE,W DOYLE AVE,,,,39.158352,-86.582752,LOCAL/CITY ROAD,N,RURAL,N,N,N,,DAYLIGHT,CLEAR,DRY,,NO JUNCTION INVOLVED,STRAIGHT/LEVEL,CONCRETE,FOLLOWING TOO CLOSELY,REAR END,SCURRYPIKEWDOYLEAVE,NONE,2021-09-08 14:32:00
1196,BLOOMINGTON PD,BLOOMINGTON,3,0.0,3.0,0,0,,,,SR 45/46,N MARTHA ST,,,,39.186352,-86.531696,STATE ROAD,N,URBAN,N,N,N,,DAYLIGHT,CLEAR,DRY,,T-INTERSECTION,STRAIGHT/LEVEL,CONCRETE,FOLLOWING TOO CLOSELY,REAR TO REAR,MARTHASTSR46E,LANE CONTROL,2021-09-08 14:40:00
1197,BLOOMINGTON PD,BLOOMINGTON,2,0.0,0.0,0,0,,,,W 2ND ST,S MAPLE ST,,,,39.161568,-86.542096,LOCAL/CITY ROAD,N,URBAN,N,N,N,,DAYLIGHT,CLEAR,DRY,,T-INTERSECTION,STRAIGHT/HILLCREST,ASPHALT,FOLLOWING TOO CLOSELY,REAR END,SOUTHMAPLESTWEST2NDST,LANE CONTROL,2021-09-08 14:41:00
1198,BLOOMINGTON PD,BLOOMINGTON,2,0.0,0.0,0,0,,,,S WASHINGTON ST,E 2ND ST,,,,39.16144,-86.5324,LOCAL/CITY ROAD,N,URBAN,N,N,N,,DAWN/DUSK,CLEAR,DRY,,FOUR-WAY INTERSECTION,STRAIGHT/LEVEL,ASPHALT,FAILURE TO YIELD RIGHT OF WAY,RIGHT ANGLE,E2NDSTSWASHINGTONST,NONE,2021-09-08 15:15:00
1199,BLOOMINGTON PD,BLOOMINGTON,2,0.0,0.0,0,0,,,,SR 46,S PETE ELLIS DR,,,,39.16424,-86.495088,LOCAL/CITY ROAD,N,URBAN,N,N,N,,DAYLIGHT,CLEAR,DRY,,FOUR-WAY INTERSECTION,STRAIGHT/LEVEL,ASPHALT,FOLLOWING TOO CLOSELY,REAR END,EAST3RDSTSOUTHPETEELLISDR,TRAFFIC CONTROL SIGNAL,2021-09-08 15:40:00
1200,BLOOMINGTON PD,BLOOMINGTON,2,0.0,0.0,0,0,,,,W 17TH ST,N KINSER PIKE,,100.0,E,39.178992,-86.537792,LOCAL/CITY ROAD,N,URBAN,N,N,N,,DAYLIGHT,CLEAR,DRY,,FOUR-WAY INTERSECTION,STRAIGHT/LEVEL,ASPHALT,FOLLOWING TOO CLOSELY,REAR END,KINSERPIKEW17THST,TRAFFIC CONTROL SIGNAL,2021-09-08 17:19:00
1201,BLOOMINGTON PD,BLOOMINGTON,2,0.0,1.0,0,0,,,,SR 46,E 3RD ST,,250.0,N,39.19075321,-86.4984231,LOCAL/CITY ROAD,N,URBAN,Y,N,N,,DAYLIGHT,CLEAR,DRY,,NO JUNCTION INVOLVED,STRAIGHT/GRADE,ASPHALT,FOLLOWING TOO CLOSELY,REAR END,E3RDSTSSTATERD46HWY,NONE,2021-09-08 17:20:00
1202,ISP BLOOMINGTON 33,BLOOMINGTON,1,,0.0,0,1,,,,SR 37,,,0.0,,39.09587207,-86.5462308,STATE ROAD,,RURAL,N,N,N,,DAYLIGHT,CLEAR,DRY,,NO JUNCTION INVOLVED,,ASPHALT,ANIMAL/OBJECT IN ROADWAY,COLLISION WITH DEER,StateRd37,,2021-09-07 09:50:00
1203,INDIANA UNIV BLOOMINGTON PD,BLOOMINGTON,2,0.0,0.0,0,0,,,,N UNION ST,E LAW LN,,,,39.172319,-86.509656,LOCAL/CITY ROAD,N,URBAN,N,N,N,,DAYLIGHT,CLEAR,DRY,,RAILROAD CROSSINGS,STRAIGHT/LEVEL,ASPHALT,FOLLOWING TOO CLOSELY,REAR END,ELAWLNNUNIONST,RR CROSSING CROSSBUCKS ONLY,2021-09-07 09:58:00
1204,BLOOMINGTON PD,BLOOMINGTON,2,0.0,0.0,0,0,2966,,,KINGSTON DR S,ENTRANCE TO COLLEGE MALL,,,,39.1618,-86.494276,UNKNOWN,Y,URBAN,N,N,N,,DAYLIGHT,CLEAR,DRY,,NO JUNCTION INVOLVED,STRAIGHT/GRADE,ASPHALT,FOLLOWING TOO CLOSELY,REAR END,EAST3RDST,STOP SIGN,2021-09-07 12:03:00
1205,ELLETTSVILLE PD,ELLETTSVILLE,2,0.0,0.0,0,0,,,,SR 46,N MATTHEWS DR (N),,,,39.236096,-86.625168,LOCAL/CITY ROAD,N,URBAN,N,N,N,,DAYLIGHT,CLEAR,DRY,,NO JUNCTION INVOLVED,STRAIGHT/LEVEL,ASPHALT,FAILURE TO YIELD RIGHT OF WAY,RIGHT ANGLE,MAINSTMATTHEWSDR,TRAFFIC CONTROL SIGNAL,2021-09-07 12:06:00
1206,BLOOMINGTON PD,BLOOMINGTON,2,0.0,0.0,0,0,,,,W COUNTRY CLUB DR,BLOOMINGTON RAIL TRAIL,,2000.0,W,39.06493817,-86.54095719,LOCAL/CITY ROAD,N,URBAN,N,N,N,,DAYLIGHT,CLEAR,DRY,,TRAIL CROSSINGS,STRAIGHT/GRADE,ASPHALT,FOLLOWING TOO CLOSELY,REAR END,COUNTRYCLBSWALNUTST,NONE,2021-09-07 12:20:00
1207,MONROE SD,BLOOMINGTON,2,0.0,0.0,0,0,,,,S LIBERTY DR,ENTRANCE TO ANDY MOHR HYUNDAI,,1000.0,N,39.25690323,-86.576869,LOCAL/CITY ROAD,N,URBAN,N,N,N,,DAYLIGHT,CLEAR,DRY,,NO JUNCTION INVOLVED,STRAIGHT/LEVEL,ASPHALT,FOLLOWING TOO CLOSELY,REAR END,CONSTITUTIONWAYSOUTHLIBERTYDR,NONE,2021-09-07 13:45:00
1208,INDIANA UNIV BLOOMINGTON PD,BLOOMINGTON,2,0.0,0.0,0,0,,,,E 13TH ST,N WOODLAWN AVE,,,,39.1752073,-86.5236076,,Y,URBAN,N,N,N,,DAYLIGHT,CLEAR,DRY,,FOUR-WAY INTERSECTION,STRAIGHT/GRADE,ASPHALT,FAILURE TO YIELD RIGHT OF WAY,RIGHT ANGLE,THIRTEENTHSTWOODLAWNAVE,STOP SIGN,2021-09-07 16:15:00
1209,BLOOMINGTON PD,BLOOMINGTON,2,0.0,0.0,0,0,,,,S FESS AVE,E HUNTER AVE,,,,39.162239,-86.525926,LOCAL/CITY ROAD,N,URBAN,Y,N,N,,DAWN/DUSK,CLEAR,DRY,,FOUR-WAY INTERSECTION,STRAIGHT/LEVEL,ASPHALT,DISREGARD SIGNAL/REG SIGN,RIGHT ANGLE,EHUNTERAVESFESSAVE,STOP SIGN,2021-09-07 19:34:00
1210,BLOOMINGTON PD,BLOOMINGTON,1,0.0,1.0,0,0,,,,W 17TH ST,N WALNUT ST,,,,39.178944,-86.533392,LOCAL/CITY ROAD,N,URBAN,N,N,N,,DARK (LIGHTED),CLEAR,DRY,,FOUR-WAY INTERSECTION,STRAIGHT/GRADE,ASPHALT,FAILURE TO YIELD RIGHT OF WAY,LEFT TURN,17THSTWALNUTST,TRAFFIC CONTROL SIGNAL,2021-09-07 20:40:00
1211,ELLETTSVILLE PD,ELLETTSVILLE,2,0.0,0.0,0,0,,,,SR 46,N LAKEVIEW DR,,,,39.221152,-86.6056,STATE ROAD,N,URBAN,N,N,N,,DAYLIGHT,CLEAR,DRY,,T-INTERSECTION,STRAIGHT/LEVEL,ASPHALT,FOLLOWING TOO CLOSELY,REAR END,LAKEVIEWDRSR46W,LANE CONTROL,2021-09-06 01:06:00
1212,BLOOMINGTON PD,BLOOMINGTON,1,0.0,0.0,0,0,1014,,,S WALNUT ST,E DAVIS ST,,,,39.154385,-86.534083,LOCAL/CITY ROAD,Y,URBAN,N,N,N,,DARK (LIGHTED),CLEAR,DRY,,NO JUNCTION INVOLVED,STRAIGHT/LEVEL,ASPHALT,LEFT OF CENTER,RAN OFF ROAD,SOUTHWALNUTST,NONE,2021-09-06 02:15:00
1213,INDIANA UNIV BLOOMINGTON PD,BLOOMINGTON,2,0.0,1.0,0,0,,,,SR 45/46,,,,,0.0,0.0,STATE ROAD,N,URBAN,N,N,N,,DAYLIGHT,CLEAR,DRY,,NO JUNCTION INVOLVED,STRAIGHT/LEVEL,ASPHALT,FOLLOWING TOO CLOSELY,REAR END,ELINGELBACHLNSR46,TRAFFIC CONTROL SIGNAL,2021-09-06 13:25:00
1214,MONROE SD,BLOOMINGTON,1,0.0,0.0,0,0,4120,,,S SWARTZ RIDGE RD,,,5000.0,N,39.65778778,-86.44695,LOCAL/CITY ROAD,N,RURAL,N,N,N,,DAYLIGHT,CLEAR,DRY,,NO JUNCTION INVOLVED,CURVE/LEVEL,ASPHALT,RAN OFF ROAD RIGHT,RAN OFF ROAD,STATEROAD446HWYSWARTZRIDGERD,LANE CONTROL,2021-09-06 16:22:00
1215,MONROE SD,BLOOMINGTON,2,0.0,0.0,0,0,,,,W KIRKWOOD AVE,S COLLEGE AVE,,100.0,E,39.16664,-86.5348,LOCAL/CITY ROAD,Y,URBAN,N,N,N,,DARK (LIGHTED),CLEAR,DRY,,NO JUNCTION INVOLVED,STRAIGHT/LEVEL,ASPHALT,RAN OFF ROAD RIGHT,SAME DIRECTION SIDESWIPE,SOUTHCOLLEGEAVEWESTKIRKWOODAVE,NONE,2021-09-06 23:33:00
1216,BLOOMINGTON PD,BLOOMINGTON,1,0.0,,0,0,,,,S MORTON ST,B-LINE TRAIL,,300.0,N,39.18916653,-86.536329,LOCAL/CITY ROAD,Y,URBAN,N,N,N,,DARK (LIGHTED),RAIN,WET,,FOUR-WAY INTERSECTION,STRAIGHT/LEVEL,ASPHALT,RAN OFF ROAD RIGHT,RAN OFF ROAD,SMORTONSTWDODDSAVE,NONE,2021-09-05 04:00:00
1217,ISP BLOOMINGTON 33,BLOOMINGTON,1,,0.0,0,1,,,,SR 446,E RUSH RIDGE RD,,0.0,,39.08052468,-86.41803791,STATE ROAD,,RURAL,N,N,N,,DAYLIGHT,CLEAR,DRY,,NO JUNCTION INVOLVED,,ASPHALT,ANIMAL/OBJECT IN ROADWAY,COLLISION WITH DEER,SR446RushRidgeRd,,2021-09-05 14:15:00
1218,MONROE SD,BLOOMINGTON,2,0.0,1.0,0,0,,,,S FAIRFAX RD,E SMITHVILLE RD,,,,39.071152,-86.503088,LOCAL/CITY ROAD,N,RURAL,N,N,N,,DAYLIGHT,CLEAR,DRY,,FOUR-WAY INTERSECTION,STRAIGHT/LEVEL,ASPHALT,FAILURE TO YIELD RIGHT OF WAY,OTHER - EXPLAIN IN NARRATIVE,ESMITHVILLERDSFAIRFAXRD,STOP SIGN,2021-09-05 14:51:00
1219,MONROE SD,BLOOMINGTON,1,0.0,0.0,0,0,5006,,,S ROGERS ST,,,,,39.16472,-86.538592,,Y,RURAL,N,N,N,,DARK (NOT LIGHTED),CLEAR,DRY,,NO JUNCTION INVOLVED,CURVE/LEVEL,ASPHALT,RAN OFF ROAD RIGHT,RAN OFF ROAD,SROGERSST,LANE CONTROL,2021-09-04 03:50:00
1220,BLOOMINGTON PD,BLOOMINGTON,1,0.0,1.0,0,0,,,,N COLLEGE AVE,INDIANA RAILROAD BRIDGE,,500.0,N,39.17460528,-86.534752,LOCAL/CITY ROAD,Y,URBAN,N,N,N,,DAYLIGHT,CLOUDY,DRY,,NO JUNCTION INVOLVED,STRAIGHT/GRADE,ASPHALT,PEDESTRIAN ACTION,COLLISION WITH OBJECT IN ROAD,11THSTCOLLEGEAVE,LANE CONTROL,2021-09-04 12:00:00
1221,BLOOMINGTON PD,BLOOMINGTON,3,0.0,1.0,0,0,,,,SR 46,E 7TH ST,,,,39.167648,-86.500096,STATE ROAD,N,URBAN,N,N,N,,DAYLIGHT,CLOUDY,DRY,,FOUR-WAY INTERSECTION,STRAIGHT/LEVEL,ASPHALT,FOLLOWING TOO CLOSELY,REAR END,E7THSTSR46S,NONE,2021-09-04 13:46:00
1222,BLOOMINGTON PD,BLOOMINGTON,2,0.0,0.0,0,0,,,,W 11TH ST,N MORTON ST,,,,39.173216,-86.536,LOCAL/CITY ROAD,N,URBAN,N,N,N,,DAYLIGHT,CLOUDY,DRY,,FOUR-WAY INTERSECTION,STRAIGHT/LEVEL,ASPHALT,FAILURE TO YIELD RIGHT OF WAY,RIGHT ANGLE,NMORTONSTW11THST,STOP SIGN,2021-09-04 14:24:00
1223,MONROE SD,BLOOMINGTON,1,0.0,0.0,0,0,,,,SR 48,,,2500.0,W,39.16861262,-86.6698189,STATE ROAD,N,RURAL,N,N,N,,DAYLIGHT,RAIN,WET,,T-INTERSECTION,CURVE/GRADE,ASPHALT,RAN OFF ROAD RIGHT,RAN OFF ROAD,SR48EVERNALPIKE,NONE,2021-09-04 16:31:00
1224,INDIANA UNIV BLOOMINGTON PD,BLOOMINGTON,1,0.0,0.0,0,0,,,,E 10TH ST,INDIANA RAILROAD BRIDGE,,180.0,E,0.0,0.0,LOCAL/CITY ROAD,N,URBAN,N,N,N,,DAYLIGHT,RAIN,WET,,NO JUNCTION INVOLVED,CURVE/GRADE,ASPHALT,SPEED TOO FAST FOR WEATHER CONDITIONS,OTHER - EXPLAIN IN NARRATIVE,TENTHSTUNIONVILLERD,NONE,2021-09-04 16:55:00
1225,BLOOMINGTON PD,BLOOMINGTON,2,0.0,0.0,0,0,,,,W 3RD ST (N),S PATTERSON DR,,,,39.16342,-86.551249,LOCAL/CITY ROAD,N,URBAN,N,N,N,,DARK (LIGHTED),RAIN,WET,,FOUR-WAY INTERSECTION,STRAIGHT/LEVEL,ASPHALT,SPEED TOO FAST FOR WEATHER CONDITIONS,REAR END,SPATTERSONDRW3RDST,TRAFFIC CONTROL SIGNAL,2021-09-04 17:05:00
1226,MONROE SD,BLOOMINGTON,2,0.0,0.0,0,0,,,,S ROGERS ST,W CHURCH LN (S),,75.0,W,39.107354,-86.54021651,LOCAL/CITY ROAD,N,RURAL,N,N,N,,DAYLIGHT,CLEAR,DRY,,FOUR-WAY INTERSECTION,CURVE/GRADE,ASPHALT,LEFT OF CENTER,SAME DIRECTION SIDESWIPE,SROGERSSTWCHURCHLN,NONE,2021-09-04 17:50:00
1227,BLOOMINGTON PD,BLOOMINGTON,2,0.0,5.0,0,0,,,,SR 446,E MOORES PIKE,,,,39.150352,-86.471296,STATE ROAD,N,URBAN,N,Y,N,,DARK (NOT LIGHTED),RAIN,WET,,FOUR-WAY INTERSECTION,STRAIGHT/LEVEL,ASPHALT,FAILURE TO YIELD RIGHT OF WAY,LEFT TURN,EMOORESPIKESR446S,STOP SIGN,2021-09-04 21:19:00
1228,ISP BLOOMINGTON 33,BLOOMINGTON,2,,1.0,0,0,,90E,,SR 37,E MONROE DAM RD,,0.0,,39.01927437,-86.53651432,STATE ROAD,,RURAL,N,N,Y,LANE CLOSURE,DAWN/DUSK,CLEAR,DRY,,RAMP,,ASPHALT,FOLLOWING TOO CLOSELY,REAR END,SR37southof090-RampE,,2021-09-03 07:05:00
1229,ISP BLOOMINGTON 33,ELLETTSVILLE,2,,0.0,0,0,,,,SR 46,W FORREST PARK DR,,0.0,,39.21203843,-86.5870488,STATE ROAD,,RURAL,N,N,N,,DAYLIGHT,CLEAR,DRY,,INTERCHANGE,,ASPHALT,FAILURE TO YIELD RIGHT OF WAY,RIGHT ANGLE,SR46ForestParkDr,,2021-09-03 09:51:00
1230,BLOOMINGTON PD,BLOOMINGTON,2,0.0,0.0,0,0,,,,ALLEY,,,500.0,W,39.16664,-86.52995611,LOCAL/CITY ROAD,N,URBAN,N,N,N,,DAYLIGHT,CLEAR,DRY,,NO JUNCTION INVOLVED,STRAIGHT/LEVEL,ASPHALT,OVERSIZE/OVERWEIGHT LOAD,SAME DIRECTION SIDESWIPE,KIRKWOODAVESDUNNST,NONE,2021-09-03 10:37:00
1231,INDIANA UNIV BLOOMINGTON PD,BLOOMINGTON,1,0.0,0.0,0,0,,,,N FEE LN,N JORDAN AVE,,100.0,N,39.18384,-86.5192,LOCAL/CITY ROAD,N,URBAN,N,N,N,,DAYLIGHT,CLEAR,DRY,,NO JUNCTION INVOLVED,STRAIGHT/LEVEL,ASPHALT,CELL PHONE USAGE,OTHER - EXPLAIN IN NARRATIVE,NFEELNNJORDANAVE,NONE,2021-09-03 11:00:00
1232,MONROE SD,ELLETTSVILLE,2,1.0,0.0,0,0,,,,SR 46,N SMITH PIKE,,660.0,W,39.21123287,-86.58506288,STATE ROAD,N,URBAN,N,N,N,,DAYLIGHT,CLEAR,DRY,,NO JUNCTION INVOLVED,CURVE/LEVEL,ASPHALT,FOLLOWING TOO CLOSELY,REAR END,NSMITHPIKESR46W,NONE,2021-09-03 11:04:00
1233,INDIANA UNIV BLOOMINGTON PD,BLOOMINGTON,2,0.0,0.0,0,0,,,,SR 45/46,E DISCOVERY PKWY,,,,39.171474,-86.495398,STATE ROAD,N,URBAN,N,N,N,,DAYLIGHT,CLEAR,DRY,,T-INTERSECTION,STRAIGHT/LEVEL,ASPHALT,FOLLOWING TOO CLOSELY,REAR END,EDISCOVERYPKWYSR45N,TRAFFIC CONTROL SIGNAL,2021-09-03 12:14:00
1234,MONROE SD,BLOOMINGTON,2,0.0,0.0,0,0,,,,S CURRY PIKE,W SIERRA DR,,,,39.1524,-86.582704,LOCAL/CITY ROAD,N,URBAN,N,N,N,,DAYLIGHT,CLEAR,DRY,,FOUR-WAY INTERSECTION,STRAIGHT/LEVEL,ASPHALT,IMPROPER TURNING,SAME DIRECTION SIDESWIPE,SCURRYPIKEWSIERRADR,LANE CONTROL,2021-09-03 12:34:00
1235,INDIANA UNIV BLOOMINGTON PD,BLOOMINGTON,4,0.0,0.0,0,0,,,,SR 45/46,E DISCOVERY PKWY,,,,39.17555491,-86.50092798,STATE ROAD,N,URBAN,N,N,N,,DAYLIGHT,CLEAR,DRY,,T-INTERSECTION,STRAIGHT/LEVEL,ASPHALT,FOLLOWING TOO CLOSELY,REAR END,EDISCOVERYPARKWAYPKWYSR4546S,TRAFFIC CONTROL SIGNAL,2021-09-03 12:45:00
1236,INDIANA UNIV BLOOMINGTON PD,BLOOMINGTON,2,0.0,0.0,0,0,,,,SR 45/46,E DISCOVERY PKWY,,,,39.227137,-86.615218,STATE ROAD,N,URBAN,N,N,N,,DAYLIGHT,CLEAR,DRY,,NO JUNCTION INVOLVED,STRAIGHT/LEVEL,ASPHALT,FOLLOWING TOO CLOSELY,REAR END,EASTDISCOVERYPKWYSR46E,TRAFFIC CONTROL SIGNAL,2021-09-03 13:55:00
1237,BLOOMINGTON PD,BLOOMINGTON,2,0.0,0.0,0,0,,,,E ATWATER AVE,S SWAIN AVE,,,,39.163152,-86.515168,LOCAL/CITY ROAD,N,URBAN,N,N,N,,DAYLIGHT,CLEAR,DRY,,FOUR-WAY INTERSECTION,STRAIGHT/GRADE,ASPHALT,IMPROPER TURNING,SAME DIRECTION SIDESWIPE,EASTATWATERAVESOUTHSWAINAVE,LANE CONTROL,2021-09-03 14:06:00
1238,BLOOMINGTON PD,BLOOMINGTON,2,0.0,0.0,0,0,,,,W 11TH ST,N ASHLYNN PARK DR,,,,39.17326,-86.5368443,LOCAL/CITY ROAD,N,URBAN,N,N,B,,DAYLIGHT,CLEAR,DRY,,T-INTERSECTION,STRAIGHT/LEVEL,CONCRETE,FAILURE TO YIELD RIGHT OF WAY,RIGHT ANGLE,ASHLYNPARKDRW11THST,STOP SIGN,2021-09-03 16:13:00
1239,INDIANA UNIV BLOOMINGTON PD,BLOOMINGTON,2,0.0,0.0,0,0,,,,E 17TH ST,N INDIANA AVE,,,,39.179024,-86.52706,LOCAL/CITY ROAD,N,URBAN,N,N,N,,DAYLIGHT,CLEAR,DRY,,T-INTERSECTION,STRAIGHT/LEVEL,ASPHALT,FOLLOWING TOO CLOSELY,REAR END,EAST17THSTINDIANAAVE,STOP SIGN,2021-09-03 17:41:00
1240,BLOOMINGTON PD,BLOOMINGTON,1,0.0,1.0,0,0,,,,I-69 N,,,3500.0,S,0.0,0.0,INTERSTATE,N,URBAN,N,N,N,,DAYLIGHT,CLEAR,DRY,,NO JUNCTION INVOLVED,STRAIGHT/GRADE,ASPHALT,UNSAFE SPEED,RAN OFF ROAD,I69NSTATEROAD4546HWY,LANE CONTROL,2021-09-03 18:45:00
1241,MONROE SD,BLOOMINGTON,2,0.0,0.0,0,0,2963,,,S BUBBY ROY LN,,,,,39.136223,-86.644473,COUNTY ROAD,N,RURAL,N,N,N,,DAYLIGHT,CLEAR,DRY,,NO JUNCTION INVOLVED,CURVE/GRADE,ASPHALT,UNSAFE BACKING,BACKING CRASH,SBUBBYROYLN,NONE,2021-09-03 19:15:00
1242,BLOOMINGTON PD,BLOOMINGTON,2,0.0,0.0,0,0,,,,I-69 N,,,1000.0,S,0.0,0.0,INTERSTATE,N,URBAN,N,N,N,,DAYLIGHT,CLEAR,DRY,,NO JUNCTION INVOLVED,STRAIGHT/GRADE,ASPHALT,FOLLOWING TOO CLOSELY,REAR END,I69N120,NONE,2021-09-03 19:20:00
1243,ISP BLOOMINGTON 33,BLOOMINGTON,2,,0.0,0,0,,,,S WALNUT ST,E HILLSIDE DR,,0.0,,39.15051075,-86.53370566,LOCAL/CITY ROAD,,URBAN,N,N,N,,DAYLIGHT,CLEAR,DRY,,FOUR-WAY INTERSECTION,,ASPHALT,FAILURE TO YIELD RIGHT OF WAY,LEFT TURN,WalnutStHillsideDr,,2021-09-02 07:41:00
1244,BLOOMINGTON PD,BLOOMINGTON,2,0.0,1.0,0,0,,,,N INDIANA AVE,E 12TH ST,,,,39.174368,-86.527088,LOCAL/CITY ROAD,N,URBAN,N,N,N,,DAYLIGHT,CLEAR,DRY,,FOUR-WAY INTERSECTION,STRAIGHT/LEVEL,ASPHALT,FAILURE TO YIELD RIGHT OF WAY,RIGHT ANGLE,E12THSTNINDIANAAVE,NONE,2021-09-02 08:50:00
1245,ISP BLOOMINGTON 33,BLOOMINGTON,2,,0.0,0,0,,,,W BLOOMFIELD RD,S RANSOM LN,,0.0,,39.15886365,-86.55591435,LOCAL/CITY ROAD,,URBAN,N,N,N,,DAYLIGHT,CLEAR,DRY,,NO JUNCTION INVOLVED,,ASPHALT,FOLLOWING TOO CLOSELY,REAR END,WBloomfieldRdSRansomLn,,2021-09-02 12:45:00
1246,BLOOMINGTON PD,BLOOMINGTON,2,0.0,0.0,0,0,,,,S WALNUT ST,E 2ND ST,,150.0,E,39.161363,-86.53366098,LOCAL/CITY ROAD,N,URBAN,N,N,N,,DAYLIGHT,CLEAR,DRY,,NO JUNCTION INVOLVED,STRAIGHT/LEVEL,ASPHALT,FOLLOWING TOO CLOSELY,REAR END,2NDSTWALNUTST,NONE,2021-09-02 12:52:00
1247,MONROE SD,BLOOMINGTON,2,0.0,0.0,0,0,400,,,S MADISON ST,,,,,39.128,-86.5367583,COUNTY ROAD,Y,RURAL,N,N,N,,DAWN/DUSK,CLEAR,DRY,,NO JUNCTION INVOLVED,STRAIGHT/LEVEL,ASPHALT,UNSAFE BACKING,BACKING CRASH,WTERRACEDR,LANE CONTROL,2021-09-02 13:47:00
1248,ISP BLOOMINGTON 33,BLOOMINGTON,1,,1.0,0,0,,,,W KARST FARM PARK DR,,,500.0,,39.14097908,-86.59867846,COUNTY ROAD,,RURAL,N,N,N,,DAYLIGHT,CLEAR,DRY,,NO JUNCTION INVOLVED,,ASPHALT,,OTHER - EXPLAIN IN NARRATIVE,WKarstFarmParkDrS.EndwrightRd.,,2021-09-02 15:44:00
1249,MONROE SD,BLOOMINGTON,2,0.0,0.0,0,0,,,,N CURRY PIKE,W WOODYARD RD,,,,39.190672,-86.582992,LOCAL/CITY ROAD,N,URBAN,N,N,N,,DAYLIGHT,CLEAR,DRY,,NO JUNCTION INVOLVED,CURVE/LEVEL,ASPHALT,UNSAFE LANE MOVEMENT,SAME DIRECTION SIDESWIPE,CURRYPIKEWOODYARDRD,TRAFFIC CONTROL SIGNAL,2021-09-02 17:07:00
1250,BLOOMINGTON PD,BLOOMINGTON,2,0.0,0.0,0,0,,,,E 3RD ST,S ROOSEVELT ST,,,,39.164304,-86.505792,LOCAL/CITY ROAD,N,URBAN,N,N,N,,DAYLIGHT,CLEAR,DRY,,T-INTERSECTION,STRAIGHT/GRADE,ASPHALT,FOLLOWING TOO CLOSELY,REAR END,EAST3RDSTSOUTHROOSEVELTST,NONE,2021-09-02 19:10:00
1251,INDIANA UNIV BLOOMINGTON PD,BLOOMINGTON,3,0.0,0.0,0,0,,,,E 3RD ST,S INDIANA AVE,,,,39.164287,-86.526904,LOCAL/CITY ROAD,Y,URBAN,N,N,N,,DAYLIGHT,CLEAR,DRY,,,STRAIGHT/LEVEL,ASPHALT,FOLLOWING TOO CLOSELY,REAR END,HENDERSONSTTHIRDST,NONE,2021-09-02 19:20:00
1252,MONROE SD,BLOOMINGTON,1,0.0,0.0,0,0,,,,W DUNLEIGH DR,N BROOKBANK DR,,100.0,E,39.215152,-86.6,COUNTY ROAD,N,URBAN,N,N,N,,DARK (NOT LIGHTED),CLEAR,DRY,,NO JUNCTION INVOLVED,CURVE/LEVEL,ASPHALT,RAN OFF ROAD RIGHT,RAN OFF ROAD,BROOKBANKDRDUNLEIGHDR,NONE,2021-09-02 22:27:00
1253,MONROE SD,BLOOMINGTON,1,0.0,0.0,0,1,,,,SR 45,W HINDS RD (NE),,100.0,W,39.09896791,-86.6522616,STATE ROAD,N,RURAL,N,N,N,,DARK (NOT LIGHTED),CLEAR,DRY,,NO JUNCTION INVOLVED,CURVE/GRADE,ASPHALT,ANIMAL/OBJECT IN ROADWAY,COLLISION WITH DEER,HINDSRDSR45W,LANE CONTROL,2021-09-01 06:19:00
1254,BLOOMINGTON PD,BLOOMINGTON,2,0.0,0.0,0,0,,,,N WALNUT ST,E 10TH ST,,,,39.171744,-86.53352,LOCAL/CITY ROAD,N,URBAN,N,N,N,,DAYLIGHT,CLEAR,DRY,,FOUR-WAY INTERSECTION,STRAIGHT/GRADE,ASPHALT,DISREGARD SIGNAL/REG SIGN,RIGHT ANGLE,10THSTWALNUTST,TRAFFIC CONTROL SIGNAL,2021-09-01 08:17:00
1255,BLOOMINGTON PD,BLOOMINGTON,3,0.0,1.0,0,0,,,,W BLOOMFIELD RD,S LANDMARK AVE,,,,39.159933,-86.55386,LOCAL/CITY ROAD,N,URBAN,N,N,N,,DAYLIGHT,CLEAR,DRY,,FOUR-WAY INTERSECTION,STRAIGHT/LEVEL,ASPHALT,DRIVER DISTRACTED - EXPLAIN IN NARRATIVE,REAR END,SLANDMARKAVEWBLOOMFIELDRD,NONE,2021-09-01 13:22:00
1256,MONROE SD,BLOOMINGTON,2,0.0,0.0,0,0,3501,,,N PROW RD,,,,,39.202048,-86.552096,LOCAL/CITY ROAD,N,URBAN,Y,N,N,,DAYLIGHT,CLEAR,DRY,,NO JUNCTION INVOLVED,STRAIGHT/GRADE,ASPHALT,FOLLOWING TOO CLOSELY,REAR END,NPROWRD,NONE,2021-09-01 15:28:00
1257,MONROE SD,BLOOMINGTON,1,0.0,0.0,0,1,,,,S SHIELDS RIDGE RD,,,800.0,S,39.00531514,-86.477118,COUNTY ROAD,N,RURAL,N,N,N,,DAWN/DUSK,CLEAR,DRY,,NO JUNCTION INVOLVED,CURVE/GRADE,ASPHALT,ANIMAL/OBJECT IN ROADWAY,COLLISION WITH DEER,PAYNETOWNRDSHIELDSRIDGERD,NONE,2021-09-01 19:52:00