_id,Agency,City,Vehicles Involved,Trailers Involved,Number Injured,Number Dead,Number Deer,House Number,Roadway Interchange,Roadway Ramp,Roadway Id,Intersecting Road,Interchange,Feet From,Direction,Latitude,Longitude,Roadway Class,Hit and Run?,Locality,School Zone?,Rumble Strips?,Construction?,Construction Type,Light Condition,Weather Conditions,Surface Condition,Type of Median,Roadway Junction Type,Road Character,Roadway Surface,Primary Factor,Manner of Collision,Unique Location Id,Traffic Control,DateTime
1320,MONROE SD,ELLETTSVILLE,2,0.0,0.0,0,0,,,,SR 46,,,716.0,E,39.259651,-86.65762305,STATE ROAD,N,RURAL,N,N,Y,INTERMITTENT OR MOVING WORK,DAYLIGHT,CLEAR,DRY,,T-INTERSECTION,CURVE/GRADE,ASPHALT,VIEW OBSTRUCTED,REAR END,SR46WWCHAFFINCHAPELRD,LANE CONTROL,2021-08-26 11:38:00
1321,MONROE SD,BLOOMINGTON,1,0.0,1.0,0,0,,,,SR 37,S VICTOR PIKE,,,,39.105552,-86.551104,STATE ROAD,N,URBAN,N,N,N,,DAYLIGHT,CLOUDY,DRY,,FOUR-WAY INTERSECTION,STRAIGHT/GRADE,ASPHALT,RAN OFF ROAD RIGHT,RAN OFF ROAD,SVICTORPIKESR37N,TRAFFIC CONTROL SIGNAL,2021-08-26 13:30:00
1322,INDIANA UNIV BLOOMINGTON PD,BLOOMINGTON,2,0.0,0.0,0,0,,,,SR 45/46,E DISCOVERY PKWY,,,,39.171474,-86.495398,STATE ROAD,N,URBAN,N,N,N,,DAYLIGHT,CLEAR,DRY,,T-INTERSECTION,STRAIGHT/LEVEL,ASPHALT,FOLLOWING TOO CLOSELY,REAR END,EDISCOVERYPKWYSR45N,TRAFFIC CONTROL SIGNAL,2021-08-26 15:34:00
1323,BLOOMINGTON PD,BLOOMINGTON,2,0.0,1.0,0,0,913,,,S TIMOTHY CT,W ROSS LN,,,,39.157055,-86.557393,UNKNOWN,N,URBAN,N,N,N,,DAYLIGHT,CLEAR,DRY,,NO JUNCTION INVOLVED,STRAIGHT/GRADE,ASPHALT,OTHER (VEHICLE) - EXPLAIN IN NARRATIVE,RIGHT ANGLE,SOUTHTIMOTHYCT,NONE,2021-08-26 16:31:00
1324,BLOOMINGTON PD,BLOOMINGTON,3,0.0,0.0,0,0,,,,SR 48,S CURRY PIKE,,,,39.16465,-86.582939,LOCAL/CITY ROAD,N,URBAN,N,N,N,,DAYLIGHT,CLEAR,DRY,,FOUR-WAY INTERSECTION,STRAIGHT/LEVEL,ASPHALT,FOLLOWING TOO CLOSELY,REAR END,SCURRYPIKEWTHIRDST,TRAFFIC CONTROL SIGNAL,2021-08-26 16:45:00
1325,ISP BLOOMINGTON 33,BLOOMINGTON,2,,0.0,0,0,,,,E RHORER RD,S WALNUT ST PIKE,,0.0,,39.12147013,-86.526316,LOCAL/CITY ROAD,,URBAN,N,N,N,,DAYLIGHT,CLEAR,DRY,,NO JUNCTION INVOLVED,,ASPHALT,UNSAFE SPEED,REAR END,SWalnutStreetPikeERhorerRd,,2021-08-26 17:33:00
1326,BLOOMINGTON PD,BLOOMINGTON,2,0.0,0.0,0,0,,,,E 3RD ST,S BRYAN AVE,,,,39.16432,-86.50824,LOCAL/CITY ROAD,N,URBAN,N,N,N,,DAYLIGHT,CLEAR,DRY,,FOUR-WAY INTERSECTION,STRAIGHT/LEVEL,CONCRETE,FAILURE TO YIELD RIGHT OF WAY,SAME DIRECTION SIDESWIPE,EAST3RDSTSOUTHBRYANAVE,TRAFFIC CONTROL SIGNAL,2021-08-26 18:20:00
1327,BLOOMINGTON PD,BLOOMINGTON,2,0.0,0.0,0,0,,,,S HENDERSON ST,E HUNTER AVE,,,,39.16224,-86.527168,LOCAL/CITY ROAD,N,URBAN,N,N,N,,DAYLIGHT,CLEAR,DRY,,T-INTERSECTION,STRAIGHT/GRADE,ASPHALT,IMPROPER TURNING,SAME DIRECTION SIDESWIPE,EASTHUNTERAVESOUTHHENDERSONST,LANE CONTROL,2021-08-26 18:44:00
1328,BLOOMINGTON PD,BLOOMINGTON,2,0.0,0.0,0,0,,,,E ATWATER AVE,S HIGH ST,,,,39.16304,-86.508288,LOCAL/CITY ROAD,N,URBAN,N,N,N,,DARK (NOT LIGHTED),CLEAR,DRY,,T-INTERSECTION,STRAIGHT/GRADE,ASPHALT,FAILURE TO YIELD RIGHT OF WAY,RIGHT ANGLE,EATWATERAVESHIGHST,STOP SIGN,2021-08-26 21:24:00
1329,BLOOMINGTON PD,BLOOMINGTON,2,0.0,0.0,0,0,,,,E MILLER DR,S WALNUT ST,,,,39.146944,-86.532544,LOCAL/CITY ROAD,N,URBAN,N,N,N,,DAYLIGHT,CLEAR,DRY,,T-INTERSECTION,STRAIGHT/HILLCREST,ASPHALT,FOLLOWING TOO CLOSELY,REAR END,EMILLERSTSWALNUTST,LANE CONTROL,2021-08-25 09:58:00
1330,ISP BLOOMINGTON 33,BLOOMINGTON,2,,1.0,0,0,,,,I-69 S,,,0.0,,39.21150025,-86.55414353,INTERSTATE,,URBAN,N,N,N,,DAYLIGHT,CLOUDY,DRY,,NO JUNCTION INVOLVED,,ASPHALT,UNSAFE SPEED,REAR END,I69122MM,,2021-08-25 14:45:00
1331,MONROE SD,BLOOMINGTON,2,0.0,0.0,0,0,,,,SR 48,W VERNAL PIKE,,300.0,W,39.16861004,-86.66214184,STATE ROAD,N,RURAL,N,N,N,,DAYLIGHT,RAIN,WET,,T-INTERSECTION,CURVE/LEVEL,ASPHALT,IMPROPER LANE USAGE,OPPOSITE DIRECTION SIDESWIPE,SR48WWVERNALPIKE,NONE,2021-08-25 16:05:00
1332,MONROE SD,BLOOMINGTON,2,0.0,0.0,0,0,,,,SR 48,W VERNAL PIKE,,300.0,W,39.16861004,-86.66214184,STATE ROAD,N,RURAL,N,N,N,,DAYLIGHT,RAIN,WET,,T-INTERSECTION,CURVE/LEVEL,ASPHALT,FOLLOWING TOO CLOSELY,REAR END,SR48WWVERNALPIKE,NONE,2021-08-25 16:30:00
1333,MONROE SD,BLOOMINGTON,2,0.0,0.0,0,0,,,,N CURRY PIKE,W WOODYARD RD,,600.0,S,0.0,0.0,LOCAL/CITY ROAD,N,URBAN,N,N,N,,DAYLIGHT,CLEAR,DRY,,NO JUNCTION INVOLVED,STRAIGHT/GRADE,ASPHALT,FOLLOWING TOO CLOSELY,REAR END,NCURRYPIKEWWOODYARDRD,NONE,2021-08-25 16:45:00
1334,MONROE SD,BLOOMINGTON,1,0.0,0.0,0,1,,,,W GORDON PIKE,S ROGERS ST,,500.0,W,39.121648,-86.539088,LOCAL/CITY ROAD,N,URBAN,Y,N,N,,DARK (LIGHTED),CLEAR,DRY,,NO JUNCTION INVOLVED,STRAIGHT/GRADE,ASPHALT,ANIMAL/OBJECT IN ROADWAY,COLLISION WITH DEER,SOUTHROGERSSTWESTGORDONPIKE,NONE,2021-08-25 22:50:00
1335,BLOOMINGTON PD,BLOOMINGTON,2,0.0,0.0,0,0,,,,E WINSLOW RD,S WALNUT ST,,100.0,E,39.1361416,-86.52833537,LOCAL/CITY ROAD,N,URBAN,N,N,N,,DARK (LIGHTED),CLEAR,DRY,,NO JUNCTION INVOLVED,STRAIGHT/LEVEL,ASPHALT,FOLLOWING TOO CLOSELY,REAR END,WALNUTSTWINSLOWRD,NONE,2021-08-24 06:15:00
1336,ELLETTSVILLE PD,ELLETTSVILLE,2,0.0,0.0,0,0,,,,W REEVES RD,SYCAMORE DR,,,,39.231344,-86.640096,LOCAL/CITY ROAD,N,URBAN,N,N,N,,DAYLIGHT,CLEAR,DRY,,FOUR-WAY INTERSECTION,STRAIGHT/GRADE,ASPHALT,FOLLOWING TOO CLOSELY,REAR END,REEVESRDSYCAMOREDR,STOP SIGN,2021-08-24 08:34:00
1337,ELLETTSVILLE PD,ELLETTSVILLE,2,0.0,0.0,0,0,,,,SR 46,W FORREST PARK DR,,,,0.0,0.0,STATE ROAD,N,URBAN,N,N,N,,DAYLIGHT,CLEAR,DRY,,NO JUNCTION INVOLVED,STRAIGHT/LEVEL,ASPHALT,FOLLOWING TOO CLOSELY,REAR END,FORRESTPARKDRSR46W,LANE CONTROL,2021-08-24 09:05:00
1338,MONROE SD,BLOOMINGTON,1,0.0,1.0,0,0,,,,SR 46,E WOODVIEW DR,,100.0,E,39.15207408,-86.38086033,STATE ROAD,N,RURAL,N,N,N,,DAYLIGHT,CLEAR,DRY,,NO JUNCTION INVOLVED,CURVE/GRADE,ASPHALT,RAN OFF ROAD RIGHT,RAN OFF ROAD,SR46EWESTWOODVIEWDR,NONE,2021-08-24 12:36:00
1339,BLOOMINGTON PD,BLOOMINGTON,2,0.0,1.0,0,0,,,,N PETE ELLIS DR,E JOHN HINKLE PL,,,,39.17072,-86.4956,LOCAL/CITY ROAD,N,URBAN,N,N,N,,DAYLIGHT,CLEAR,DRY,,T-INTERSECTION,STRAIGHT/GRADE,ASPHALT,FOLLOWING TOO CLOSELY,REAR END,EJOHNHINKLEPLNPETEELLISDR,LANE CONTROL,2021-08-24 12:49:00
1340,BLOOMINGTON PD,BLOOMINGTON,3,0.0,0.0,0,0,,,,E RHORER RD,S SARE RD,,,,39.121462,-86.511559,LOCAL/CITY ROAD,Y,URBAN,N,N,N,,DAYLIGHT,CLEAR,DRY,,T-INTERSECTION,STRAIGHT/LEVEL,ASPHALT,FOLLOWING TOO CLOSELY,REAR END,ERHORERRDSSARERD,TRAFFIC CONTROL SIGNAL,2021-08-24 16:11:00
1341,INDIANA UNIV BLOOMINGTON PD,BLOOMINGTON,2,0.0,0.0,0,0,,,,N WOODLAWN AVE,E 8TH ST,,,,39.169473,-86.523482,LOCAL/CITY ROAD,Y,URBAN,N,N,N,,DAYLIGHT,CLEAR,DRY,,FOUR-WAY INTERSECTION,STRAIGHT/LEVEL,ASPHALT,IMPROPER LANE USAGE,SAME DIRECTION SIDESWIPE,E8THSTWOODLAWNAVE,NONE,2021-08-24 16:39:00
1342,BLOOMINGTON PD,BLOOMINGTON,2,0.0,0.0,0,0,,,,SR 46,S PETE ELLIS DR,,,,39.16424,-86.495088,LOCAL/CITY ROAD,N,URBAN,N,N,N,,DAYLIGHT,CLEAR,DRY,,FOUR-WAY INTERSECTION,STRAIGHT/LEVEL,ASPHALT,FAILURE TO YIELD RIGHT OF WAY,RIGHT ANGLE,EAST3RDSTSOUTHPETEELLISDR,TRAFFIC CONTROL SIGNAL,2021-08-24 16:58:00
1343,ELLETTSVILLE PD,ELLETTSVILLE,2,0.0,0.0,0,0,410,,,W IROQUOIS DR,,,400.0,W,39.22272441,-86.62369014,LOCAL/CITY ROAD,N,URBAN,N,N,N,,DARK (NOT LIGHTED),CLEAR,DRY,,NO JUNCTION INVOLVED,STRAIGHT/LEVEL,ASPHALT,OTHER (DRIVER) - EXPLAIN IN NARRATIVE,BACKING CRASH,IROQUOISSTTECUMSEHST,NONE,2021-08-23 00:30:00
1344,INDIANA UNIV BLOOMINGTON PD,BLOOMINGTON,2,0.0,0.0,0,0,,,,E COTTAGE GROVE AVE,N WOODLAWN AVE,,,,39.17252,-86.523509,LOCAL/CITY ROAD,N,URBAN,N,N,N,,DAYLIGHT,CLEAR,DRY,,FOUR-WAY INTERSECTION,STRAIGHT/LEVEL,ASPHALT,FAILURE TO YIELD RIGHT OF WAY,SAME DIRECTION SIDESWIPE,COTTAGEGROVESTWOODLAWNAVE,NONE,2021-08-23 10:14:00
1345,INDIANA UNIV BLOOMINGTON PD,BLOOMINGTON,2,1.0,0.0,0,0,,,,S WOODLAWN AVE,E 3RD ST,,,,39.164248,-86.522621,LOCAL/CITY ROAD,N,URBAN,N,N,N,,DAYLIGHT,CLEAR,DRY,,T-INTERSECTION,STRAIGHT/GRADE,ASPHALT,IMPROPER TURNING,LEFT TURN,THIRDSTWOODLAWNAVE,NONE,2021-08-23 12:18:00
1346,BLOOMINGTON PD,BLOOMINGTON,2,0.0,0.0,0,0,,,,S PATTERSON DR,W PROSPECT ST,,,,39.1626101,-86.55046865,LOCAL/CITY ROAD,Y,URBAN,N,N,N,,DAYLIGHT,CLEAR,DRY,,FOUR-WAY INTERSECTION,STRAIGHT/LEVEL,ASPHALT,FOLLOWING TOO CLOSELY,REAR END,SPATTERSONDRWPROSPECTST,TRAFFIC CONTROL SIGNAL,2021-08-23 16:15:00
1347,ELLETTSVILLE PD,ELLETTSVILLE,2,0.0,0.0,0,0,,,,SR 46,N CHANDLER DR,,,,39.23376,-86.621888,LOCAL/CITY ROAD,N,URBAN,N,N,N,,DAYLIGHT,CLEAR,DRY,,T-INTERSECTION,STRAIGHT/LEVEL,ASPHALT,DRIVER DISTRACTED - EXPLAIN IN NARRATIVE,REAR END,CHANDLERDRMAINST,LANE CONTROL,2021-08-23 16:30:00
1348,BLOOMINGTON PD,BLOOMINGTON,2,0.0,0.0,0,0,,,,N DUNN ST,E 17TH ST,,,,39.17904,-86.5284,LOCAL/CITY ROAD,N,URBAN,N,N,N,,DAYLIGHT,CLEAR,DRY,,FOUR-WAY INTERSECTION,STRAIGHT/GRADE,ASPHALT,FAILURE TO YIELD RIGHT OF WAY,RIGHT ANGLE,EAST17THSTNORTHDUNNST,TRAFFIC CONTROL SIGNAL,2021-08-23 17:26:00
1349,INDIANA UNIV BLOOMINGTON PD,BLOOMINGTON,2,0.0,0.0,0,0,,,,N INDIANA AVE,E 14TH ST,,,,39.17611,-86.527009,LOCAL/CITY ROAD,N,URBAN,N,N,N,,DAYLIGHT,CLEAR,DRY,,T-INTERSECTION,STRAIGHT/LEVEL,ASPHALT,FAILURE TO YIELD RIGHT OF WAY,LEFT TURN,FOURTEENTHSTINDIANAAVE,NONE,2021-08-23 18:50:00
1350,ISP BLOOMINGTON 33,BLOOMINGTON,1,,0.0,0,1,,,,S GARRISON CHAPEL RD,W ELLER RD,,370.0,,39.12191741,-86.64293101,COUNTY ROAD,,RURAL,N,N,N,,DARK (LIGHTED),CLEAR,DRY,,FOUR-WAY INTERSECTION,,ASPHALT,ANIMAL/OBJECT IN ROADWAY,COLLISION WITH DEER,WEllerRdSGarrisonChapelRd,,2021-08-23 20:40:00
1351,BLOOMINGTON PD,BLOOMINGTON,1,0.0,0.0,0,0,503,,,S MULLER PKWY,,,,,39.1610573,-86.5674212,UNKNOWN,Y,URBAN,N,N,N,,DAYLIGHT,CLEAR,DRY,,NO JUNCTION INVOLVED,STRAIGHT/LEVEL,ASPHALT,IMPROPER TURNING,OTHER - EXPLAIN IN NARRATIVE,SOUTHMUELLERPKWY,NONE,2021-08-23 23:00:00
1352,INDIANA UNIV BLOOMINGTON PD,BLOOMINGTON,2,0.0,0.0,0,0,,,,N WOODLAWN AVE,E 17TH ST,,,,39.1790372,-86.523554,,Y,URBAN,N,N,N,,DARK (LIGHTED),CLEAR,DRY,,FOUR-WAY INTERSECTION,STRAIGHT/HILLCREST,ASPHALT,FOLLOWING TOO CLOSELY,REAR END,EAST17THSTWOODLAWNAVE,LANE CONTROL,2021-08-23 23:50:00
1353,BLOOMINGTON PD,BLOOMINGTON,3,0.0,0.0,0,0,,,,SR 46,S SMITH RD,,,,39.16424,-86.480688,LOCAL/CITY ROAD,N,URBAN,N,N,N,,DAYLIGHT,CLEAR,DRY,,NO JUNCTION INVOLVED,STRAIGHT/LEVEL,ASPHALT,FOLLOWING TOO CLOSELY,REAR END,E3RDSTSMITHRD,TRAFFIC CONTROL SIGNAL,2021-08-22 09:32:00
1354,BLOOMINGTON PD,BLOOMINGTON,2,0.0,1.0,0,0,,,,N PETE ELLIS DR,E LONGVIEW AVE,,,,39.166944,-86.495056,LOCAL/CITY ROAD,N,URBAN,N,N,N,,DAYLIGHT,CLEAR,DRY,,FOUR-WAY INTERSECTION,STRAIGHT/LEVEL,ASPHALT,FAILURE TO YIELD RIGHT OF WAY,RIGHT ANGLE,ELONGVIEWAVENPETEELLISDR,STOP SIGN,2021-08-22 10:58:00
1355,INDIANA UNIV BLOOMINGTON PD,BLOOMINGTON,2,0.0,0.0,0,0,,,,E 10TH ST,N SUNRISE DR,,,,39.171585,-86.512477,LOCAL/CITY ROAD,N,URBAN,N,N,N,,DAYLIGHT,CLEAR,DRY,,FOUR-WAY INTERSECTION,STRAIGHT/LEVEL,ASPHALT,FAILURE TO YIELD RIGHT OF WAY,RIGHT ANGLE,NSUNRISEDRTENTHST,TRAFFIC CONTROL SIGNAL,2021-08-22 16:15:00
1356,BLOOMINGTON PD,BLOOMINGTON,2,0.0,0.0,0,0,,,,W EZEKIEL DR,S ELEMENT WAY,,,,0.0,0.0,LOCAL/CITY ROAD,Y,URBAN,N,N,N,,DAYLIGHT,CLEAR,DRY,,T-INTERSECTION,STRAIGHT/GRADE,ASPHALT,UNSAFE BACKING,BACKING CRASH,SELEMENTWAYWEZEKIALDR,NONE,2021-08-22 17:19:00
1357,BLOOMINGTON PD,BLOOMINGTON,1,0.0,1.0,0,0,,,,S HENDERSON ST,ENTRANCE TO CRAWFORD APARTMENTS,,250.0,S,39.11170976,-86.526926,LOCAL/CITY ROAD,N,URBAN,N,Y,N,,DARK (NOT LIGHTED),CLEAR,DRY,,NO JUNCTION INVOLVED,STRAIGHT/LEVEL,ASPHALT,PEDESTRIAN ACTION,COLLISION WITH OBJECT IN ROAD,EASTBRANDONCTSOUTHHENDERSONST,LANE CONTROL,2021-08-22 21:00:00
1358,MONROE SD,BLOOMINGTON,1,0.0,0.0,0,0,,,,S HANDY RD,S AIRLINE RD,,,,39.08476423,-86.49100012,COUNTY ROAD,N,RURAL,N,N,N,,DARK (NOT LIGHTED),CLOUDY,DRY,,T-INTERSECTION,CURVE/LEVEL,ASPHALT,RAN OFF ROAD RIGHT,RAN OFF ROAD,AIRLANERDHANDYRD,NONE,2021-08-22 21:01:00
1359,ISP BLOOMINGTON 33,BLOOMINGTON,1,,0.0,0,1,,,,SR 45,N RUSSELL RD (N),,0.0,,39.20104995,-86.46761272,STATE ROAD,,RURAL,N,N,N,,DAWN/DUSK,CLEAR,DRY,,RAILROAD CROSSINGS,,ASPHALT,ANIMAL/OBJECT IN ROADWAY,COLLISION WITH DEER,StateRd45RussellRd,,2021-08-21 06:50:00
1360,BLOOMINGTON PD,BLOOMINGTON,2,0.0,1.0,0,0,,,,N ADAMS ST,W KIRKWOOD AVE,,,,39.166816,-86.549488,LOCAL/CITY ROAD,N,URBAN,N,N,N,,DAYLIGHT,CLEAR,DRY,,FOUR-WAY INTERSECTION,CURVE/GRADE,ASPHALT,FOLLOWING TOO CLOSELY,REAR END,NADAMSSTWKIRKWOODAVE,TRAFFIC CONTROL SIGNAL,2021-08-21 08:04:00
1361,MONROE SD,BLOOMINGTON,2,0.0,0.0,0,0,2450,,,W KARST FARM PARK RD,S ENDWRIGHT RD,,,,39.148848,-86.5964,UNKNOWN,N,URBAN,N,N,N,,DAYLIGHT,CLEAR,DRY,,T-INTERSECTION,STRAIGHT/GRADE,ASPHALT,FOLLOWING TOO CLOSELY,REAR END,SENDWRIGHTRD,STOP SIGN,2021-08-21 12:29:00
1362,BLOOMINGTON PD,BLOOMINGTON,2,0.0,0.0,0,0,,,,S JEFFERSON ST,E 3RD ST,,,,39.164304,-86.506992,LOCAL/CITY ROAD,N,URBAN,N,N,N,,DAYLIGHT,CLEAR,DRY,,T-INTERSECTION,STRAIGHT/LEVEL,ASPHALT,FOLLOWING TOO CLOSELY,REAR END,E3RDSTSJEFFERSONST,NONE,2021-08-21 13:57:00
1363,BLOOMINGTON PD,BLOOMINGTON,2,0.0,0.0,0,0,,,,E 3RD ST,S HILLSDALE DR,,50.0,W,39.164272,-86.502416,LOCAL/CITY ROAD,N,URBAN,N,N,N,,DAYLIGHT,CLEAR,DRY,,NO JUNCTION INVOLVED,STRAIGHT/GRADE,ASPHALT,FOLLOWING TOO CLOSELY,REAR END,E3RDSTSHILLSDALEDR,NONE,2021-08-21 14:08:00
1364,BLOOMINGTON PD,BLOOMINGTON,2,0.0,0.0,0,0,,,,S ROGERS ST,W PATTERSON DR,,,,39.153791,-86.538749,LOCAL/CITY ROAD,N,URBAN,N,N,N,,DAYLIGHT,CLEAR,DRY,,FOUR-WAY INTERSECTION,STRAIGHT/LEVEL,ASPHALT,FAILURE TO YIELD RIGHT OF WAY,RIGHT ANGLE,SROGERSSTWPATTERSONDR,TRAFFIC CONTROL SIGNAL,2021-08-21 15:23:00
1365,INDIANA UNIV BLOOMINGTON PD,BLOOMINGTON,2,0.0,0.0,0,0,,,,S SWAIN AVE,E 3RD ST,,,,39.164261,-86.515275,LOCAL/CITY ROAD,N,URBAN,N,N,N,,DAYLIGHT,CLEAR,DRY,,T-INTERSECTION,STRAIGHT/GRADE,ASPHALT,IMPROPER TURNING,LEFT TURN,SWAINAVETHIRDST,NONE,2021-08-21 17:08:00
1366,INDIANA UNIV BLOOMINGTON PD,BLOOMINGTON,2,1.0,0.0,0,0,,,,S PARK AVE,E ATWATER AVE,,,,39.163117,-86.524016,LOCAL/CITY ROAD,Y,URBAN,N,N,N,,DAYLIGHT,CLEAR,DRY,,T-INTERSECTION,STRAIGHT/LEVEL,ASPHALT,IMPROPER TURNING,OPPOSITE DIRECTION SIDESWIPE,ATWATERAVESPARKAVE,STOP SIGN,2021-08-21 17:29:00
1367,BLOOMINGTON PD,BLOOMINGTON,2,0.0,0.0,0,0,,,,N COLLEGE AVE,W 10TH ST,,,,39.171744,-86.534768,LOCAL/CITY ROAD,Y,URBAN,N,N,N,,DAYLIGHT,CLEAR,DRY,,FOUR-WAY INTERSECTION,STRAIGHT/LEVEL,ASPHALT,IMPROPER LANE USAGE,RIGHT ANGLE,NCOLLEGEAVEW10THST,TRAFFIC CONTROL SIGNAL,2021-08-21 18:03:00
1368,BLOOMINGTON PD,BLOOMINGTON,2,0.0,0.0,0,0,,,,S ROGERS ST,,,500.0,S,39.146448,-86.5388,LOCAL/CITY ROAD,Y,URBAN,N,N,N,,DAYLIGHT,CLEAR,DRY,,FOUR-WAY INTERSECTION,STRAIGHT/LEVEL,ASPHALT,LEFT OF CENTER,OPPOSITE DIRECTION SIDESWIPE,SROCKPORTRDSROGERSST,NONE,2021-08-21 18:23:00
1369,MONROE SD,BLOOMINGTON,1,0.0,2.0,0,0,8255,,,S FAIRFAX RD,,,1000.0,N,39.15126878,-86.490565,LOCAL/CITY ROAD,N,RURAL,N,N,N,,DARK (NOT LIGHTED),CLEAR,DRY,,NO JUNCTION INVOLVED,STRAIGHT/LEVEL,ASPHALT,ANIMAL/OBJECT IN ROADWAY,COLLISION WITH ANIMAL OTHER,CLEVEBUTCHERRDFAIRFAXRD,LANE CONTROL,2021-08-20 03:15:00
1370,BLOOMINGTON PD,BLOOMINGTON,2,0.0,0.0,0,0,,,,W 6TH ST,N COLLEGE AVE,,,,39.167648,-86.534784,LOCAL/CITY ROAD,N,URBAN,N,N,N,,DAYLIGHT,CLEAR,DRY,,FOUR-WAY INTERSECTION,STRAIGHT/GRADE,ASPHALT,UNSAFE BACKING,BACKING CRASH,6THSTCOLLEGEAVE,TRAFFIC CONTROL SIGNAL,2021-08-20 11:54:00
1371,BLOOMINGTON PD,BLOOMINGTON,2,0.0,0.0,0,0,,,,SR 45,S LIBERTY DR,,,,39.1450914,-86.5778283,LOCAL/CITY ROAD,N,URBAN,N,N,N,,DAYLIGHT,CLEAR,DRY,,FOUR-WAY INTERSECTION,STRAIGHT/LEVEL,ASPHALT,IMPROPER LANE USAGE,REAR END,SLIBERTYDRWSR45HWY,TRAFFIC CONTROL SIGNAL,2021-08-20 14:36:00
1372,BLOOMINGTON PD,BLOOMINGTON,2,0.0,1.0,0,0,,,,S WOODLAWN AVE,E 2ND ST,,,,39.16108,-86.522618,LOCAL/CITY ROAD,N,URBAN,N,N,N,,DAYLIGHT,CLEAR,DRY,,FOUR-WAY INTERSECTION,STRAIGHT/LEVEL,ASPHALT,DISREGARD SIGNAL/REG SIGN,RIGHT ANGLE,ESECONDSTSWOODLAWNAVE,STOP SIGN,2021-08-20 15:46:00
1373,BLOOMINGTON PD,BLOOMINGTON,2,0.0,1.0,0,0,,,,W 3RD ST,S MULLER PKWY,,,,39.164469,-86.562709,LOCAL/CITY ROAD,N,URBAN,N,N,N,,DARK (LIGHTED),CLEAR,DRY,,T-INTERSECTION,STRAIGHT/LEVEL,ASPHALT,FAILURE TO YIELD RIGHT OF WAY,RIGHT ANGLE,SMULLERPKWYW3RDST,STOP SIGN,2021-08-20 22:53:00
1374,MONROE SD,BLOOMINGTON,2,1.0,0.0,0,0,,,,I-69 S,,,1000.0,S,0.0,0.0,INTERSTATE,N,URBAN,N,Y,N,,DAYLIGHT,CLOUDY,DRY,,INTERCHANGE,STRAIGHT/GRADE,ASPHALT,OTHER (VEHICLE) - EXPLAIN IN NARRATIVE,OTHER - EXPLAIN IN NARRATIVE,BURMARDI69S,NONE,2021-08-19 01:35:00
1375,INDIANA UNIV BLOOMINGTON PD,BLOOMINGTON,2,0.0,0.0,0,0,,,,SR 45,SR 45/46,,,,0.0,0.0,STATE ROAD,N,URBAN,N,N,N,,DAYLIGHT,CLEAR,DRY,,FOUR-WAY INTERSECTION,STRAIGHT/LEVEL,ASPHALT,DRIVER DISTRACTED - EXPLAIN IN NARRATIVE,REAR END,SR45SR46,TRAFFIC CONTROL SIGNAL,2021-08-19 08:53:00
1376,BLOOMINGTON PD,BLOOMINGTON,2,0.0,0.0,0,0,,,,W HAYS CT,S ROGERS ST,,40.0,W,39.12504,-86.5388,LOCAL/CITY ROAD,N,URBAN,N,N,N,,DAYLIGHT,CLEAR,DRY,,NO JUNCTION INVOLVED,STRAIGHT/GRADE,ASPHALT,IMPROPER LANE USAGE,SAME DIRECTION SIDESWIPE,SROGERSSTWHAYSCT,NONE,2021-08-19 08:57:00
1377,ISP BLOOMINGTON 33,BLOOMINGTON,2,,0.0,0,0,,,,SR 45/46,,,500.0,N,39.17514641,-86.50406172,STATE ROAD,,URBAN,N,N,N,,DAYLIGHT,CLOUDY,DRY,,NO JUNCTION INVOLVED,,ASPHALT,UNSAFE SPEED,REAR END,SR45DiscoveryParkway,,2021-08-19 12:25:00
1378,BLOOMINGTON PD,BLOOMINGTON,2,0.0,0.0,0,0,,,,SR 45,S LIBERTY DR,,,,39.1450914,-86.5778283,LOCAL/CITY ROAD,N,URBAN,N,N,N,,DAYLIGHT,CLEAR,DRY,,FOUR-WAY INTERSECTION,STRAIGHT/LEVEL,ASPHALT,FAILURE TO YIELD RIGHT OF WAY,RIGHT ANGLE,LIBERTYDRWESTSTATEROAD45HWY,TRAFFIC CONTROL SIGNAL,2021-08-19 14:04:00
1379,BLOOMINGTON PD,BLOOMINGTON,2,0.0,0.0,0,0,,,,S LIBERTY DR,SR 45,,50.0,N,39.155739,-86.57686479,LOCAL/CITY ROAD,N,URBAN,Y,N,N,,DAYLIGHT,CLEAR,DRY,,FOUR-WAY INTERSECTION,STRAIGHT/LEVEL,ASPHALT,BRAKE FAILURE OR DEFECTIVE,REAR END,SLIBERTYDRSR45HWY,NONE,2021-08-19 14:31:00
1380,BLOOMINGTON PD,BLOOMINGTON,2,0.0,0.0,0,0,,,,N WALNUT ST,W 10TH ST,,,,39.171744,-86.53352,LOCAL/CITY ROAD,N,URBAN,N,N,N,,DAYLIGHT,CLEAR,DRY,,FOUR-WAY INTERSECTION,STRAIGHT/GRADE,ASPHALT,DISREGARD SIGNAL/REG SIGN,RIGHT ANGLE,NORTHWALNUTSTWEST10THST,TRAFFIC CONTROL SIGNAL,2021-08-19 15:05:00
1381,BLOOMINGTON PD,BLOOMINGTON,2,0.0,0.0,0,0,,,,S WASHINGTON ST,E 7TH ST,,50.0,S,39.16864,-86.5324,LOCAL/CITY ROAD,Y,URBAN,N,N,N,,DAYLIGHT,CLOUDY,DRY,,NO JUNCTION INVOLVED,STRAIGHT/GRADE,ASPHALT,UNSAFE LANE MOVEMENT,SAME DIRECTION SIDESWIPE,E7THSTSWASHINGTONST,NONE,2021-08-19 15:30:00