_id,Agency,City,Vehicles Involved,Trailers Involved,Number Injured,Number Dead,Number Deer,House Number,Roadway Interchange,Roadway Ramp,Roadway Id,Intersecting Road,Interchange,Feet From,Direction,Latitude,Longitude,Roadway Class,Hit and Run?,Locality,School Zone?,Rumble Strips?,Construction?,Construction Type,Light Condition,Weather Conditions,Surface Condition,Type of Median,Roadway Junction Type,Road Character,Roadway Surface,Primary Factor,Manner of Collision,Unique Location Id,Traffic Control,DateTime
1382,INDIANA UNIV BLOOMINGTON PD,BLOOMINGTON,2,0.0,0.0,0,0,,,,SR 45/46,E DISCOVERY PKWY,,300.0,N,39.20699156,-86.504121,STATE ROAD,N,URBAN,N,N,N,,DAYLIGHT,CLEAR,DRY,,NO JUNCTION INVOLVED,STRAIGHT/LEVEL,ASPHALT,FOLLOWING TOO CLOSELY,REAR END,EDISCOVERYPKWYSR45N,NONE,2021-08-19 16:31:00
1383,INDIANA UNIV BLOOMINGTON PD,BLOOMINGTON,2,0.0,0.0,0,0,,,,SR 45/46,E DISCOVERY PKWY,,330.0,N,39.21016476,-86.504121,STATE ROAD,N,URBAN,N,N,N,,DAYLIGHT,CLEAR,DRY,,NO JUNCTION INVOLVED,STRAIGHT/LEVEL,ASPHALT,FOLLOWING TOO CLOSELY,REAR END,EDISCOVERYPKWYSR45N,NONE,2021-08-19 16:31:00
1384,INDIANA UNIV BLOOMINGTON PD,BLOOMINGTON,2,0.0,0.0,0,0,,,,SR 45/46,E DISCOVERY PKWY,,150.0,N,39.23990158,-86.61052504,STATE ROAD,N,URBAN,N,N,N,,DAYLIGHT,CLEAR,DRY,,T-INTERSECTION,STRAIGHT/LEVEL,ASPHALT,FOLLOWING TOO CLOSELY,REAR END,DISCOVERYPKWYSR46E,TRAFFIC CONTROL SIGNAL,2021-08-19 17:13:00
1385,INDIANA UNIV BLOOMINGTON PD,BLOOMINGTON,2,0.0,0.0,0,0,,,,SR 45/46,E DISCOVERY PKWY,,,,39.171474,-86.495398,STATE ROAD,N,URBAN,N,N,N,,DAYLIGHT,CLEAR,DRY,,NO JUNCTION INVOLVED,STRAIGHT/LEVEL,ASPHALT,FOLLOWING TOO CLOSELY,REAR END,DISCOVERYPKWYSR45S,TRAFFIC CONTROL SIGNAL,2021-08-19 17:50:00
1386,BLOOMINGTON PD,BLOOMINGTON,2,0.0,0.0,0,0,,,,N WALNUT ST,E 14TH ST,,30.0,S,39.175952,-86.53344,LOCAL/CITY ROAD,Y,,N,N,N,,DAYLIGHT,CLEAR,DRY,,NO JUNCTION INVOLVED,STRAIGHT/GRADE,CONCRETE,UNSAFE LANE MOVEMENT,SAME DIRECTION SIDESWIPE,E14THSTNWALNUTST,NONE,2021-08-19 18:32:00
1387,BLOOMINGTON PD,BLOOMINGTON,2,0.0,1.0,0,0,,,,SR 45/46,N KINSER PIKE,,,,39.186544,-86.537888,LOCAL/CITY ROAD,N,URBAN,N,N,N,,DAWN/DUSK,CLEAR,DRY,,FOUR-WAY INTERSECTION,STRAIGHT/GRADE,ASPHALT,OTHER (DRIVER) - EXPLAIN IN NARRATIVE,REAR END,NKINSERPIKEWSTATEROAD4546BYP,TRAFFIC CONTROL SIGNAL,2021-08-19 20:11:00
1388,BLOOMINGTON PD,BLOOMINGTON,2,0.0,0.0,0,0,,,,S ADAMS ST,S PATTERSON DR,,,,39.164512,-86.550624,LOCAL/CITY ROAD,Y,URBAN,N,N,N,,DARK (LIGHTED),CLEAR,DRY,,FOUR-WAY INTERSECTION,CURVE/GRADE,ASPHALT,IMPROPER LANE USAGE,OPPOSITE DIRECTION SIDESWIPE,ADAMSSTW3RDST,TRAFFIC CONTROL SIGNAL,2021-08-19 23:10:00
1389,MONROE SD,BLOOMINGTON,3,0.0,1.0,0,0,,,,N SMITH PIKE,W WOODYARD RD,,200.0,N,0.0,0.0,COUNTY ROAD,N,RURAL,N,N,N,,DAYLIGHT,CLEAR,DRY,,T-INTERSECTION,STRAIGHT/GRADE,ASPHALT,LEFT OF CENTER,OPPOSITE DIRECTION SIDESWIPE,NSMITHPIKEWOODYARDRD,LANE CONTROL,2021-08-18 12:12:00
1390,INDIANA UNIV BLOOMINGTON PD,BLOOMINGTON,2,0.0,0.0,0,0,,,,E 10TH ST,N SUNRISE DR,,,,39.171585,-86.512477,LOCAL/CITY ROAD,N,URBAN,N,N,N,,DAYLIGHT,CLEAR,DRY,,FOUR-WAY INTERSECTION,STRAIGHT/LEVEL,ASPHALT,FOLLOWING TOO CLOSELY,REAR END,NSUNRISEDRTENTHST,TRAFFIC CONTROL SIGNAL,2021-08-18 13:10:00
1391,INDIANA UNIV BLOOMINGTON PD,BLOOMINGTON,2,0.0,0.0,0,0,,,,E 3RD ST,S FESS AVE,,,,39.164281,-86.525871,LOCAL/CITY ROAD,N,URBAN,N,N,N,,DAYLIGHT,CLEAR,DRY,,T-INTERSECTION,STRAIGHT/LEVEL,ASPHALT,IMPROPER TURNING,LEFT TURN,FESSAVETHIRDST,NONE,2021-08-18 13:20:00
1392,BLOOMINGTON PD,BLOOMINGTON,2,0.0,0.0,0,0,,,,W 2ND ST,B-LINE TRAIL,,30.0,E,39.161378,-86.53630159,LOCAL/CITY ROAD,N,URBAN,N,N,N,,DAYLIGHT,CLEAR,DRY,,TRAIL CROSSINGS,STRAIGHT/LEVEL,ASPHALT,FOLLOWING TOO CLOSELY,REAR END,SMORTONSTW2NDST,YIELD SIGN,2021-08-18 14:06:00
1393,BLOOMINGTON PD,BLOOMINGTON,2,0.0,0.0,0,0,,,,E 7TH ST,SR 46,,,,39.16774375,-86.500487,LOCAL/CITY ROAD,N,URBAN,N,N,N,,DAYLIGHT,CLEAR,DRY,,T-INTERSECTION,STRAIGHT/LEVEL,ASPHALT,FOLLOWING TOO CLOSELY,REAR END,E7THSTNSTATEROAD46HWY,STOP SIGN,2021-08-18 14:36:00
1394,BLOOMINGTON PD,BLOOMINGTON,2,0.0,1.0,0,0,1602,,,S WALNUT ST,W SOUTHERN DR,,,,39.14984,-86.533392,LOCAL/CITY ROAD,N,URBAN,N,N,N,,DAYLIGHT,CLEAR,DRY,,T-INTERSECTION,STRAIGHT/LEVEL,ASPHALT,FAILURE TO YIELD RIGHT OF WAY,RIGHT ANGLE,EASTSOUTHERNDRSOUTHWALNUTST,STOP SIGN,2021-08-18 15:56:00
1395,ISP BLOOMINGTON 33,BLOOMINGTON,1,,0.0,0,0,,,,I-69 N,SR 37,,0.0,,39.11256084,-86.56140751,INTERSTATE,,URBAN,N,N,N,,DAYLIGHT,CLEAR,DRY,,NO JUNCTION INVOLVED,,CONCRETE,,RAN OFF ROAD,I69114.5,,2021-08-18 16:20:00
1396,INDIANA UNIV BLOOMINGTON PD,BLOOMINGTON,2,0.0,0.0,0,0,,,,S SWAIN AVE,E 3RD ST,,,,39.164261,-86.515275,LOCAL/CITY ROAD,N,URBAN,N,N,N,,DAYLIGHT,CLEAR,DRY,,T-INTERSECTION,STRAIGHT/LEVEL,ASPHALT,IMPROPER TURNING,LEFT TURN,SWAINAVETHIRDST,NONE,2021-08-18 16:40:00
1397,BLOOMINGTON PD,BLOOMINGTON,1,0.0,1.0,0,0,,,,SR 46,S COLLEGE MALL RD,,100.0,E,39.1641839,-86.49824424,LOCAL/CITY ROAD,Y,URBAN,N,N,N,,DARK (LIGHTED),CLEAR,DRY,,NO JUNCTION INVOLVED,STRAIGHT/LEVEL,ASPHALT,FAILURE TO YIELD RIGHT OF WAY,RIGHT TURN,ESTRD46HWYSCOLLEGEMALLRD,NONE,2021-08-18 22:23:00
1398,MONROE SD,BLOOMINGTON,1,0.0,0.0,0,0,,,,W PERSIMMON CT,S WHITE PINE DR,,,,39.109212,-86.537086,LOCAL/CITY ROAD,Y,URBAN,N,N,N,,DARK (NOT LIGHTED),CLEAR,DRY,,T-INTERSECTION,CURVE/LEVEL,ASPHALT,RAN OFF ROAD RIGHT,RAN OFF ROAD,SOUTHWHITEPINEDRWESTPERSIMMONCT,NONE,2021-08-18 22:50:00
1399,ISP BLOOMINGTON 33,BLOOMINGTON,2,,0.0,0,0,7844,,,W ELWREN RD,SR 45,,185.0,,39.10807844,-86.64434567,LOCAL/CITY ROAD,,RURAL,N,N,N,,DAYLIGHT,FOG/SMOKE/SMOG,DRY,,NO JUNCTION INVOLVED,,ASPHALT,OTHER (DRIVER) - EXPLAIN IN NARRATIVE,REAR END,WStateRd45WElwrenRd,,2021-08-17 08:27:00
1400,BLOOMINGTON PD,BLOOMINGTON,2,0.0,0.0,0,0,,,,N WOODBURN AVE,W 14TH ST,,,,39.176016,-86.53608,LOCAL/CITY ROAD,N,URBAN,N,N,N,,DAWN/DUSK,CLEAR,DRY,,NO JUNCTION INVOLVED,STRAIGHT/GRADE,ASPHALT,IMPROPER TURNING,LEFT TURN,NWOODBURNAVEW14THST,NONE,2021-08-17 09:13:00
1401,ISP BLOOMINGTON 33,BLOOMINGTON,2,,0.0,0,0,,,,I-69 N,,,0.0,,39.06851135,-86.6733596,INTERSTATE,,RURAL,N,N,N,,DAYLIGHT,CLEAR,DRY,,NO JUNCTION INVOLVED,,CONCRETE,,SAME DIRECTION SIDESWIPE,I-69106.5,,2021-08-17 13:20:00
1402,BLOOMINGTON PD,BLOOMINGTON,2,0.0,0.0,0,0,,,,E COVENANTER DR,S COLLEGE MALL RD,,,,39.1551603,-86.4977833,LOCAL/CITY ROAD,N,URBAN,N,N,N,,DAYLIGHT,CLOUDY,DRY,,FOUR-WAY INTERSECTION,STRAIGHT/LEVEL,ASPHALT,FAILURE TO YIELD RIGHT OF WAY,LEFT/RIGHT TURN,ECOVENANTERDRSCOLLEGEMALLRD,TRAFFIC CONTROL SIGNAL,2021-08-17 13:51:00
1403,BLOOMINGTON PD,BLOOMINGTON,2,0.0,0.0,0,0,1836,,,S OAKDALE DR,,,,,39.145118,-86.5713167,UNKNOWN,N,URBAN,N,N,N,,DAYLIGHT,CLOUDY,DRY,,NO JUNCTION INVOLVED,NON-ROADWAY CRASH,ASPHALT,UNSAFE BACKING,BACKING CRASH,SOAKDALEDR,NONE,2021-08-17 14:44:00
1404,BLOOMINGTON PD,BLOOMINGTON,2,0.0,1.0,0,0,,,,S ROGERS ST,W 4TH ST,,,,39.165696,-86.538592,LOCAL/CITY ROAD,N,URBAN,N,N,N,,DAYLIGHT,CLEAR,DRY,,FOUR-WAY INTERSECTION,STRAIGHT/LEVEL,ASPHALT,DISREGARD SIGNAL/REG SIGN,LEFT TURN,SROGERSSTW4THST,STOP SIGN,2021-08-17 16:51:00
1405,INDIANA UNIV BLOOMINGTON PD,BLOOMINGTON,2,0.0,0.0,0,0,,,,SR 46,SR 45,,,,0.0,0.0,STATE ROAD,N,URBAN,N,N,N,,DAYLIGHT,CLEAR,DRY,,FOUR-WAY INTERSECTION,STRAIGHT/LEVEL,ASPHALT,FOLLOWING TOO CLOSELY,REAR END,SR45SR46,TRAFFIC CONTROL SIGNAL,2021-08-17 16:56:00
1406,BLOOMINGTON PD,BLOOMINGTON,1,1.0,0.0,0,0,,,,W 17TH ST,N MADISON ST,,,,39.178992,-86.537792,LOCAL/CITY ROAD,N,URBAN,N,N,N,,DAYLIGHT,CLEAR,DRY,,FOUR-WAY INTERSECTION,STRAIGHT/HILLCREST,ASPHALT,OVERCORRECTING/OVERSTEERING,RAN OFF ROAD,NMADISONSTW17THST,TRAFFIC CONTROL SIGNAL,2021-08-17 17:55:00
1407,INDIANA UNIV BLOOMINGTON PD,BLOOMINGTON,2,0.0,0.0,0,0,,,,SR 45/46,E 10TH ST,,,,0.0,0.0,STATE ROAD,Y,URBAN,N,N,N,,DAYLIGHT,CLOUDY,DRY,,FOUR-WAY INTERSECTION,STRAIGHT/LEVEL,ASPHALT,UNSAFE SPEED,REAR END,SR45SR46,TRAFFIC CONTROL SIGNAL,2021-08-17 18:00:00
1408,BLOOMINGTON PD,BLOOMINGTON,2,0.0,0.0,0,0,,,,S ADAMS ST,ENTRANCE TO MARATHON GAS STATION,,,,39.16342,-86.551249,LOCAL/CITY ROAD,N,URBAN,N,N,N,,DAYLIGHT,CLEAR,DRY,,FOUR-WAY INTERSECTION,STRAIGHT/LEVEL,ASPHALT,FOLLOWING TOO CLOSELY,REAR END,SPATTERSONDRW3RDST,TRAFFIC CONTROL SIGNAL,2021-08-17 18:20:00
1409,MONROE SD,BLOOMINGTON,1,1.0,0.0,0,0,1907,,,W LANCASTER RD,N MAPLE GROVE RD,,,,39.21103608,-86.56000065,LOCAL/CITY ROAD,N,RURAL,N,N,N,,DAYLIGHT,CLEAR,DRY,,NO JUNCTION INVOLVED,CURVE/GRADE,CONCRETE,IMPROPER TURNING,RAN OFF ROAD,WLANCASTERDR,NONE,2021-08-17 18:22:00
1410,BLOOMINGTON PD,BLOOMINGTON,2,0.0,0.0,0,0,3462,,,E JOHN HINKLE PL,,,,,39.1693392,-86.4919832,LOCAL/CITY ROAD,N,URBAN,N,N,N,,DAYLIGHT,CLEAR,DRY,,NO JUNCTION INVOLVED,STRAIGHT/LEVEL,ASPHALT,FAILURE TO YIELD RIGHT OF WAY,BACKING CRASH,EJOHNHICKLEPL,NONE,2021-08-17 18:40:00
1411,BLOOMINGTON PD,BLOOMINGTON,2,0.0,1.0,0,0,,,,N WALNUT ST,W 14TH ST,,,,39.175952,-86.53344,LOCAL/CITY ROAD,N,URBAN,N,N,N,,DAYLIGHT,CLEAR,DRY,,FOUR-WAY INTERSECTION,STRAIGHT/GRADE,ASPHALT,IMPROPER TURNING,SAME DIRECTION SIDESWIPE,NORTHWALNUTSTWEST14THST,STOP SIGN,2021-08-17 19:44:00
1412,BLOOMINGTON PD,BLOOMINGTON,2,0.0,1.0,0,0,,,,N WALNUT ST,,,200.0,S,39.16864,-86.533568,LOCAL/CITY ROAD,N,URBAN,N,N,Y,LANE CLOSURE,DAYLIGHT,FOG/SMOKE/SMOG,DRY,,NO JUNCTION INVOLVED,STRAIGHT/LEVEL,ASPHALT,UNSAFE LANE MOVEMENT,SAME DIRECTION SIDESWIPE,NWALNUTSTW7THST,LANE CONTROL,2021-08-17 20:53:00
1413,BLOOMINGTON PD,BLOOMINGTON,2,0.0,1.0,0,0,,,,S COLLEGE AVE,W 11TH ST,,,,39.173232,-86.534752,LOCAL/CITY ROAD,N,URBAN,N,N,N,,DARK (LIGHTED),CLEAR,DRY,,FOUR-WAY INTERSECTION,STRAIGHT/HILLCREST,ASPHALT,DRIVER DISTRACTED - EXPLAIN IN NARRATIVE,RIGHT ANGLE,SCOLLEGEAVEW11THST,TRAFFIC CONTROL SIGNAL,2021-08-17 21:14:00
1414,BLOOMINGTON PD,BLOOMINGTON,3,0.0,1.0,0,0,,,,E WINSLOW RD,S HIGHLAND AVE,,15.0,W,39.136048,-86.518496,LOCAL/CITY ROAD,N,URBAN,N,N,N,,DAYLIGHT,CLOUDY,DRY,,T-INTERSECTION,STRAIGHT/GRADE,ASPHALT,FOLLOWING TOO CLOSELY,REAR END,EWINSLOWRDSHIGHLANDAVE,NONE,2021-08-16 08:16:00
1415,BLOOMINGTON PD,BLOOMINGTON,2,0.0,0.0,0,0,,,,W 3RD ST,S YANCY LN,,,,39.164532,-86.569474,LOCAL/CITY ROAD,N,URBAN,N,N,N,,DAYLIGHT,CLEAR,DRY,,T-INTERSECTION,STRAIGHT/GRADE,ASPHALT,BRAKE FAILURE OR DEFECTIVE,REAR END,SOUTHYANCYLNWEST3RDST,STOP SIGN,2021-08-16 14:23:00
1416,BLOOMINGTON PD,BLOOMINGTON,2,0.0,0.0,0,0,,,,SR 48,S WELMIR DR,,,,39.164714,-86.579129,LOCAL/CITY ROAD,N,URBAN,N,N,N,,DAYLIGHT,CLOUDY,DRY,,T-INTERSECTION,STRAIGHT/GRADE,ASPHALT,IMPROPER TURNING,RIGHT ANGLE,RUNKLEWAYW3RDST,NONE,2021-08-16 14:50:00
1417,BLOOMINGTON PD,BLOOMINGTON,2,0.0,0.0,0,0,,,,E 2ND ST,S WOODLAWN AVE,,,,39.161312,-86.522576,LOCAL/CITY ROAD,N,URBAN,N,N,N,,DAYLIGHT,CLEAR,DRY,,FOUR-WAY INTERSECTION,STRAIGHT/LEVEL,ASPHALT,DISREGARD SIGNAL/REG SIGN,RIGHT ANGLE,EAST2NDSTSOUTHWOODLAWNAVE,STOP SIGN,2021-08-16 17:08:00
1418,ISP BLOOMINGTON 33,BLOOMINGTON,3,,2.0,0,0,,,,SR 46,E KERR CREEK RD,,150.0,,39.16655044,-86.4632391,STATE ROAD,,RURAL,N,N,N,,DAYLIGHT,CLOUDY,DRY,,NO JUNCTION INVOLVED,,ASPHALT,UNSAFE SPEED,REAR END,StateRd46KerrCreekRd,,2021-08-16 17:55:00
1419,INDIANA UNIV BLOOMINGTON PD,BLOOMINGTON,2,0.0,0.0,0,0,,,,N FEE LN,E LAW LN,,,,39.17378795,-86.51785229,LOCAL/CITY ROAD,N,URBAN,N,N,N,,DAYLIGHT,CLEAR,DRY,,T-INTERSECTION,STRAIGHT/GRADE,ASPHALT,DRIVER DISTRACTED - EXPLAIN IN NARRATIVE,REAR END,ELAWLNNFEELN,LANE CONTROL,2021-08-16 19:25:00
1420,BLOOMINGTON PD,BLOOMINGTON,2,0.0,0.0,0,0,,,,E 9TH ST,N WASHINGTON ST,,50.0,W,39.170544,-86.5324,LOCAL/CITY ROAD,N,URBAN,N,N,N,,DAWN/DUSK,CLEAR,DRY,,NO JUNCTION INVOLVED,STRAIGHT/GRADE,ASPHALT,UNSAFE BACKING,BACKING CRASH,EAST9THSTNORTHWASHINGTONST,NONE,2021-08-16 20:09:00
1421,BLOOMINGTON PD,BLOOMINGTON,2,0.0,1.0,0,0,,,,SR 45/46,N WALNUT ST,,2500.0,E,39.186268,-86.53480534,LOCAL/CITY ROAD,N,URBAN,N,N,N,,DAYLIGHT,CLEAR,DRY,,NO JUNCTION INVOLVED,STRAIGHT/GRADE,ASPHALT,FOLLOWING TOO CLOSELY,REAR END,INDIANA4546BYPNWALNUTST,NONE,2021-08-16 22:54:00
1422,BLOOMINGTON PD,BLOOMINGTON,2,0.0,0.0,0,0,,,,E MAXWELL LN,S HAWTHORNE DR,,150.0,W,39.15781,-86.52015502,LOCAL/CITY ROAD,N,URBAN,N,N,N,,DARK (LIGHTED),CLEAR,DRY,,FOUR-WAY INTERSECTION,STRAIGHT/LEVEL,ASPHALT,OTHER (DRIVER) - EXPLAIN IN NARRATIVE,SAME DIRECTION SIDESWIPE,EMAXWELLLNSHAWTHORNEDR,NONE,2021-08-15 03:26:00
1423,ISP BLOOMINGTON 33,BLOOMINGTON,2,,1.0,0,0,,,,SR 37,E MONROE DAM RD,,0.0,,39.01931563,-86.53651765,STATE ROAD,,RURAL,N,N,Y,LANE CLOSURE,DAYLIGHT,CLOUDY,DRY,,NO JUNCTION INVOLVED,,ASPHALT,FAILURE TO YIELD RIGHT OF WAY,REAR END,StateRd37MonroeDamRd.,,2021-08-15 08:50:00
1424,BLOOMINGTON PD,BLOOMINGTON,2,0.0,0.0,0,0,,,,E ROGERS RD,S SARE RD,,,,39.13584,-86.496288,LOCAL/CITY ROAD,N,URBAN,N,N,N,,DAYLIGHT,CLOUDY,DRY,,TRAFFIC CIRCLE/ROUNDABOUT,CURVE/LEVEL,ASPHALT,FAILURE TO YIELD RIGHT OF WAY,LEFT TURN,EROGERSRDSSARERD,YIELD SIGN,2021-08-15 14:19:00
1425,BLOOMINGTON PD,BLOOMINGTON,2,1.0,0.0,0,0,,,14,SR 45,I-69 S,,,,0.0,0.0,LOCAL/CITY ROAD,N,URBAN,N,N,N,,DAYLIGHT,CLEAR,DRY,,RAMP,CURVE/LEVEL,ASPHALT,FOLLOWING TOO CLOSELY,REAR END,US69SWBLOOMFIELDRD,YIELD SIGN,2021-08-15 14:35:00
1426,MONROE SD,BLOOMINGTON,2,0.0,0.0,0,0,5470,,,W ERS WAY,,,,,39.148128,-86.581536,UNKNOWN,N,RURAL,N,N,N,,DAYLIGHT,CLEAR,DRY,,NO JUNCTION INVOLVED,STRAIGHT/GRADE,CONCRETE,BRAKE FAILURE OR DEFECTIVE,BACKING CRASH,SFARMERSDR,NONE,2021-08-15 14:57:00
1427,INDIANA UNIV BLOOMINGTON PD,BLOOMINGTON,2,0.0,0.0,0,0,,,,S SWAIN AVE,E 3RD ST,,,,39.164261,-86.515275,LOCAL/CITY ROAD,N,URBAN,N,N,N,,DAYLIGHT,CLOUDY,DRY,,T-INTERSECTION,STRAIGHT/LEVEL,ASPHALT,IMPROPER TURNING,LEFT TURN,SWAINAVETHIRDST,NONE,2021-08-15 15:35:00
1428,BLOOMINGTON PD,BLOOMINGTON,2,0.0,0.0,0,0,,,,E KIRKWOOD AVE,S WASHINGTON ST,,100.0,W,39.16664,-86.5324,LOCAL/CITY ROAD,Y,URBAN,N,N,N,,DAYLIGHT,CLOUDY,DRY,,NO JUNCTION INVOLVED,STRAIGHT/LEVEL,ASPHALT,UNSAFE LANE MOVEMENT,SAME DIRECTION SIDESWIPE,EKIRKWOODDRSWASHINGTONST,NONE,2021-08-15 17:28:00
1429,ELLETTSVILLE PD,ELLETTSVILLE,2,0.0,0.0,0,0,,,,SR 46,N DEER PARK DR,,,,39.212048,-86.5872,STATE ROAD,N,URBAN,N,N,N,,DAWN/DUSK,CLOUDY,DRY,,T-INTERSECTION,STRAIGHT/LEVEL,ASPHALT,FAILURE TO YIELD RIGHT OF WAY,LEFT/RIGHT TURN,DEERPARKDRSR46W,STOP SIGN,2021-08-15 19:26:00
1430,INDIANA UNIV BLOOMINGTON PD,BLOOMINGTON,2,0.0,0.0,0,0,,,,N SUNRISE DR,,,300.0,N,39.20026351,-86.512407,LOCAL/CITY ROAD,N,URBAN,N,N,N,,DARK (LIGHTED),CLEAR,DRY,,NO JUNCTION INVOLVED,STRAIGHT/GRADE,ASPHALT,UNSAFE BACKING,BACKING CRASH,E7THSTNSUNRISEDR,NONE,2021-08-15 22:00:00
1431,MONROE SD,BLOOMINGTON,1,0.0,0.0,0,0,,,,S HARMONY RD,SR 45,,,,39.267329,-86.252054,LOCAL/CITY ROAD,Y,RURAL,N,N,N,,DARK (NOT LIGHTED),CLEAR,DRY,,T-INTERSECTION,CURVE/LEVEL,ASPHALT,RAN OFF ROAD RIGHT,RAN OFF ROAD,HARMONYRDWESTSTATEROAD45RD,STOP SIGN,2021-08-15 22:45:00
1432,MONROE SD,BLOOMINGTON,2,0.0,0.0,0,0,,,Y,SR 37,E MONROE DAM RD,,,,39.020048,-86.536096,STATE ROAD,N,RURAL,N,N,Y,LANE CLOSURE,DARK (LIGHTED),CLEAR,DRY,,RAMP,CURVE/GRADE,ASPHALT,FAILURE TO YIELD RIGHT OF WAY,SAME DIRECTION SIDESWIPE,MONROEDAMRDSR37S,YIELD SIGN,2021-08-14 05:36:00
1433,BLOOMINGTON PD,BLOOMINGTON,1,0.0,1.0,0,0,,,,S WALNUT ST PIKE,E WINSLOW RD,,,,39.1359818,-86.5310843,LOCAL/CITY ROAD,N,URBAN,N,N,N,,DAYLIGHT,CLEAR,DRY,,FOUR-WAY INTERSECTION,STRAIGHT/LEVEL,ASPHALT,FAILURE TO YIELD RIGHT OF WAY,RIGHT ANGLE,EWINSLOWRDSWALNUTSTREETPIKE,STOP SIGN,2021-08-14 10:20:00
1434,ELLETTSVILLE PD,ELLETTSVILLE,2,0.0,0.0,0,0,,,,SR 46,N HARTSTRAIT RD,,,,39.227624,-86.615919,STATE ROAD,N,URBAN,N,N,N,,DAYLIGHT,CLEAR,DRY,,FOUR-WAY INTERSECTION,STRAIGHT/GRADE,ASPHALT,FOLLOWING TOO CLOSELY,REAR TO REAR,HARTSTRAITRDSR46W,TRAFFIC CONTROL SIGNAL,2021-08-14 12:33:00
1435,BLOOMINGTON PD,BLOOMINGTON,2,0.0,2.0,0,0,,,,S PATTERSON DR,S FAIRVIEW ST,,,,39.153819,-86.541097,LOCAL/CITY ROAD,N,URBAN,N,N,N,,DAYLIGHT,CLEAR,DRY,,FOUR-WAY INTERSECTION,STRAIGHT/LEVEL,ASPHALT,FOLLOWING TOO CLOSELY,REAR END,SFAIRVIEWSTSPATTERSONDR,TRAFFIC CONTROL SIGNAL,2021-08-14 14:35:00
1436,BLOOMINGTON PD,BLOOMINGTON,2,0.0,0.0,0,0,,,,N WALNUT ST,W 7TH ST,,,,39.16864,-86.533568,LOCAL/CITY ROAD,N,URBAN,N,N,N,,DAYLIGHT,CLEAR,DRY,,FOUR-WAY INTERSECTION,STRAIGHT/LEVEL,ASPHALT,FAILURE TO YIELD RIGHT OF WAY,SAME DIRECTION SIDESWIPE,NWALNUTSTW7THST,TRAFFIC CONTROL SIGNAL,2021-08-14 15:20:00
1437,BLOOMINGTON PD,BLOOMINGTON,2,0.0,3.0,0,0,,,,W OLD SR 37,N STONE MILL RD,,,,39.18462341,-86.53527433,LOCAL/CITY ROAD,N,URBAN,N,N,N,,DAYLIGHT,CLEAR,DRY,,FOUR-WAY INTERSECTION,STRAIGHT/LEVEL,ASPHALT,FAILURE TO YIELD RIGHT OF WAY,RIGHT ANGLE,NOLDSTATERD37RDNSTONEMILLRD,STOP SIGN,2021-08-14 15:21:00
1438,BLOOMINGTON PD,BLOOMINGTON,2,0.0,0.0,0,0,,,,E 3RD ST,S JEFFERSON ST,,,,39.164304,-86.506992,LOCAL/CITY ROAD,N,URBAN,N,N,N,,DAYLIGHT,CLEAR,DRY,,T-INTERSECTION,STRAIGHT/LEVEL,ASPHALT,FOLLOWING TOO CLOSELY,REAR END,E3RDSTSJEFFERSONST,NONE,2021-08-14 16:20:00
1439,MONROE SD,BLOOMINGTON,2,1.0,0.0,0,0,,,,I-69 N,N SR 37 BUSINESS,,,,0.0,0.0,INTERSTATE,N,RURAL,N,N,N,,DAYLIGHT,CLEAR,DRY,,RAMP,STRAIGHT/LEVEL,ASPHALT,FAILURE TO YIELD RIGHT OF WAY,SAME DIRECTION SIDESWIPE,COLLEGEAVEI69N,NONE,2021-08-14 18:48:00
1440,MONROE SD,BLOOMINGTON,1,0.0,0.0,0,0,,,,SR 45,S WOODBINE DR,,,,0.0,0.0,STATE ROAD,N,URBAN,N,N,N,,DAYLIGHT,CLEAR,DRY,,T-INTERSECTION,STRAIGHT/LEVEL,ASPHALT,RAN OFF ROAD RIGHT,RAN OFF ROAD,SR45WWOODBINDRD,NONE,2021-08-14 19:58:00
1441,BLOOMINGTON PD,BLOOMINGTON,2,0.0,0.0,0,0,,,,W 3RD ST,S CORY LN,,,,39.164544,-86.560096,LOCAL/CITY ROAD,N,URBAN,N,N,N,,DARK (LIGHTED),CLEAR,DRY,,FOUR-WAY INTERSECTION,STRAIGHT/LEVEL,ASPHALT,OTHER (DRIVER) - EXPLAIN IN NARRATIVE,REAR END,SCORYLNW3RDST,TRAFFIC CONTROL SIGNAL,2021-08-14 22:28:00
1442,BLOOMINGTON PD,BLOOMINGTON,2,0.0,0.0,0,0,,,,E HUNTER AVE,S WOODLAWN AVE,,50.0,E,39.16224,-86.522576,LOCAL/CITY ROAD,Y,URBAN,Y,N,N,,UNKNOWN,CLEAR,DRY,,NO JUNCTION INVOLVED,STRAIGHT/LEVEL,ASPHALT,OVERCORRECTING/OVERSTEERING,OPPOSITE DIRECTION SIDESWIPE,EHUNTERAVESWOODLAWNAVE,NONE,2021-08-13 07:36:00
1443,BLOOMINGTON PD,BLOOMINGTON,2,0.0,0.0,0,0,,,,S COLLEGE AVE,W 3RD ST,,,,39.16464,-86.534816,LOCAL/CITY ROAD,N,URBAN,N,N,N,,DAYLIGHT,CLEAR,DRY,,FOUR-WAY INTERSECTION,STRAIGHT/LEVEL,ASPHALT,FAILURE TO YIELD RIGHT OF WAY,RIGHT ANGLE,SCOLLEGEAVEW3RDST,TRAFFIC CONTROL SIGNAL,2021-08-13 11:45:00