_id,Agency,City,Vehicles Involved,Trailers Involved,Number Injured,Number Dead,Number Deer,House Number,Roadway Interchange,Roadway Ramp,Roadway Id,Intersecting Road,Interchange,Feet From,Direction,Latitude,Longitude,Roadway Class,Hit and Run?,Locality,School Zone?,Rumble Strips?,Construction?,Construction Type,Light Condition,Weather Conditions,Surface Condition,Type of Median,Roadway Junction Type,Road Character,Roadway Surface,Primary Factor,Manner of Collision,Unique Location Id,Traffic Control,DateTime
1444,BLOOMINGTON PD,BLOOMINGTON,2,0.0,0.0,0,0,,,,W 3RD ST,S WALNUT ST,,,,39.16464,-86.5336,LOCAL/CITY ROAD,N,URBAN,N,N,N,,DAYLIGHT,CLOUDY,DRY,,FOUR-WAY INTERSECTION,STRAIGHT/HILLCREST,ASPHALT,FOLLOWING TOO CLOSELY,REAR END,SWALNUTSTW3RDST,TRAFFIC CONTROL SIGNAL,2021-08-13 12:10:00
1445,BLOOMINGTON PD,BLOOMINGTON,2,0.0,0.0,0,0,,,,W ARLINGTON RD,W 20TH ST,,50.0,E,39.1839111,-86.55017806,LOCAL/CITY ROAD,N,URBAN,N,N,N,,DAYLIGHT,CLEAR,DRY,,NO JUNCTION INVOLVED,CURVE/GRADE,ASPHALT,IMPROPER TURNING,LEFT TURN,20THSTARLINGTONRD,LANE CONTROL,2021-08-13 12:18:00
1446,BLOOMINGTON PD,BLOOMINGTON,2,0.0,0.0,0,0,317,,,W 17TH ST,N MADISON ST,,,,39.178762,-86.537456,UNKNOWN,N,URBAN,N,N,N,,DAYLIGHT,CLOUDY,DRY,,NO JUNCTION INVOLVED,STRAIGHT/GRADE,ASPHALT,FAILURE TO YIELD RIGHT OF WAY,BACKING CRASH,WEST17THST,NONE,2021-08-13 14:07:00
1447,BLOOMINGTON PD,BLOOMINGTON,3,0.0,0.0,0,0,,,,S COLLEGE MALL RD,E COVENANTER DR,,,,0.0,0.0,LOCAL/CITY ROAD,N,URBAN,N,N,N,,DAYLIGHT,CLEAR,DRY,,FOUR-WAY INTERSECTION,STRAIGHT/LEVEL,ASPHALT,FAILURE TO YIELD RIGHT OF WAY,RIGHT ANGLE,COLLEGEMALLRDECOVENANTERDR,TRAFFIC CONTROL SIGNAL,2021-08-13 14:28:00
1448,BLOOMINGTON PD,BLOOMINGTON,2,0.0,0.0,0,0,3205,,,SR 45,ENTRANCE TO SAM'S CLUB,,,,39.125552,-86.610192,LOCAL/CITY ROAD,N,URBAN,N,N,N,,DAYLIGHT,CLEAR,DRY,,NO JUNCTION INVOLVED,STRAIGHT/LEVEL,ASPHALT,FAILURE TO YIELD RIGHT OF WAY,RIGHT ANGLE,WSTATERD45SAMSCLUBRD,NONE,2021-08-13 15:49:00
1449,BLOOMINGTON PD,BLOOMINGTON,2,0.0,0.0,0,0,,,,N WALNUT ST,W 9TH ST,,,,39.170544,-86.533536,LOCAL/CITY ROAD,N,URBAN,N,N,N,,DAYLIGHT,CLEAR,DRY,,FOUR-WAY INTERSECTION,STRAIGHT/GRADE,ASPHALT,IMPROPER TURNING,LEFT TURN,NORTHWALNUTSTWEST9THST,STOP SIGN,2021-08-13 16:11:00
1450,MONROE SD,BLOOMINGTON,2,0.0,1.0,0,0,,,,S SMITH RD,E ST REMY DR,,250.0,S,39.11575303,-86.480386,COUNTY ROAD,Y,RURAL,N,N,N,,DAYLIGHT,CLEAR,DRY,,NO JUNCTION INVOLVED,STRAIGHT/GRADE,ASPHALT,FOLLOWING TOO CLOSELY,REAR END,REMYDRSMITHRD,NONE,2021-08-13 19:13:00
1451,MONROE SD,BLOOMINGTON,1,0.0,0.0,0,0,,,,N STINESVILLE RD,W MT CARMEL RD,,150.0,S,39.28016009,-86.659471,COUNTY ROAD,N,RURAL,N,N,N,,DARK (NOT LIGHTED),CLEAR,DRY,,NO JUNCTION INVOLVED,CURVE/GRADE,ASPHALT,ANIMAL/OBJECT IN ROADWAY,RAN OFF ROAD,MTCARMELRDSTINESVILLERD,NONE,2021-08-13 21:50:00
1452,ISP BLOOMINGTON 33,BLOOMINGTON,2,,0.0,0,0,,,,W TAPP RD,S ROCKPORT RD,,0.0,,39.13637258,-86.54920631,LOCAL/CITY ROAD,,URBAN,N,N,N,,DAWN/DUSK,CLEAR,DRY,,FOUR-WAY INTERSECTION,,ASPHALT,UNSAFE LANE MOVEMENT,SAME DIRECTION SIDESWIPE,WTappRdSRockportRd,,2021-08-12 07:12:00
1453,MONROE SD,BLOOMINGTON,1,0.0,4.0,0,0,,,,E NORTHSHORE DR,,,2000.0,N,0.0,0.0,LOCAL/CITY ROAD,N,RURAL,N,N,N,,DAYLIGHT,CLEAR,DRY,,NO JUNCTION INVOLVED,STRAIGHT/GRADE,ASPHALT,RAN OFF ROAD RIGHT,RAN OFF ROAD,ENORTHSHOREDRESPILLWAYRD,NONE,2021-08-12 08:20:00
1454,BLOOMINGTON PD,BLOOMINGTON,2,0.0,1.0,0,0,,,,E SMITH AVE,S DUNN ST,,,,39.162792,-86.528411,LOCAL/CITY ROAD,N,URBAN,N,N,N,,DAYLIGHT,CLEAR,DRY,,FOUR-WAY INTERSECTION,STRAIGHT/HILLCREST,ASPHALT,DISREGARD SIGNAL/REG SIGN,RIGHT ANGLE,ESMITHAVESDUNNST,STOP SIGN,2021-08-12 10:20:00
1455,BLOOMINGTON PD,BLOOMINGTON,2,0.0,1.0,0,0,,,,SR 46,E 3RD ST,,200.0,N,39.16424,-86.473296,STATE ROAD,N,URBAN,N,N,N,,DAYLIGHT,CLEAR,DRY,,NO JUNCTION INVOLVED,STRAIGHT/GRADE,ASPHALT,CELL PHONE USAGE,REAR END,E3RDSTSR46S,LANE CONTROL,2021-08-12 12:12:00
1456,BLOOMINGTON PD,BLOOMINGTON,2,0.0,0.0,0,0,,,,W 6TH ST,N MORTON ST,,40.0,E,39.167664,-86.536,LOCAL/CITY ROAD,N,URBAN,N,N,N,,DAYLIGHT,CLEAR,DRY,,NO JUNCTION INVOLVED,STRAIGHT/LEVEL,ASPHALT,IMPROPER TURNING,SAME DIRECTION SIDESWIPE,NORTHMORTONSTWEST6THST,NONE,2021-08-12 17:08:00
1457,BLOOMINGTON PD,BLOOMINGTON,1,0.0,0.0,0,0,,118,S,SR 48,I-69 S,,,,0.0,0.0,LOCAL/CITY ROAD,N,URBAN,N,N,N,,DARK (LIGHTED),RAIN,WET,,RAMP,CURVE/GRADE,ASPHALT,RAN OFF ROAD RIGHT,RAN OFF ROAD,STRD37OPAS,TRAFFIC CONTROL SIGNAL,2021-08-12 20:40:00
1458,BLOOMINGTON PD,BLOOMINGTON,1,0.0,0.0,0,0,,,,W 11TH ST,N MAPLE ST,,,,39.173408,-86.542,LOCAL/CITY ROAD,N,URBAN,N,N,N,,DARK (LIGHTED),RAIN,WET,,NO JUNCTION INVOLVED,STRAIGHT/GRADE,ASPHALT,RAN OFF ROAD RIGHT,RAN OFF ROAD,11THSTMAPLEST,STOP SIGN,2021-08-12 20:52:00
1459,MONROE SD,BLOOMINGTON,1,0.0,1.0,0,0,5265,,,SR 45,,,,,39.18636,-86.533048,STATE ROAD,N,RURAL,N,N,N,,DARK (LIGHTED),CLEAR,DRY,,NO JUNCTION INVOLVED,STRAIGHT/LEVEL,ASPHALT,RAN OFF ROAD RIGHT,RAN OFF ROAD,SR45,LANE CONTROL,2021-08-12 23:30:00
1460,BLOOMINGTON PD,BLOOMINGTON,2,0.0,0.0,0,0,,,,W HOWE ST,S ROGERS ST,,20.0,E,39.1624,-86.538592,LOCAL/CITY ROAD,Y,URBAN,N,N,N,,UNKNOWN,CLEAR,DRY,,NO JUNCTION INVOLVED,STRAIGHT/GRADE,ASPHALT,UNSAFE LANE MOVEMENT,SAME DIRECTION SIDESWIPE,SROGERSSTWHOWEST,NONE,2021-08-11 00:00:00
1461,MONROE SD,BLOOMINGTON,1,0.0,0.0,0,1,,,,SR 446,,,2500.0,S,38.81758378,-86.41880668,STATE ROAD,N,RURAL,N,Y,N,,DAYLIGHT,CLEAR,DRY,,T-INTERSECTION,STRAIGHT/GRADE,ASPHALT,ANIMAL/OBJECT IN ROADWAY,COLLISION WITH DEER,SSCHWARTZRIDGERDSR446S,NONE,2021-08-11 07:02:00
1462,BLOOMINGTON PD,BLOOMINGTON,2,0.0,0.0,0,0,,,,N KINSER PIKE,SR 45/46,,,,39.186437,-86.537723,LOCAL/CITY ROAD,N,URBAN,N,N,N,,DAYLIGHT,CLEAR,DRY,,FOUR-WAY INTERSECTION,STRAIGHT/LEVEL,ASPHALT,FAILURE TO YIELD RIGHT OF WAY,LEFT/RIGHT TURN,NKINSERPIKEWSTRD4546BYP,NONE,2021-08-11 13:15:00
1463,MONROE SD,BLOOMINGTON,2,0.0,0.0,0,0,,,,N DANIEL'S WAY,W ZENITH DR,,,,39.170137,-86.598301,LOCAL/CITY ROAD,N,RURAL,N,N,N,,DAYLIGHT,CLEAR,DRY,,T-INTERSECTION,STRAIGHT/LEVEL,ASPHALT,FAILURE TO YIELD RIGHT OF WAY,RIGHT ANGLE,DANIELSWAYZENITHDR,STOP SIGN,2021-08-11 16:00:00
1464,MONROE SD,BLOOMINGTON,1,0.0,0.0,0,0,4410,,,SR 446,S OLD RICHARDSON RD,,,,39.135648,-86.462248,STATE ROAD,N,URBAN,N,N,N,,DAYLIGHT,CLEAR,DRY,,T-INTERSECTION,CURVE/LEVEL,ASPHALT,UNSAFE SPEED,RAN OFF ROAD,SR446S,LANE CONTROL,2021-08-11 18:40:00
1465,BLOOMINGTON PD,BLOOMINGTON,2,0.0,0.0,0,0,,,,S WALNUT ST,W COUNTRY CLUB DR,,,,39.1359818,-86.5310843,LOCAL/CITY ROAD,Y,URBAN,N,N,N,,DARK (LIGHTED),CLEAR,DRY,,FOUR-WAY INTERSECTION,STRAIGHT/LEVEL,ASPHALT,FAILURE TO YIELD RIGHT OF WAY,LEFT TURN,SWALNUTSTWCOUNTRYCLUBDR,TRAFFIC CONTROL SIGNAL,2021-08-11 21:41:00
1466,MONROE SD,BLOOMINGTON,2,0.0,1.0,0,0,,,,SR 37,S OLD SR 37,,,,39.085462,-86.542568,STATE ROAD,Y,URBAN,N,Y,N,,DARK (LIGHTED),CLEAR,DRY,,FOUR-WAY INTERSECTION,STRAIGHT/LEVEL,ASPHALT,DISREGARD SIGNAL/REG SIGN,RIGHT ANGLE,SOLDST37RDSR37S,TRAFFIC CONTROL SIGNAL,2021-08-10 03:00:00
1467,ISP BLOOMINGTON 33,BLOOMINGTON,2,,1.0,0,0,,,,W DILLMAN RD,SR 37,,0.0,,39.09296203,-86.54594726,STATE ROAD,,RURAL,N,N,N,,DAWN/DUSK,CLEAR,DRY,,FOUR-WAY INTERSECTION,,ASPHALT,FAILURE TO YIELD RIGHT OF WAY,LEFT TURN,WDillmanRdStateRd37,,2021-08-10 07:05:00
1468,ELLETTSVILLE PD,ELLETTSVILLE,2,0.0,2.0,0,0,,,,SR 46,S POPLAR DR,,,,39.237248,-86.629296,STATE ROAD,N,URBAN,N,N,N,,DAYLIGHT,RAIN,WET,,T-INTERSECTION,STRAIGHT/LEVEL,ASPHALT,FAILURE TO YIELD RIGHT OF WAY,RIGHT ANGLE,POPLARDRSR46W,STOP SIGN,2021-08-10 08:08:00
1469,BLOOMINGTON PD,BLOOMINGTON,2,0.0,0.0,0,0,,,,S CURRY PIKE,SR 45,,,,0.0,0.0,LOCAL/CITY ROAD,N,URBAN,N,N,N,,DAYLIGHT,CLOUDY,DRY,,FOUR-WAY INTERSECTION,STRAIGHT/LEVEL,ASPHALT,FOLLOWING TOO CLOSELY,REAR END,SCURRYPIKEWSR45HWY,TRAFFIC CONTROL SIGNAL,2021-08-10 08:25:00
1470,BLOOMINGTON PD,BLOOMINGTON,1,0.0,0.0,0,0,,,,W 11TH ST,N WALNUT ST,,75.0,E,39.173248,-86.533488,LOCAL/CITY ROAD,N,URBAN,N,N,Y,INTERMITTENT OR MOVING WORK,DAYLIGHT,CLEAR,DRY,,NO JUNCTION INVOLVED,STRAIGHT/LEVEL,ASPHALT,OTHER (DRIVER) - EXPLAIN IN NARRATIVE,OTHER - EXPLAIN IN NARRATIVE,NWALNUTSTW11THST,LANE CONTROL,2021-08-10 14:53:00
1471,BLOOMINGTON PD,BLOOMINGTON,4,0.0,0.0,0,0,,,,SR 45,W INDUSTRIAL BLVD,,,,0.0,0.0,STATE ROAD,Y,URBAN,N,N,N,,DAYLIGHT,CLEAR,DRY,,FOUR-WAY INTERSECTION,STRAIGHT/LEVEL,ASPHALT,UNSAFE LANE MOVEMENT,SAME DIRECTION SIDESWIPE,SR45WWINDUSTRIALBLVD,TRAFFIC CONTROL SIGNAL,2021-08-10 16:31:00
1472,MONROE SD,BLOOMINGTON,2,0.0,0.0,0,0,,,,E RHORER RD,S WALNUT ST PIKE,,,,39.12144,-86.526496,LOCAL/CITY ROAD,N,URBAN,N,N,N,,DAYLIGHT,CLEAR,DRY,,FOUR-WAY INTERSECTION,STRAIGHT/GRADE,ASPHALT,UNSAFE BACKING,BACKING CRASH,ERHORERRDSOUTHWALNUTSTREETPIKE,TRAFFIC CONTROL SIGNAL,2021-08-10 17:18:00
1473,MONROE SD,BLOOMINGTON,2,0.0,0.0,0,0,,,,W MONARCH CT,,,1000.0,N,39.26451843,-86.6046576,LOCAL/CITY ROAD,N,URBAN,N,N,N,,DAYLIGHT,CLEAR,DRY,,NO JUNCTION INVOLVED,STRAIGHT/LEVEL,ASPHALT,IMPROPER TURNING,SAME DIRECTION SIDESWIPE,SFIELDSTONEBLVDWMONARCHCT,NONE,2021-08-10 17:23:00
1474,INDIANA UNIV BLOOMINGTON PD,BLOOMINGTON,2,0.0,0.0,0,0,,,,SR 45/46,E 10TH ST,,500.0,N,39.26049491,-86.2440072,STATE ROAD,N,URBAN,N,N,N,,DAYLIGHT,CLEAR,DRY,,NO JUNCTION INVOLVED,STRAIGHT/LEVEL,ASPHALT,FOLLOWING TOO CLOSELY,REAR END,10THSTSTSR46S,NONE,2021-08-10 17:55:00
1475,BLOOMINGTON PD,BLOOMINGTON,1,0.0,0.0,0,0,1410,,,W 15TH ST,N ILLINOIS ST,,,,39.176848,-86.55187363,UNKNOWN,Y,URBAN,N,N,N,,DAWN/DUSK,CLEAR,DRY,,NO JUNCTION INVOLVED,STRAIGHT/LEVEL,ASPHALT,RAN OFF ROAD RIGHT,RAN OFF ROAD,W15THST,NONE,2021-08-10 20:35:00
1476,MONROE SD,BLOOMINGTON,1,0.0,0.0,0,1,,,,SR 37,S OLD SR 37,,300.0,S,39.33695424,-86.4843835,STATE ROAD,N,URBAN,N,N,N,,DAYLIGHT,RAIN,WET,,NO JUNCTION INVOLVED,CURVE/HILLCREST,ASPHALT,ANIMAL/OBJECT IN ROADWAY,COLLISION WITH DEER,OLDSTATEROAD37SOUTHRDSR37S,NONE,2021-08-09 07:12:00
1477,ISP BLOOMINGTON 33,BLOOMINGTON,3,,0.0,0,0,,,,SR 37,S WALNUT ST,,0.0,,39.08510099,-86.54213852,STATE ROAD,,RURAL,N,N,Y,LANE CLOSURE,DAYLIGHT,RAIN,WET,,NO JUNCTION INVOLVED,,ASPHALT,FOLLOWING TOO CLOSELY,REAR END,SR37southofOldSR37S,,2021-08-09 07:17:00
1478,BLOOMINGTON PD,BLOOMINGTON,2,0.0,0.0,0,0,,,,S ROGERS ST,W COUNTRY CLUB DR,,,,39.136014,-86.538267,LOCAL/CITY ROAD,N,URBAN,N,N,N,,DAYLIGHT,RAIN,WET,,FOUR-WAY INTERSECTION,STRAIGHT/LEVEL,ASPHALT,FAILURE TO YIELD RIGHT OF WAY,HEAD ON BETWEEN TWO MOTOR VEHICLES,COUNTRYCLUBDRROGERSST,TRAFFIC CONTROL SIGNAL,2021-08-09 07:57:00
1479,MONROE SD,ELLETTSVILLE,2,0.0,0.0,0,0,,,,N SMITH PIKE,W FORREST PARK DR,,,,0.0,0.0,LOCAL/CITY ROAD,N,URBAN,N,N,N,,DAYLIGHT,RAIN,WET,,T-INTERSECTION,STRAIGHT/HILLCREST,ASPHALT,ROADWAY SURFACE CONDITION,REAR END,NSMITHPIKEWFORRESTPARKDR,LANE CONTROL,2021-08-09 10:12:00
1480,MONROE SD,BLOOMINGTON,2,0.0,0.0,0,0,,,,SR 45,S HARMONY RD,,,,39.111024,-86.638304,STATE ROAD,N,RURAL,N,N,N,,DAYLIGHT,RAIN,WET,,FOUR-WAY INTERSECTION,STRAIGHT/LEVEL,ASPHALT,UNSAFE LANE MOVEMENT,SAME DIRECTION SIDESWIPE,SHARMONYRDSR45W,NONE,2021-08-09 11:30:00
1481,ELLETTSVILLE PD,ELLETTSVILLE,2,0.0,0.0,0,0,,,,SR 46,N TUPELO DR,,,,39.212935,-86.589672,STATE ROAD,N,URBAN,N,N,N,,DAYLIGHT,RAIN,WET,,NO JUNCTION INVOLVED,STRAIGHT/LEVEL,ASPHALT,FAILURE TO YIELD RIGHT OF WAY,RIGHT ANGLE,SR46WTUPELODR,LANE CONTROL,2021-08-09 11:34:00
1482,ELLETTSVILLE PD,ELLETTSVILLE,2,0.0,0.0,0,0,,,,SR 46,W FORREST PARK DR,,,,39.212096,-86.587196,STATE ROAD,N,URBAN,N,N,N,,DAYLIGHT,RAIN,WET,,NO JUNCTION INVOLVED,STRAIGHT/LEVEL,ASPHALT,FAILURE TO YIELD RIGHT OF WAY,RIGHT ANGLE,FORRESTPARKFARMSDRSR46W,STOP SIGN,2021-08-09 11:36:00
1483,BLOOMINGTON PD,BLOOMINGTON,2,0.0,0.0,0,0,812,,,W COUNTRY CLUB DR,,,200.0,E,39.136304,-86.544592,LOCAL/CITY ROAD,N,URBAN,N,N,N,,DAYLIGHT,RAIN,WET,,NO JUNCTION INVOLVED,STRAIGHT/GRADE,ASPHALT,FOLLOWING TOO CLOSELY,REAR END,SOUTHBANTAAVEWESTCOUNTRYCLUBDR,NONE,2021-08-09 13:23:00
1484,BLOOMINGTON PD,BLOOMINGTON,2,0.0,0.0,0,0,,,,SR 46,E 10TH ST,,500.0,S,0.0,0.0,LOCAL/CITY ROAD,N,URBAN,N,N,N,,DAYLIGHT,RAIN,WET,,NO JUNCTION INVOLVED,STRAIGHT/LEVEL,ASPHALT,UNSAFE LANE MOVEMENT,REAR END,E10THSTESTRD46BYP,NONE,2021-08-09 14:02:00
1485,INDIANA UNIV BLOOMINGTON PD,BLOOMINGTON,2,0.0,0.0,0,0,,,,S SWAIN AVE,E 3RD ST,,,,39.164261,-86.515275,LOCAL/CITY ROAD,N,URBAN,N,N,N,,DAYLIGHT,CLOUDY,WET,,T-INTERSECTION,STRAIGHT/LEVEL,ASPHALT,IMPROPER TURNING,LEFT TURN,SWAINAVETHIRDST,NONE,2021-08-09 14:15:00
1486,BLOOMINGTON PD,BLOOMINGTON,2,0.0,2.0,0,0,,,,W 3RD ST,S LANDMARK AVE,,,,39.164416,-86.556302,LOCAL/CITY ROAD,N,URBAN,N,N,N,,DAYLIGHT,CLOUDY,WET,,FOUR-WAY INTERSECTION,STRAIGHT/GRADE,ASPHALT,FAILURE TO YIELD RIGHT OF WAY,RIGHT ANGLE,SLANDMARKAVEW3RDST,TRAFFIC CONTROL SIGNAL,2021-08-09 14:41:00
1487,BLOOMINGTON PD,BLOOMINGTON,2,0.0,0.0,0,0,513,,,W HOOSIER CT AVE,,,,,39.18478,-86.5381767,UNKNOWN,N,URBAN,N,N,N,,DAYLIGHT,CLEAR,DRY,,NO JUNCTION INVOLVED,STRAIGHT/LEVEL,ASPHALT,UNSAFE BACKING,BACKING CRASH,WESTGOURLEYPIKE,NONE,2021-08-09 19:36:00
1488,MONROE SD,BLOOMINGTON,2,0.0,2.0,0,0,,,,W FLATWOODS RD,,,2500.0,E,39.25264,-86.684096,LOCAL/CITY ROAD,N,RURAL,N,N,N,,DAWN/DUSK,CLEAR,DRY,,NO JUNCTION INVOLVED,STRAIGHT/LEVEL,ASPHALT,LEFT OF CENTER,HEAD ON BETWEEN TWO MOTOR VEHICLES,NCOUNTYLINERDWFLATWOODSRD,NONE,2021-08-09 20:43:00
1489,BLOOMINGTON PD,BLOOMINGTON,2,0.0,0.0,1,0,,,,N WALNUT ST,W KIRKWOOD AVE,,,,39.16664,-86.5336,LOCAL/CITY ROAD,N,URBAN,N,N,N,,DARK (LIGHTED),CLEAR,DRY,,FOUR-WAY INTERSECTION,STRAIGHT/LEVEL,ASPHALT,UNSAFE SPEED,REAR END,KIRKWOODAVENWALNUTST,TRAFFIC CONTROL SIGNAL,2021-08-08 00:45:00
1490,MONROE SD,ELLETTSVILLE,2,0.0,0.0,0,0,,,,SR 46,N UNION VALLEY RD,,,,39.215152,-86.5928,STATE ROAD,N,URBAN,N,N,N,,DAYLIGHT,CLEAR,DRY,,FOUR-WAY INTERSECTION,STRAIGHT/LEVEL,ASPHALT,FAILURE TO YIELD RIGHT OF WAY,RIGHT TURN,NUNIONVALLEYRDSR46W,TRAFFIC CONTROL SIGNAL,2021-08-08 12:22:00
1491,MONROE SD,BLOOMINGTON,1,0.0,0.0,0,0,,,,SR 45,N RICHARDSON RD,,,,39.23984,-86.387696,STATE ROAD,N,RURAL,N,N,N,,DAYLIGHT,CLEAR,LOOSE MATERIAL ON ROAD,,NO JUNCTION INVOLVED,CURVE/LEVEL,ASPHALT,ROADWAY SURFACE CONDITION,NON-COLLISION,NORTHRICHARDSONRDSR45E,NONE,2021-08-08 15:13:00
1492,MONROE SD,BLOOMINGTON,2,0.0,0.0,0,0,,,,SR 45,N INDUSTRIAL BLVD,,,,39.143552,-86.580528,STATE ROAD,N,RURAL,N,N,N,,DAYLIGHT,CLEAR,DRY,,NO JUNCTION INVOLVED,STRAIGHT/LEVEL,ASPHALT,DISREGARD SIGNAL/REG SIGN,HEAD ON BETWEEN TWO MOTOR VEHICLES,NORTHINDUSTRIALBLVDSR45W,TRAFFIC CONTROL SIGNAL,2021-08-08 16:57:00
1493,ELLETTSVILLE PD,ELLETTSVILLE,2,0.0,0.0,0,0,,,,SR 46,N UNION VALLEY RD,,,,39.215152,-86.5928,STATE ROAD,N,URBAN,N,N,N,,DAYLIGHT,CLEAR,DRY,,NO JUNCTION INVOLVED,STRAIGHT/LEVEL,ASPHALT,FAILURE TO YIELD RIGHT OF WAY,LEFT TURN,SR46WUNIONVALLEYRD,TRAFFIC CONTROL SIGNAL,2021-08-08 17:34:00
1494,BLOOMINGTON PD,BLOOMINGTON,2,0.0,0.0,0,0,415,,,ALLEY,,,,,39.169776,-86.52824,UNKNOWN,N,URBAN,N,N,N,,DAYLIGHT,CLEAR,DRY,,NO JUNCTION INVOLVED,STRAIGHT/LEVEL,ASPHALT,IMPROPER TURNING,LEFT/RIGHT TURN,SDUNNST,NONE,2021-08-08 18:10:00
1495,MONROE SD,BLOOMINGTON,1,0.0,0.0,1,0,9999,,,SR 46,W FOSTER FISCUS RD,,1200.0,E,39.28068623,-86.68078353,STATE ROAD,N,URBAN,N,N,N,,UNKNOWN,CLEAR,DRY,,NO JUNCTION INVOLVED,CURVE/LEVEL,ASPHALT,RAN OFF ROAD RIGHT,RAN OFF ROAD,NCOUNTYLINERDSR46W,LANE CONTROL,2021-08-07 06:00:00
1496,ELLETTSVILLE PD,ELLETTSVILLE,2,0.0,0.0,0,0,,,,SR 46,N BRIAR GATE DR,,,,0.0,0.0,STATE ROAD,N,URBAN,N,N,N,,DAYLIGHT,CLOUDY,DRY,,NO JUNCTION INVOLVED,STRAIGHT/LEVEL,ASPHALT,IMPROPER LANE USAGE,REAR END,BRIARGATELNSR46W,LANE CONTROL,2021-08-07 19:35:00
1497,MONROE SD,BLOOMINGTON,1,1.0,0.0,0,0,,,,SR 446,E BURGOON CHURCH RD,,,,39.055498,-86.408942,STATE ROAD,N,RURAL,N,N,N,,DARK (NOT LIGHTED),CLEAR,DRY,,NO JUNCTION INVOLVED,CURVE/GRADE,ASPHALT,RAN OFF ROAD RIGHT,RAN OFF ROAD,BURGOONCHURCHRDSR446,NONE,2021-08-07 21:10:00
1498,MONROE SD,BLOOMINGTON,1,0.0,0.0,0,0,,,,S SHIELDS RIDGE RD,,,2000.0,E,39.073088,-86.461184,COUNTY ROAD,N,RURAL,N,N,N,,DARK (NOT LIGHTED),CLEAR,DRY,,NO JUNCTION INVOLVED,CURVE/GRADE,ASPHALT,TIRE FAILURE OR DEFECTIVE,RAN OFF ROAD,7900SSHIELDSRIDGERDSSHADYSIDEDR,NONE,2021-08-07 22:48:00
1499,BLOOMINGTON PD,BLOOMINGTON,3,0.0,0.0,0,0,,,,W 8TH ST,N HAY ST,,,,39.169605,-86.553479,LOCAL/CITY ROAD,N,URBAN,N,N,N,,DAYLIGHT,CLEAR,DRY,,FOUR-WAY INTERSECTION,STRAIGHT/LEVEL,ASPHALT,OTHER (VEHICLE) - EXPLAIN IN NARRATIVE,SAME DIRECTION SIDESWIPE,8THSTHAYST,NONE,2021-08-06 06:39:00
1500,MONROE SD,BLOOMINGTON,2,0.0,0.0,0,0,,,,I-69 N,,,100.0,S,0.0,0.0,INTERSTATE,N,URBAN,N,N,N,,DAYLIGHT,CLEAR,DRY,,NO JUNCTION INVOLVED,CURVE/GRADE,ASPHALT,IMPROPER LANE USAGE,SAME DIRECTION SIDESWIPE,I69N128.5,NONE,2021-08-06 08:00:00
1501,INDIANA UNIV BLOOMINGTON PD,BLOOMINGTON,2,0.0,0.0,0,0,,,,SR 45/46,E DISCOVERY PKWY,,,,39.171474,-86.495398,STATE ROAD,N,URBAN,N,N,N,,DAYLIGHT,CLEAR,DRY,,T-INTERSECTION,STRAIGHT/LEVEL,ASPHALT,FOLLOWING TOO CLOSELY,REAR END,DISCOVERYPKWYSR45S,TRAFFIC CONTROL SIGNAL,2021-08-06 12:01:00
1502,BLOOMINGTON PD,BLOOMINGTON,2,0.0,0.0,0,0,,,,E WINSLOW RD,ENTRANCE TO EL RANCHERO,,250.0,E,39.1359818,-86.53110593,LOCAL/CITY ROAD,N,URBAN,N,N,N,,DAYLIGHT,CLEAR,DRY,,NO JUNCTION INVOLVED,STRAIGHT/LEVEL,ASPHALT,FAILURE TO YIELD RIGHT OF WAY,LEFT TURN,EWINSLOWRDSWALNUTST,NONE,2021-08-06 14:13:00
1503,ELLETTSVILLE PD,ELLETTSVILLE,2,0.0,0.0,0,0,,,,SR 46,N MATTHEWS DR (N),,,,39.236096,-86.625168,LOCAL/CITY ROAD,N,URBAN,N,N,N,,DAYLIGHT,CLEAR,DRY,,FOUR-WAY INTERSECTION,STRAIGHT/LEVEL,ASPHALT,FAILURE TO YIELD RIGHT OF WAY,SAME DIRECTION SIDESWIPE,MAINSTMATTHEWSDR,NONE,2021-08-06 15:45:00
1504,BLOOMINGTON PD,BLOOMINGTON,2,0.0,0.0,0,0,,,,W COUNTRY CLUB DR,S ROGERS ST,,,,39.13608,-86.538096,LOCAL/CITY ROAD,N,URBAN,N,N,N,,DAYLIGHT,CLEAR,DRY,,FOUR-WAY INTERSECTION,STRAIGHT/GRADE,ASPHALT,IMPROPER TURNING,LEFT TURN,SOUTHROGERSSTWESTCOUNTRYCLUBRD,TRAFFIC CONTROL SIGNAL,2021-08-06 16:59:00
1505,MONROE SD,BLOOMINGTON,3,0.0,0.0,0,0,,,,SR 46,N SMITH PIKE,,50.0,E,39.21005745,-86.58306296,STATE ROAD,N,RURAL,N,N,N,,DAYLIGHT,CLEAR,DRY,,FOUR-WAY INTERSECTION,STRAIGHT/LEVEL,ASPHALT,FOLLOWING TOO CLOSELY,REAR END,NSMITHPIKESR46W,NONE,2021-08-06 17:35:00
1506,BLOOMINGTON PD,BLOOMINGTON,2,0.0,1.0,0,0,,,,S CURRY PIKE,SR 48,,,,39.16465,-86.582939,LOCAL/CITY ROAD,N,URBAN,N,N,N,,DAYLIGHT,CLEAR,DRY,,FOUR-WAY INTERSECTION,STRAIGHT/LEVEL,ASPHALT,FAILURE TO YIELD RIGHT OF WAY,RIGHT ANGLE,SOUTHCURRYPIKEWEST3RDST,TRAFFIC CONTROL SIGNAL,2021-08-06 18:07:00