_id,Agency,City,Vehicles Involved,Trailers Involved,Number Injured,Number Dead,Number Deer,House Number,Roadway Interchange,Roadway Ramp,Roadway Id,Intersecting Road,Interchange,Feet From,Direction,Latitude,Longitude,Roadway Class,Hit and Run?,Locality,School Zone?,Rumble Strips?,Construction?,Construction Type,Light Condition,Weather Conditions,Surface Condition,Type of Median,Roadway Junction Type,Road Character,Roadway Surface,Primary Factor,Manner of Collision,Unique Location Id,Traffic Control,DateTime
1569,ISP BLOOMINGTON 33,BLOOMINGTON,2,,1.0,0,0,,,,SR 46,N CURRY PIKE,,0.0,,39.19364536,-86.57117133,STATE ROAD,,RURAL,N,N,N,,DAYLIGHT,CLEAR,DRY,,FOUR-WAY INTERSECTION,,ASPHALT,UNSAFE SPEED,REAR END,WCurryPikeStateRd46,,2021-07-28 08:54:00
1570,INDIANA UNIV BLOOMINGTON PD,BLOOMINGTON,2,0.0,1.0,0,0,1033,,,SERVICE RD TO SWEENEY HALL (N),,,,,39.1653477,-86.5190192,UNKNOWN,N,URBAN,N,N,N,,DAYLIGHT,CLEAR,DRY,,NO JUNCTION INVOLVED,STRAIGHT/GRADE,ASPHALT,UNSAFE SPEED,REAR END,EAST3RDST,NONE,2021-07-28 13:39:00
1571,BLOOMINGTON PD,BLOOMINGTON,2,0.0,0.0,0,0,,,,N COLLEGE AVE,W 9TH ST,,,,39.170544,-86.534768,LOCAL/CITY ROAD,N,URBAN,N,N,N,,DAYLIGHT,CLEAR,DRY,,NO JUNCTION INVOLVED,STRAIGHT/LEVEL,ASPHALT,IMPROPER LANE USAGE,SAME DIRECTION SIDESWIPE,NCOLLEGEAVEW9THST,NONE,2021-07-28 15:29:00
1572,MONROE SD,BLOOMINGTON,2,0.0,0.0,0,0,4141,,,W MIDDLE CT,,,,,39.15980824,-86.58480425,LOCAL/CITY ROAD,N,URBAN,N,N,N,,DARK (LIGHTED),CLEAR,DRY,,NO JUNCTION INVOLVED,STRAIGHT/LEVEL,ASPHALT,CELL PHONE USAGE,SAME DIRECTION SIDESWIPE,WMIDDLECT,NONE,2021-07-28 21:59:00
1573,ELLETTSVILLE PD,ELLETTSVILLE,2,,0.0,0,0,,,,SR 46,N LAKEVIEW DR,,0.0,,39.22113148,-86.60547577,STATE ROAD,,URBAN,N,N,N,,DARK (LIGHTED),CLEAR,DRY,,T-INTERSECTION,,ASPHALT,FAILURE TO YIELD RIGHT OF WAY,RIGHT ANGLE,StateRd46NLakeviewDr,,2021-07-27 05:48:00
1574,MONROE SD,BLOOMINGTON,1,0.0,0.0,0,1,,,,SR 48,S STONECHASE CROSSING RD,,300.0,E,39.16136879,-86.5970883,STATE ROAD,N,RURAL,N,N,N,,DARK (NOT LIGHTED),CLEAR,DRY,,NO JUNCTION INVOLVED,STRAIGHT/LEVEL,ASPHALT,ANIMAL/OBJECT IN ROADWAY,COLLISION WITH DEER,SSTONECHASECROSSINGRDSR48W,LANE CONTROL,2021-07-27 05:57:00
1575,BLOOMINGTON PD,BLOOMINGTON,2,0.0,0.0,0,0,,,,E WINSLOW RD,S WALNUT ST,,80.0,E,39.136144,-86.528688,LOCAL/CITY ROAD,N,URBAN,N,N,N,,DAYLIGHT,CLEAR,DRY,,NO JUNCTION INVOLVED,STRAIGHT/LEVEL,ASPHALT,OTHER (DRIVER) - EXPLAIN IN NARRATIVE,REAR END,EWINSLOWRDSWALNUTST,LANE CONTROL,2021-07-27 07:23:00
1576,BLOOMINGTON PD,BLOOMINGTON,2,0.0,1.0,0,0,,,,W 3RD ST,S KIMBLE DR,,100.0,W,39.16464,-86.568,LOCAL/CITY ROAD,N,URBAN,N,N,N,,DAYLIGHT,CLEAR,DRY,,NO JUNCTION INVOLVED,STRAIGHT/GRADE,ASPHALT,FOLLOWING TOO CLOSELY,REAR END,KIMBLEDRWTHIRDST,LANE CONTROL,2021-07-27 11:13:00
1577,BLOOMINGTON PD,BLOOMINGTON,2,0.0,0.0,0,0,,,,S AUTO MALL RD,E COVENANTER DR,,,,39.15528941,-86.49406335,LOCAL/CITY ROAD,N,URBAN,N,N,N,,DAYLIGHT,CLEAR,DRY,,FOUR-WAY INTERSECTION,STRAIGHT/LEVEL,ASPHALT,FAILURE TO YIELD RIGHT OF WAY,RIGHT ANGLE,AUTOMALLRDCOVENANTERDR,STOP SIGN,2021-07-27 11:34:00
1578,ELLETTSVILLE PD,ELLETTSVILLE,2,0.0,0.0,0,0,,,,SR 46,N HARTSTRAIT RD,,,,39.227624,-86.615919,STATE ROAD,N,URBAN,N,N,N,,DAYLIGHT,CLEAR,DRY,,NO JUNCTION INVOLVED,STRAIGHT/LEVEL,ASPHALT,BRAKE FAILURE OR DEFECTIVE,REAR END,HARTSTRAITRDSSR46W,TRAFFIC CONTROL SIGNAL,2021-07-27 12:09:00
1579,BLOOMINGTON PD,BLOOMINGTON,1,0.0,1.0,0,0,,,,N ADAMS ST,INDIANA RAILROAD BRIDGE,,50.0,N,39.168576,-86.5496,LOCAL/CITY ROAD,N,URBAN,N,N,N,,DAYLIGHT,CLEAR,DRY,,NO JUNCTION INVOLVED,STRAIGHT/LEVEL,ASPHALT,OTHER (DRIVER) - EXPLAIN IN NARRATIVE,COLLISION WITH OBJECT IN ROAD,NADAMSSTW7THST,LANE CONTROL,2021-07-27 12:12:00
1580,BLOOMINGTON PD,BLOOMINGTON,1,0.0,0.0,0,1,,,,E 3RD ST,S BRYAN AVE,,,,39.16432,-86.50824,LOCAL/CITY ROAD,N,URBAN,Y,N,N,,DAYLIGHT,CLEAR,DRY,,FOUR-WAY INTERSECTION,STRAIGHT/GRADE,ASPHALT,ANIMAL/OBJECT IN ROADWAY,COLLISION WITH ANIMAL OTHER,E3RDSTSBRYANST,TRAFFIC CONTROL SIGNAL,2021-07-27 12:28:00
1581,BLOOMINGTON PD,BLOOMINGTON,2,0.0,1.0,0,0,,,,W 13TH ST,N FAIRVIEW ST,,,,39.175152,-86.54104,LOCAL/CITY ROAD,N,URBAN,N,N,N,,DAYLIGHT,CLEAR,DRY,,FOUR-WAY INTERSECTION,STRAIGHT/LEVEL,ASPHALT,DISREGARD SIGNAL/REG SIGN,RIGHT ANGLE,NFAIRVIEWSTW13THST,STOP SIGN,2021-07-27 13:59:00
1582,ISP BLOOMINGTON 33,HARRODSBURG,2,,0.0,0,0,,,,W HOBART RD,S OLD SR 37,,0.0,,39.01367197,-86.54127257,COUNTY ROAD,,RURAL,N,N,N,,DAYLIGHT,CLEAR,DRY,,T-INTERSECTION,,ASPHALT,FAILURE TO YIELD RIGHT OF WAY,RIGHT ANGLE,SOldStateRoad37HobartRd,,2021-07-27 16:45:00
1583,MONROE SD,BLOOMINGTON,1,0.0,0.0,0,1,,,,I-69 S,,,50.0,S,0.0,0.0,INTERSTATE,N,RURAL,N,N,N,,DARK (LIGHTED),CLEAR,DRY,,NO JUNCTION INVOLVED,CURVE/GRADE,ASPHALT,ANIMAL/OBJECT IN ROADWAY,COLLISION WITH DEER,I69S114.0,LANE CONTROL,2021-07-26 04:43:00
1584,MONROE SD,BLOOMINGTON,1,0.0,0.0,0,0,,Y,,I-69 S,SR 37,,500.0,S,0.0,0.0,INTERSTATE,N,RURAL,N,Y,N,,DARK (NOT LIGHTED),CLEAR,DRY,,RAMP,CURVE/GRADE,ASPHALT,ANIMAL/OBJECT IN ROADWAY,COLLISION WITH OBJECT IN ROAD,I69S114,LANE CONTROL,2021-07-26 05:53:00
1585,BLOOMINGTON PD,BLOOMINGTON,2,0.0,1.0,0,0,,,,E WINSLOW RD,S HENDERSON ST,,,,39.136144,-86.5268,LOCAL/CITY ROAD,N,URBAN,N,N,N,,DAYLIGHT,CLEAR,DRY,,FOUR-WAY INTERSECTION,STRAIGHT/LEVEL,ASPHALT,DISREGARD SIGNAL/REG SIGN,RIGHT ANGLE,EWINSLOWRDSHENDERSONST,TRAFFIC CONTROL SIGNAL,2021-07-26 07:53:00
1586,ISP BLOOMINGTON 33,BLOOMINGTON,2,,0.0,0,0,,,,SR 37,S VICTOR PIKE,,0.0,,39.10556366,-86.55148318,STATE ROAD,,RURAL,N,N,N,,DAYLIGHT,CLEAR,DRY,,FOUR-WAY INTERSECTION,,ASPHALT,DISREGARD SIGNAL/REG SIGN,RIGHT ANGLE,VictorPikeSR37,,2021-07-26 08:43:00
1587,ISP BLOOMINGTON 33,BLOOMINGTON,2,,1.0,0,0,,103,M,SR 45/46,I-69 S,,0.0,,39.18712215,-86.55802777,STATE ROAD,,RURAL,N,N,N,,DAYLIGHT,CLEAR,DRY,,INTERCHANGE,,ASPHALT,FAILURE TO YIELD RIGHT OF WAY,LEFT TURN,SR46atSR46-103-RampM,,2021-07-26 11:34:00
1588,ISP BLOOMINGTON 33,BLOOMINGTON,2,,0.0,0,0,,33,M,SR 45/46,I-69 S,,0.0,,39.18707644,-86.55799574,STATE ROAD,,RURAL,N,N,N,,DAYLIGHT,CLEAR,DRY,,INTERCHANGE,,ASPHALT,OTHER (DRIVER) - EXPLAIN IN NARRATIVE,SAME DIRECTION SIDESWIPE,SR45033M,,2021-07-26 11:56:00
1589,MONROE SD,BLOOMINGTON,2,0.0,1.0,0,0,,,,S WALNUT ST PIKE,E RHORER RD,,,,39.12144,-86.526496,LOCAL/CITY ROAD,N,URBAN,N,N,N,,DAYLIGHT,CLEAR,DRY,,FOUR-WAY INTERSECTION,STRAIGHT/HILLCREST,ASPHALT,OTHER (DRIVER) - EXPLAIN IN NARRATIVE,REAR END,SWALNUTSTPIKEWRHORERRD,TRAFFIC CONTROL SIGNAL,2021-07-26 11:57:00
1590,MONROE SD,BLOOMINGTON,2,0.0,0.0,0,0,,,,S ROCKPORT RD,,,1200.0,N,39.24151991,-86.570452,LOCAL/CITY ROAD,Y,RURAL,N,N,N,,DAYLIGHT,CLEAR,DRY,,NO JUNCTION INVOLVED,STRAIGHT/LEVEL,CONCRETE,UNSAFE BACKING,BACKING CRASH,SROCKPORTRDWSHAWRD,NONE,2021-07-26 14:24:00
1591,BLOOMINGTON PD,BLOOMINGTON,2,0.0,0.0,0,0,,,,S WALNUT ST PIKE,E HEATHER DR,,,,39.123978,-86.526696,LOCAL/CITY ROAD,N,URBAN,N,N,N,,DAYLIGHT,CLEAR,DRY,,FOUR-WAY INTERSECTION,STRAIGHT/LEVEL,ASPHALT,IMPROPER TURNING,HEAD ON BETWEEN TWO MOTOR VEHICLES,EHEATHERDRSWALNUTSTPIKE,NONE,2021-07-26 15:01:00
1592,INDIANA UNIV BLOOMINGTON PD,BLOOMINGTON,2,0.0,0.0,0,0,,,,SR 45/46,E DISCOVERY PKWY,,,,39.227137,-86.615218,STATE ROAD,N,URBAN,N,N,N,,DAYLIGHT,CLEAR,DRY,,NO JUNCTION INVOLVED,STRAIGHT/LEVEL,ASPHALT,FOLLOWING TOO CLOSELY,SAME DIRECTION SIDESWIPE,EASTDISCOVERYPKWYSR46S,NONE,2021-07-26 17:34:00
1593,BLOOMINGTON PD,BLOOMINGTON,2,0.0,0.0,0,0,,,,E 2ND ST,S GRANT ST,,100.0,W,39.16144,-86.52976,LOCAL/CITY ROAD,Y,URBAN,,,N,,DARK (NOT LIGHTED),CLEAR,WET,,NO JUNCTION INVOLVED,STRAIGHT/GRADE,ASPHALT,IMPROPER LANE USAGE,REAR END,E2NDSTSGRANTST,NONE,2021-07-25 04:16:00
1594,MONROE SD,BLOOMINGTON,2,0.0,0.0,0,0,,,,W OLD SR 37,,,2000.0,N,39.266928,-86.501424,LOCAL/CITY ROAD,N,RURAL,N,N,N,,DAYLIGHT,CLEAR,DRY,,NO JUNCTION INVOLVED,CURVE/LEVEL,ASPHALT,LEFT OF CENTER,HEAD ON BETWEEN TWO MOTOR VEHICLES,NFOXHOLLOWRDNOLDSTATEROAD37RD,NONE,2021-07-25 11:17:00
1595,BLOOMINGTON PD,BLOOMINGTON,2,0.0,0.0,0,0,,,,S SMITH RD,,,500.0,S,39.17162407,-86.48129791,LOCAL/CITY ROAD,N,URBAN,N,N,N,,DAYLIGHT,CLOUDY,DRY,,NO JUNCTION INVOLVED,CURVE/GRADE,ASPHALT,FAILURE TO YIELD RIGHT OF WAY,RIGHT ANGLE,10THSTSMITHRD,NO PASSING ZONE,2021-07-25 12:15:00
1596,BLOOMINGTON PD,BLOOMINGTON,2,0.0,0.0,0,0,,,,E HILLSIDE DR,S DORCHESTER DR,,,,39.150544,-86.512592,LOCAL/CITY ROAD,N,URBAN,N,N,N,,DAYLIGHT,CLEAR,DRY,,FOUR-WAY INTERSECTION,STRAIGHT/LEVEL,ASPHALT,FAILURE TO YIELD RIGHT OF WAY,LEFT TURN,EHILLSIDEDRSDORCHESTERDR,STOP SIGN,2021-07-25 16:25:00
1597,BLOOMINGTON PD,BLOOMINGTON,2,0.0,1.0,0,0,,,,SR 46,E 10TH ST,,,,39.171648,-86.502096,STATE ROAD,N,URBAN,N,N,N,,DAYLIGHT,CLOUDY,DRY,,FOUR-WAY INTERSECTION,STRAIGHT/LEVEL,ASPHALT,FAILURE TO YIELD RIGHT OF WAY,SAME DIRECTION SIDESWIPE,10THSTSR46E,TRAFFIC CONTROL SIGNAL,2021-07-25 16:45:00
1598,BLOOMINGTON PD,BLOOMINGTON,2,0.0,1.0,0,0,,,,S LEONARD SPRINGS RD,W TAPP RD,,,,39.13704,-86.582512,LOCAL/CITY ROAD,N,URBAN,N,N,N,,DAYLIGHT,CLEAR,DRY,,T-INTERSECTION,STRAIGHT/LEVEL,ASPHALT,FAILURE TO YIELD RIGHT OF WAY,LEFT TURN,SLEONARDSPRINGSRDWTAPPRD,STOP SIGN,2021-07-25 18:11:00
1599,MONROE SD,BLOOMINGTON,2,0.0,0.0,0,0,4199,,,N INNISBROOKE DR,,,,,39.212232,-86.469186,UNKNOWN,N,URBAN,N,N,N,,DAYLIGHT,CLEAR,DRY,,NO JUNCTION INVOLVED,NON-ROADWAY CRASH,GRAVEL,UNSAFE BACKING,BACKING CRASH,NINNISBROOKEDR,NONE,2021-07-24 09:50:00
1600,BLOOMINGTON PD,BLOOMINGTON,2,0.0,2.0,0,0,,,Y,W 3RD ST,I-69 N,,,,0.0,0.0,LOCAL/CITY ROAD,N,URBAN,N,N,N,,DAYLIGHT,CLEAR,DRY,,FOUR-WAY INTERSECTION,STRAIGHT/LEVEL,ASPHALT,FOLLOWING TOO CLOSELY,REAR END,I69NW3RDST,YIELD SIGN,2021-07-24 13:08:00
1601,BLOOMINGTON PD,BLOOMINGTON,1,0.0,0.0,0,0,,,,E ATWATER AVE,S SWAIN AVE,,,,39.163048,-86.515262,LOCAL/CITY ROAD,N,URBAN,N,N,N,,DAYLIGHT,CLEAR,DRY,,FOUR-WAY INTERSECTION,STRAIGHT/LEVEL,ASPHALT,RAN OFF ROAD RIGHT,RAN OFF ROAD,EATWATERAVESSWAINAVE,STOP SIGN,2021-07-24 13:26:00
1602,INDIANA UNIV BLOOMINGTON PD,BLOOMINGTON,3,0.0,1.0,0,0,,,,SR 45/46,E DISCOVERY PKWY,,300.0,S,39.13974511,-86.495398,STATE ROAD,N,URBAN,N,N,N,,DAYLIGHT,CLEAR,DRY,,NO JUNCTION INVOLVED,STRAIGHT/LEVEL,ASPHALT,DRIVER DISTRACTED - EXPLAIN IN NARRATIVE,REAR END,DISCOVERYPKWYSR45S,NONE,2021-07-24 14:40:00
1603,MONROE SD,BLOOMINGTON,2,0.0,0.0,0,0,,,,CUTRIGHT STATE RECREATION AREA RD,SR 446,,200.0,E,0.0,0.0,LOCAL/CITY ROAD,N,RURAL,N,N,N,,DAYLIGHT,CLEAR,DRY,,NO JUNCTION INVOLVED,STRAIGHT/LEVEL,ASPHALT,LEFT OF CENTER,HEAD ON BETWEEN TWO MOTOR VEHICLES,CUTRIGHTBOATRAMPSTATEROAD446HWY,NONE,2021-07-23 07:58:00
1604,BLOOMINGTON PD,BLOOMINGTON,1,0.0,1.0,0,0,,,,S COLLEGE MALL RD,ENTRANCE TO EASTLAND PLAZA,,,,39.1629776,-86.4979521,LOCAL/CITY ROAD,N,URBAN,N,N,N,,DAYLIGHT,CLEAR,DRY,,FOUR-WAY INTERSECTION,STRAIGHT/GRADE,ASPHALT,FAILURE TO YIELD RIGHT OF WAY,RIGHT ANGLE,COLLEGEMALLRDENTRANCETOEASTLANDPLAZADR,TRAFFIC CONTROL SIGNAL,2021-07-23 09:05:00
1605,BLOOMINGTON PD,BLOOMINGTON,2,0.0,0.0,0,0,,,,SR 48,S CURRY PIKE,,,,39.16465,-86.582939,LOCAL/CITY ROAD,N,URBAN,N,N,N,,DAYLIGHT,CLEAR,DRY,,FOUR-WAY INTERSECTION,STRAIGHT/LEVEL,ASPHALT,FOLLOWING TOO CLOSELY,REAR END,SCURRYPIKEWTHIRDST,TRAFFIC CONTROL SIGNAL,2021-07-23 11:14:00
1606,MONROE SD,BLOOMINGTON,2,0.0,0.0,0,0,2450,,,W KARST FARM PARK DR,,,,,39.148848,-86.5964,UNKNOWN,N,RURAL,N,N,N,,DAYLIGHT,CLEAR,DRY,,NO JUNCTION INVOLVED,NON-ROADWAY CRASH,ASPHALT,UNSAFE BACKING,BACKING CRASH,SENDWRIGHTRD,NONE,2021-07-23 11:50:00
1607,MONROE SD,BLOOMINGTON,2,0.0,0.0,0,0,,,,N OARD RD,ENTRANCE TO WESTSIDE RECYCLING CENTER,,1000.0,N,39.27054797,-86.620155,LOCAL/CITY ROAD,N,RURAL,N,N,N,,DAYLIGHT,CLEAR,DRY,,NO JUNCTION INVOLVED,STRAIGHT/LEVEL,ASPHALT,UNSAFE BACKING,BACKING CRASH,NOARDRDSTHWY48HWY,NONE,2021-07-23 13:18:00
1608,MONROE SD,BLOOMINGTON,1,0.0,0.0,0,1,,,,W TAPP RD,I-69 N,,,,0.0,0.0,LOCAL/CITY ROAD,N,RURAL,N,N,N,,DAYLIGHT,CLEAR,DRY,,TRAFFIC CIRCLE/ROUNDABOUT,STRAIGHT/LEVEL,ASPHALT,ANIMAL/OBJECT IN ROADWAY,COLLISION WITH DEER,I69NWTAPPRD,NONE,2021-07-23 17:45:00
1609,MONROE SD,BLOOMINGTON,1,0.0,1.0,0,0,1575,,,W SIMPSON CHAPEL RD,W LAWSON RD,,125.0,E,39.273216,-86.532176,LOCAL/CITY ROAD,N,RURAL,N,N,N,,DAYLIGHT,CLEAR,DRY,,NO JUNCTION INVOLVED,STRAIGHT/HILLCREST,ASPHALT,PEDESTRIAN ACTION,OTHER - EXPLAIN IN NARRATIVE,WLAWSONRDWSIMPSONCHAPELRD,NONE,2021-07-23 18:01:00
1610,BLOOMINGTON PD,BLOOMINGTON,1,0.0,0.0,0,1,,,,E 1ST ST,S GRANT ST,,100.0,E,39.177776,-86.5296,LOCAL/CITY ROAD,N,URBAN,N,N,N,,DAYLIGHT,CLEAR,DRY,,T-INTERSECTION,STRAIGHT/LEVEL,ASPHALT,ANIMAL/OBJECT IN ROADWAY,COLLISION WITH DEER,E1STSTSGRANTST,NONE,2021-07-23 19:36:00
1611,BLOOMINGTON PD,BLOOMINGTON,1,0.0,0.0,0,0,1901,,,S LIBERTY DR,ENTRANCE TO CENTER 37,,,,39.145264,-86.577616,UNKNOWN,N,URBAN,N,N,N,,DAYLIGHT,CLEAR,DRY,,NO JUNCTION INVOLVED,NON-ROADWAY CRASH,ASPHALT,RAN OFF ROAD RIGHT,RAN OFF ROAD,SLIBERTYDR,NONE,2021-07-22 11:52:00
1612,BLOOMINGTON PD,BLOOMINGTON,2,0.0,0.0,0,0,,,,E HEATHER DR,E PEPPERIDGE DR,,,,39.125985,-86.523026,LOCAL/CITY ROAD,N,URBAN,N,N,N,,UNKNOWN,CLEAR,DRY,,T-INTERSECTION,STRAIGHT/GRADE,ASPHALT,FAILURE TO YIELD RIGHT OF WAY,SAME DIRECTION SIDESWIPE,EASTHEATHERDREASTPEPPERIDGEDR,STOP SIGN,2021-07-22 13:14:00
1613,MONROE SD,BLOOMINGTON,2,0.0,1.0,0,0,,,,N SMITH PIKE,W CARMOLA DR,,175.0,S,39.204448,-86.583168,LOCAL/CITY ROAD,N,URBAN,N,N,N,,DAYLIGHT,CLOUDY,DRY,,NO JUNCTION INVOLVED,STRAIGHT/LEVEL,ASPHALT,DRIVER DISTRACTED - EXPLAIN IN NARRATIVE,REAR END,NORTHSMITHPIKEWESTCARMOLADR,NONE,2021-07-22 15:10:00
1614,INDIANA UNIV BLOOMINGTON PD,BLOOMINGTON,2,0.0,0.0,0,0,1800,,,JOHN MELLENCAMP PAVILION ACCESS RD,,,,,39.18279,-86.523885,UNKNOWN,N,URBAN,N,N,N,,DAYLIGHT,CLOUDY,DRY,,NO JUNCTION INVOLVED,STRAIGHT/LEVEL,ASPHALT,LEFT OF CENTER,OPPOSITE DIRECTION SIDESWIPE,NORTHDUNNST,NONE,2021-07-22 15:32:00
1615,ELLETTSVILLE PD,ELLETTSVILLE,2,0.0,2.0,0,0,,,,SR 46,N HARTSTRAIT RD,,,,39.227624,-86.615919,STATE ROAD,N,URBAN,N,N,N,,DAYLIGHT,CLEAR,DRY,,FOUR-WAY INTERSECTION,STRAIGHT/LEVEL,ASPHALT,DISREGARD SIGNAL/REG SIGN,OTHER - EXPLAIN IN NARRATIVE,HARTSTRAITRDSR46W,TRAFFIC CONTROL SIGNAL,2021-07-22 15:50:00
1616,BLOOMINGTON PD,BLOOMINGTON,2,0.0,0.0,0,0,,,,E 1ST ST,S BALLANTINE RD,,,,39.159273,-86.519119,LOCAL/CITY ROAD,N,URBAN,N,N,N,,DAYLIGHT,CLEAR,DRY,,T-INTERSECTION,STRAIGHT/LEVEL,ASPHALT,FAILURE TO YIELD RIGHT OF WAY,RIGHT ANGLE,E1STSTSBALLANTINERD,STOP SIGN,2021-07-22 16:39:00
1617,BLOOMINGTON PD,BLOOMINGTON,2,0.0,0.0,0,0,,,,E HILLSIDE DR,S WALNUT ST,,,,39.150544,-86.5336,LOCAL/CITY ROAD,N,URBAN,N,N,N,,DAYLIGHT,CLEAR,DRY,,FOUR-WAY INTERSECTION,STRAIGHT/GRADE,ASPHALT,FOLLOWING TOO CLOSELY,REAR END,EASTHILLSIDEDRSOUTHWALNUTST,TRAFFIC CONTROL SIGNAL,2021-07-22 17:06:00
1618,BLOOMINGTON PD,BLOOMINGTON,2,0.0,0.0,0,0,,,,S WALNUT ST,W KIRKWOOD AVE,,,,39.16664,-86.5336,LOCAL/CITY ROAD,N,URBAN,N,N,N,,DAYLIGHT,CLEAR,DRY,,FOUR-WAY INTERSECTION,STRAIGHT/GRADE,ASPHALT,IMPROPER TURNING,SAME DIRECTION SIDESWIPE,EKIRKWOODAVENWALNUTST,LANE CONTROL,2021-07-22 18:40:00
1619,BLOOMINGTON PD,BLOOMINGTON,2,0.0,0.0,0,0,3206,,,S WALNUT SPRINGS DR,,,,,39.12542895,-86.52670546,UNKNOWN,Y,URBAN,N,N,N,,DARK (LIGHTED),CLEAR,DRY,,NO JUNCTION INVOLVED,STRAIGHT/LEVEL,ASPHALT,UNSAFE BACKING,BACKING CRASH,SWALNUTSPRINGSDR,NONE,2021-07-21 01:00:00
1620,INDIANA UNIV BLOOMINGTON PD,BLOOMINGTON,1,0.0,0.0,0,0,,,,E 7TH ST,N SUNRISE DR,,,,39.168537,-86.512407,LOCAL/CITY ROAD,N,URBAN,N,N,N,,DARK (LIGHTED),CLEAR,DRY,,NO JUNCTION INVOLVED,CURVE/GRADE,CONCRETE,UNSAFE BACKING,OTHER - EXPLAIN IN NARRATIVE,E7THSTNSUNRISEDR,NONE,2021-07-21 01:10:00
1621,BLOOMINGTON PD,BLOOMINGTON,1,0.0,0.0,0,0,,,,S SUGAR MAPLE CIR,S WOODSIDE DR,,,,39.156288,-86.5888,LOCAL/CITY ROAD,N,URBAN,N,N,N,,DAYLIGHT,CLEAR,DRY,,T-INTERSECTION,STRAIGHT/LEVEL,ASPHALT,RAN OFF ROAD RIGHT,RAN OFF ROAD,SSUGARMAPLECIRSWOODSIDEDR,NONE,2021-07-21 08:31:00
1622,MONROE SD,BLOOMINGTON,1,0.0,0.0,0,0,,,,S STRAIN RIDGE RD,E SMITHVILLE RD,,,,39.07112,-86.507008,LOCAL/CITY ROAD,N,RURAL,N,N,N,,DAYLIGHT,CLEAR,DRY,,T-INTERSECTION,STRAIGHT/GRADE,ASPHALT,RAN OFF ROAD RIGHT,RAN OFF ROAD,ESMITHVILLERDSSTRAINRIDGERD,STOP SIGN,2021-07-21 08:51:00
1623,BLOOMINGTON PD,BLOOMINGTON,2,0.0,0.0,0,0,,,,S SARE RD,E CATHCART ST,,,,39.14885175,-86.49920105,LOCAL/CITY ROAD,N,URBAN,N,N,N,,DAYLIGHT,CLEAR,DRY,,T-INTERSECTION,STRAIGHT/LEVEL,ASPHALT,FAILURE TO YIELD RIGHT OF WAY,LEFT TURN,CATHCARTSTSARERD,STOP SIGN,2021-07-21 09:27:00
1624,BLOOMINGTON PD,BLOOMINGTON,1,1.0,0.0,0,0,,,,S CORY LN,ENTRANCE TO LOYAL ORDER OF THE MOOSE,,380.0,S,39.164544,-86.560096,LOCAL/CITY ROAD,N,URBAN,N,N,N,,DAYLIGHT,CLOUDY,DRY,,NO JUNCTION INVOLVED,STRAIGHT/LEVEL,ASPHALT,OTHER (DRIVER) - EXPLAIN IN NARRATIVE,OTHER - EXPLAIN IN NARRATIVE,SOUTHCORYLNWESTCORYDR,LANE CONTROL,2021-07-21 09:50:00
1625,BLOOMINGTON PD,BLOOMINGTON,3,0.0,0.0,0,0,,,,E HILLSIDE DR,S HIGHLAND AVE,,,,39.15053,-86.516971,LOCAL/CITY ROAD,Y,URBAN,N,N,N,,DAYLIGHT,CLEAR,DRY,,T-INTERSECTION,STRAIGHT/LEVEL,ASPHALT,FAILURE TO YIELD RIGHT OF WAY,RIGHT TURN,EHILLSIDEAVESHIGHLANDAVE,STOP SIGN,2021-07-21 13:30:00
1626,MONROE SD,BLOOMINGTON,1,0.0,1.0,0,0,,,,W GIFFORD RD,,,279.0,E,0.0,0.0,LOCAL/CITY ROAD,N,URBAN,N,N,N,,DAYLIGHT,CLOUDY,DRY,,NO JUNCTION INVOLVED,STRAIGHT/LEVEL,ASPHALT,RAN OFF ROAD RIGHT,RAN OFF ROAD,APPLETREEPLWESTGIFFORDRD,NONE,2021-07-21 15:22:00
1627,INDIANA UNIV BLOOMINGTON PD,BLOOMINGTON,2,1.0,1.0,0,0,,,,SR 45/46,E 17TH ST,,,,0.0,0.0,STATE ROAD,N,URBAN,N,N,N,,DAYLIGHT,CLEAR,DRY,,T-INTERSECTION,STRAIGHT/LEVEL,ASPHALT,FOLLOWING TOO CLOSELY,REAR END,EAST17THSTSR46,TRAFFIC CONTROL SIGNAL,2021-07-21 16:30:00
1628,MONROE SD,BLOOMINGTON,1,0.0,1.0,0,0,,,,W OLD SR 37,,,500.0,N,39.28909855,-86.51842001,STATE ROAD,N,RURAL,N,N,N,,DAYLIGHT,CLEAR,DRY,,NO JUNCTION INVOLVED,CURVE/GRADE,ASPHALT,UNSAFE SPEED,RAN OFF ROAD,FOXHOLLOWRDSR37N,NONE,2021-07-21 19:25:00
1629,BLOOMINGTON PD,BLOOMINGTON,2,0.0,0.0,0,0,,,,S WALNUT ST,W 4TH ST,,,,39.165601,-86.533635,LOCAL/CITY ROAD,N,URBAN,N,N,N,,DAYLIGHT,CLEAR,DRY,,FOUR-WAY INTERSECTION,STRAIGHT/LEVEL,ASPHALT,DISREGARD SIGNAL/REG SIGN,RIGHT ANGLE,FOURTHSTWALNUTST,TRAFFIC CONTROL SIGNAL,2021-07-21 19:40:00