_id,Agency,City,Vehicles Involved,Trailers Involved,Number Injured,Number Dead,Number Deer,House Number,Roadway Interchange,Roadway Ramp,Roadway Id,Intersecting Road,Interchange,Feet From,Direction,Latitude,Longitude,Roadway Class,Hit and Run?,Locality,School Zone?,Rumble Strips?,Construction?,Construction Type,Light Condition,Weather Conditions,Surface Condition,Type of Median,Roadway Junction Type,Road Character,Roadway Surface,Primary Factor,Manner of Collision,Unique Location Id,Traffic Control,DateTime
1692,BLOOMINGTON PD,BLOOMINGTON,2,0.0,0.0,0,0,1332,,,W ARCH HAVEN AVE,S DOLIMAH AVE,,,,39.161238,-86.551718,LOCAL/CITY ROAD,N,URBAN,N,N,N,,DAYLIGHT,CLEAR,DRY,,NO JUNCTION INVOLVED,STRAIGHT/LEVEL,ASPHALT,UNSAFE BACKING,REAR TO REAR,WARCHHAVENAVE,NONE,2021-07-12 09:56:00
1693,BLOOMINGTON PD,BLOOMINGTON,2,0.0,0.0,0,0,,,,N KINSER PIKE,SR 45/46,,,,39.186544,-86.537888,LOCAL/CITY ROAD,N,URBAN,N,N,N,,DAYLIGHT,CLEAR,DRY,,FOUR-WAY INTERSECTION,STRAIGHT/GRADE,ASPHALT,FOLLOWING TOO CLOSELY,REAR END,NORTHKINSERPIKEWESTSTATEROAD4546BYP,TRAFFIC CONTROL SIGNAL,2021-07-12 12:48:00
1694,INDIANA UNIV BLOOMINGTON PD,BLOOMINGTON,2,0.0,0.0,0,0,,,,INDIANA MEMORIAL UNION CIRCLE DRIVE,,,199.0,W,39.168465,-86.52112178,UNKNOWN,N,URBAN,N,N,N,,DAYLIGHT,CLEAR,DRY,,NO JUNCTION INVOLVED,CURVE/LEVEL,ASPHALT,UNSAFE BACKING,BACKING CRASH,E7THSTNFORRESTAVE,NONE,2021-07-12 13:35:00
1695,MONROE SD,BLOOMINGTON,1,0.0,0.0,0,0,,,,S FAIRFAX RD,E MARIE LN,,,,39.105694,-86.52248,LOCAL/CITY ROAD,N,RURAL,N,N,N,,DAYLIGHT,CLEAR,WET,,T-INTERSECTION,CURVE/GRADE,ASPHALT,RAN OFF ROAD RIGHT,RAN OFF ROAD,MARIELNSFAIRFAXRD,LANE CONTROL,2021-07-11 10:41:00
1696,BLOOMINGTON PD,BLOOMINGTON,2,0.0,0.0,0,0,,,,E 3RD ST,S HIGH ST,,,,39.164352,-86.508288,LOCAL/CITY ROAD,N,URBAN,Y,N,N,,DAYLIGHT,CLOUDY,WET,,T-INTERSECTION,STRAIGHT/GRADE,ASPHALT,DRIVER DISTRACTED - EXPLAIN IN NARRATIVE,REAR END,3RDSTHIGHST,TRAFFIC CONTROL SIGNAL,2021-07-11 11:20:00
1697,MONROE SD,BLOOMINGTON,1,0.0,0.0,0,0,,,,N CURRY PIKE,,,2000.0,N,39.39073249,-86.583074,LOCAL/CITY ROAD,N,URBAN,N,N,N,,DARK (NOT LIGHTED),RAIN,WATER (STANDING OR MOVING),,FOUR-WAY INTERSECTION,STRAIGHT/LEVEL,ASPHALT,ROADWAY SURFACE CONDITION,RAN OFF ROAD,CURRYPIKEVERNALPIKE,NONE,2021-07-11 11:32:00
1698,BLOOMINGTON PD,BLOOMINGTON,2,0.0,0.0,0,0,,,,SR 45/46,N WALNUT ST,,,,39.186368,-86.5344,STATE ROAD,Y,URBAN,N,N,N,,DAYLIGHT,CLEAR,DRY,,FOUR-WAY INTERSECTION,STRAIGHT/LEVEL,ASPHALT,IMPROPER LANE USAGE,SAME DIRECTION SIDESWIPE,NWALNUTSTSR4546W,TRAFFIC CONTROL SIGNAL,2021-07-11 16:31:00
1699,MONROE SD,BLOOMINGTON,1,0.0,0.0,0,0,,,,SR 48,,,3000.0,E,39.16865518,-86.67086285,STATE ROAD,N,RURAL,N,N,N,,DAYLIGHT,CLEAR,WET,,NO JUNCTION INVOLVED,STRAIGHT/LEVEL,ASPHALT,RAN OFF ROAD RIGHT,RAN OFF ROAD,SR43SSR48W,NO PASSING ZONE,2021-07-10 06:57:00
1700,MONROE SD,BLOOMINGTON,2,0.0,0.0,0,0,,,,N CURRY PIKE,W JONATHAN DR,,,,39.168325,-86.582976,LOCAL/CITY ROAD,Y,URBAN,N,N,N,,DAYLIGHT,CLOUDY,DRY,,FIVE POINT OR MORE,STRAIGHT/LEVEL,ASPHALT,IMPROPER LANE USAGE,SAME DIRECTION SIDESWIPE,NORTHCURRYPIKEWESTJONATHANDR,TRAFFIC CONTROL SIGNAL,2021-07-10 09:40:00
1701,MONROE SD,BLOOMINGTON,2,0.0,0.0,0,0,,,,E WINERY RD,N THAMES DR,,,,39.280423,-86.52214,LOCAL/CITY ROAD,N,RURAL,N,N,N,,DAYLIGHT,CLOUDY,WET,,T-INTERSECTION,CURVE/GRADE,ASPHALT,DISREGARD SIGNAL/REG SIGN,RIGHT ANGLE,THAMESDRWINERYRD,STOP SIGN,2021-07-10 16:21:00
1702,INDIANA UNIV BLOOMINGTON PD,BLOOMINGTON,2,0.0,2.0,0,0,,,,SR 45/46,E 10TH ST,,400.0,N,39.21397118,-86.52255708,LOCAL/CITY ROAD,N,URBAN,N,N,N,,DAYLIGHT,RAIN,WET,,FOUR-WAY INTERSECTION,STRAIGHT/LEVEL,ASPHALT,SPEED TOO FAST FOR WEATHER CONDITIONS,REAR END,10THST4546BYP,LANE CONTROL,2021-07-10 16:28:00
1703,MONROE SD,BLOOMINGTON,2,0.0,0.0,0,0,,,,SR 45,E MARTIN DR,,50.0,W,39.20472862,-86.46350162,STATE ROAD,N,RURAL,N,N,N,,DAYLIGHT,CLEAR,DRY,,T-INTERSECTION,CURVE/LEVEL,ASPHALT,IMPROPER LANE USAGE,HEAD ON BETWEEN TWO MOTOR VEHICLES,EMARTINDRSR45E,NONE,2021-07-10 17:39:00
1704,BLOOMINGTON PD,BLOOMINGTON,2,0.0,0.0,0,0,,,,S WALNUT ST PIKE,E SUNNY SLOPES DR,,,,39.1325358,-86.5268341,LOCAL/CITY ROAD,N,URBAN,N,N,N,,DARK (NOT LIGHTED),RAIN,WET,,FOUR-WAY INTERSECTION,CURVE/GRADE,ASPHALT,FOLLOWING TOO CLOSELY,REAR END,SWALNUTSTREETPIKESUNNYSLOPESDR,STOP SIGN,2021-07-10 20:02:00
1705,MONROE SD,BLOOMINGTON,1,0.0,0.0,0,0,,,,S HOFF LN,W GARDNER RD,,,,39.133376,-86.648848,COUNTY ROAD,N,RURAL,N,N,N,,DARK (NOT LIGHTED),RAIN,WET,,T-INTERSECTION,STRAIGHT/LEVEL,ASPHALT,OTHER (VEHICLE) - EXPLAIN IN NARRATIVE,RAN OFF ROAD,SHOFFLNWGARDNERRD,NONE,2021-07-10 21:59:00
1706,BLOOMINGTON PD,BLOOMINGTON,2,0.0,0.0,0,0,,69,S,SR 48,I-69 S,,,,0.0,0.0,LOCAL/CITY ROAD,N,URBAN,N,N,N,,DAYLIGHT,CLEAR,DRY,,RAMP,CURVE/GRADE,ASPHALT,FOLLOWING TOO CLOSELY,REAR END,W3RDST,YIELD SIGN,2021-07-09 08:03:00
1707,BLOOMINGTON PD,BLOOMINGTON,3,0.0,1.0,0,0,,,,W 3RD ST,S LANDMARK AVE,,100.0,W,39.164416,-86.55629334,LOCAL/CITY ROAD,N,URBAN,N,N,N,,DAYLIGHT,CLEAR,DRY,,NO JUNCTION INVOLVED,STRAIGHT/GRADE,ASPHALT,FOLLOWING TOO CLOSELY,REAR END,LANDMARKAVEW3RDST,LANE CONTROL,2021-07-09 09:09:00
1708,BLOOMINGTON PD,BLOOMINGTON,2,0.0,0.0,0,0,,,,N GATES DR,W JACOB DR,,,,0.0,0.0,LOCAL/CITY ROAD,N,URBAN,N,N,N,,DAYLIGHT,CLEAR,DRY,,Y-INTERSECTION,STRAIGHT/LEVEL,ASPHALT,FAILURE TO YIELD RIGHT OF WAY,SAME DIRECTION SIDESWIPE,NGATESDRNJACOBDR,NONE,2021-07-09 12:15:00
1709,BLOOMINGTON PD,BLOOMINGTON,2,1.0,0.0,0,0,,,,N MADISON ST,W 14TH ST,,,,39.176048,-86.537696,LOCAL/CITY ROAD,N,URBAN,N,N,N,,DAYLIGHT,CLOUDY,DRY,,FOUR-WAY INTERSECTION,CURVE/GRADE,ASPHALT,IMPROPER PASSING,SAME DIRECTION SIDESWIPE,NMADISONAVEW14THST,NONE,2021-07-09 14:06:00
1710,BLOOMINGTON PD,BLOOMINGTON,4,0.0,1.0,0,0,,,,E WINSLOW RD,S HENDERSON ST,,,,39.136144,-86.5268,LOCAL/CITY ROAD,N,URBAN,N,N,N,,DAYLIGHT,CLOUDY,DRY,,FOUR-WAY INTERSECTION,STRAIGHT/LEVEL,ASPHALT,FOLLOWING TOO CLOSELY,REAR END,EWINSLOWRDSHENDERSONST,TRAFFIC CONTROL SIGNAL,2021-07-09 17:14:00
1711,BLOOMINGTON PD,BLOOMINGTON,2,0.0,0.0,0,0,,,,W 3RD ST,I-69,,,,39.16470795,-86.59211954,LOCAL/CITY ROAD,N,URBAN,N,N,N,,DAYLIGHT,CLEAR,DRY,,FOUR-WAY INTERSECTION,STRAIGHT/LEVEL,ASPHALT,FOLLOWING TOO CLOSELY,REAR END,SR37RTEWTHIRDST,TRAFFIC CONTROL SIGNAL,2021-07-09 21:04:00
1712,BLOOMINGTON PD,BLOOMINGTON,2,0.0,0.0,0,0,,,,N LINDBERGH DR,,,400.0,S,39.176848,-86.552592,LOCAL/CITY ROAD,Y,URBAN,N,N,N,,DARK (LIGHTED),CLEAR,DRY,,NO JUNCTION INVOLVED,STRAIGHT/GRADE,ASPHALT,IMPROPER PASSING,SAME DIRECTION SIDESWIPE,15THSTNLINDBERGHDR,NONE,2021-07-08 01:45:00
1713,ISP BLOOMINGTON 33,BLOOMINGTON,2,,0.0,0,0,,,,E SMITHVILLE RD,SR 37,,0.0,,39.07086705,-86.53594896,COUNTY ROAD,,RURAL,N,N,N,,DAYLIGHT,CLOUDY,DRY,,FOUR-WAY INTERSECTION,,ASPHALT,DRIVER DISTRACTED - EXPLAIN IN NARRATIVE,REAR END,SR37SmithvilleRoad,,2021-07-08 07:54:00
1714,BLOOMINGTON PD,BLOOMINGTON,2,0.0,0.0,0,0,,,,SR 46,S SMITH RD,,,,39.16424,-86.480688,LOCAL/CITY ROAD,N,URBAN,N,N,N,,DAYLIGHT,CLEAR,DRY,,FOUR-WAY INTERSECTION,STRAIGHT/LEVEL,ASPHALT,FOLLOWING TOO CLOSELY,REAR END,E3RDSTSMITHRD,TRAFFIC CONTROL SIGNAL,2021-07-08 09:52:00
1715,BLOOMINGTON PD,BLOOMINGTON,2,0.0,0.0,0,0,,,,S COLLEGE MALL RD,E 2ND ST,,,,39.160944,-86.497696,LOCAL/CITY ROAD,N,URBAN,N,N,N,,DAYLIGHT,CLEAR,DRY,,FOUR-WAY INTERSECTION,STRAIGHT/LEVEL,ASPHALT,UNSAFE LANE MOVEMENT,SAME DIRECTION SIDESWIPE,E2NDSTSCOLLEGEMALLRD,NONE,2021-07-08 10:23:00
1716,MONROE SD,BLOOMINGTON,1,0.0,1.0,0,0,,,,S FAIRFAX RD,E CAROWINDS CT,,200.0,N,39.06104,-86.498448,LOCAL/CITY ROAD,N,RURAL,N,N,N,,DAYLIGHT,CLEAR,DRY,,NO JUNCTION INVOLVED,CURVE/LEVEL,ASPHALT,RAN OFF ROAD RIGHT,RAN OFF ROAD,ECAROWINDSCTSFAIRFAXRD,NONE,2021-07-08 11:34:00
1717,BLOOMINGTON PD,BLOOMINGTON,2,0.0,0.0,0,0,,,,E 3RD ST,S COLLEGE MALL RD,,,,39.16424,-86.4984,LOCAL/CITY ROAD,N,URBAN,N,N,N,,DAYLIGHT,CLEAR,DRY,,FOUR-WAY INTERSECTION,STRAIGHT/LEVEL,ASPHALT,FOLLOWING TOO CLOSELY,REAR END,COLLEGEMALLRDETHIRDST,TRAFFIC CONTROL SIGNAL,2021-07-08 11:49:00
1718,ISP BLOOMINGTON 33,BLOOMINGTON,2,,0.0,0,0,,,,SR 48,I-69,,0.0,,39.16462024,-86.57224364,STATE ROAD,,URBAN,N,N,N,,DAYLIGHT,CLEAR,DRY,,RAMP,,ASPHALT,UNSAFE SPEED,REAR END,SR48I-69,,2021-07-08 13:25:00
1719,ISP BLOOMINGTON 33,BLOOMINGTON,2,,1.0,0,0,,118,B,W 3RD ST,I-69 N,,0.0,,39.16466183,-86.57246894,STATE ROAD,,URBAN,N,N,N,,DAWN/DUSK,RAIN,WET,,FOUR-WAY INTERSECTION,,ASPHALT,FAILURE TO YIELD RIGHT OF WAY,RIGHT ANGLE,W3rdStatI69-118-B,,2021-07-08 13:30:00
1720,BLOOMINGTON PD,BLOOMINGTON,2,0.0,0.0,0,0,,,,N ROGERS ST,W 11TH ST,,70.0,N,39.173184,-86.538528,LOCAL/CITY ROAD,N,URBAN,N,N,N,,DAYLIGHT,CLOUDY,DRY,,FOUR-WAY INTERSECTION,CURVE/GRADE,ASPHALT,FOLLOWING TOO CLOSELY,SAME DIRECTION SIDESWIPE,NORTHROGERSSTWEST11THST,LANE CONTROL,2021-07-08 13:34:00
1721,BLOOMINGTON PD,BLOOMINGTON,2,0.0,0.0,0,0,,,,S HENDERSON ST,E WINSLOW RD,,,,39.136144,-86.5268,LOCAL/CITY ROAD,Y,URBAN,N,N,N,,DAYLIGHT,CLOUDY,DRY,,FOUR-WAY INTERSECTION,STRAIGHT/LEVEL,ASPHALT,UNSAFE BACKING,BACKING CRASH,EASTWINSLOWRDSOUTHHENDERSONST,TRAFFIC CONTROL SIGNAL,2021-07-08 15:15:00
1722,MONROE SD,BLOOMINGTON,1,1.0,0.0,0,0,,,,I-69 S,,,,,0.0,0.0,INTERSTATE,Y,RURAL,N,N,N,,DAYLIGHT,RAIN,WET,,INTERCHANGE,STRAIGHT/GRADE,ASPHALT,SPEED TOO FAST FOR WEATHER CONDITIONS,OTHER - EXPLAIN IN NARRATIVE,I69S115.0,NONE,2021-07-08 16:27:00
1723,ISP BLOOMINGTON 33,BLOOMINGTON,1,,0.0,0,0,,,,I-69 N,,,50.0,,39.23146245,-86.54285359,INTERSTATE,,RURAL,N,N,N,,DAYLIGHT,RAIN,WATER (STANDING OR MOVING),,NO JUNCTION INVOLVED,,CONCRETE,SPEED TOO FAST FOR WEATHER CONDITIONS,OTHER - EXPLAIN IN NARRATIVE,I-69,,2021-07-08 16:40:00
1724,MONROE SD,BLOOMINGTON,3,0.0,0.0,0,0,,,,SR 48,S CAVE RD,,,,39.163152,-86.629104,STATE ROAD,N,RURAL,N,N,N,,DAYLIGHT,RAIN,WET,,T-INTERSECTION,STRAIGHT/GRADE,ASPHALT,SPEED TOO FAST FOR WEATHER CONDITIONS,REAR END,CAVERDSR48W,NONE,2021-07-08 17:03:00
1725,BLOOMINGTON PD,BLOOMINGTON,2,0.0,0.0,0,0,,,,S ROGERS ST,W 3RD ST,,,,39.16472,-86.538592,LOCAL/CITY ROAD,N,URBAN,N,N,N,,DAYLIGHT,CLEAR,DRY,,FOUR-WAY INTERSECTION,STRAIGHT/GRADE,ASPHALT,DISREGARD SIGNAL/REG SIGN,RIGHT ANGLE,SOUTHROGERSSTWEST3RDST,TRAFFIC CONTROL SIGNAL,2021-07-08 19:20:00
1726,MONROE SD,BLOOMINGTON,1,0.0,0.0,0,0,8521,,,W HINDS RD,,,,,39.0939305,-86.65568839,COUNTY ROAD,Y,RURAL,N,N,N,,DAWN/DUSK,CLEAR,WET,,NO JUNCTION INVOLVED,CURVE/GRADE,ASPHALT,UNSAFE SPEED,RAN OFF ROAD,WHINDSRD,NONE,2021-07-08 20:41:00
1727,ISP BLOOMINGTON 33,BLOOMINGTON,1,,1.0,0,0,,,,SR 37,,,2000.0,N,38.99837014,-86.5374719,STATE ROAD,,RURAL,N,N,N,,DARK (NOT LIGHTED),CLEAR,WET,,NO JUNCTION INVOLVED,,ASPHALT,OVERCORRECTING/OVERSTEERING,RAN OFF ROAD,StateRd37IngramRoad,,2021-07-08 21:52:00
1728,ISP BLOOMINGTON 33,BLOOMINGTON,2,,0.0,0,0,,,,I-69 S,,,0.0,,39.22085695,-86.55036741,INTERSTATE,,RURAL,N,N,N,,DAYLIGHT,CLEAR,DRY,,NO JUNCTION INVOLVED,,ASPHALT,UNSAFE LANE MOVEMENT,SAME DIRECTION SIDESWIPE,I-69122,,2021-07-07 07:05:00
1729,BLOOMINGTON PD,BLOOMINGTON,2,0.0,0.0,0,0,,,,W 6TH ST,N COLLEGE AVE,,,,39.167648,-86.534784,LOCAL/CITY ROAD,N,URBAN,N,N,N,,DAYLIGHT,CLEAR,DRY,,FOUR-WAY INTERSECTION,STRAIGHT/GRADE,ASPHALT,FAILURE TO YIELD RIGHT OF WAY,BACKING CRASH,NCOLLEGEAVEW6THST,TRAFFIC CONTROL SIGNAL,2021-07-07 07:59:00
1730,BLOOMINGTON PD,BLOOMINGTON,2,0.0,1.0,0,0,,,,E WINSLOW RD,S WALNUT ST,,100.0,E,39.136144,-86.528688,LOCAL/CITY ROAD,N,URBAN,N,N,N,,DAYLIGHT,CLOUDY,DRY,,FOUR-WAY INTERSECTION,STRAIGHT/LEVEL,ASPHALT,FOLLOWING TOO CLOSELY,REAR END,EWINSLOWRDSWALNUTST,TRAFFIC CONTROL SIGNAL,2021-07-07 15:58:00
1731,BLOOMINGTON PD,BLOOMINGTON,4,0.0,0.0,0,0,,,,E SMITH AVE,ALLEY E OF S WALNUT ST,,200.0,E,39.162848,-86.5336,LOCAL/CITY ROAD,N,URBAN,Y,N,N,,DAYLIGHT,CLEAR,DRY,,FOUR-WAY INTERSECTION,STRAIGHT/LEVEL,ASPHALT,FAILURE TO YIELD RIGHT OF WAY,RIGHT ANGLE,ESMITHRDSWALNUTST,NONE,2021-07-07 16:32:00
1732,BLOOMINGTON PD,BLOOMINGTON,2,0.0,0.0,0,0,,,,SR 46,S SMITH RD,,,,39.16424,-86.480688,LOCAL/CITY ROAD,N,URBAN,N,N,N,,DARK (LIGHTED),CLEAR,WET,,FOUR-WAY INTERSECTION,STRAIGHT/GRADE,ASPHALT,UNSAFE SPEED,REAR END,3RDSTSMITHRD,TRAFFIC CONTROL SIGNAL,2021-07-07 22:25:00
1733,INDIANA UNIV BLOOMINGTON PD,BLOOMINGTON,1,0.0,0.0,0,0,744,,,ALLEY,,,,,39.16364,-86.524141,,Y,URBAN,N,N,N,,DARK (LIGHTED),CLEAR,DRY,,NO JUNCTION INVOLVED,NON-ROADWAY CRASH,ASPHALT,OTHER (DRIVER) - EXPLAIN IN NARRATIVE,OTHER - EXPLAIN IN NARRATIVE,E3RDSTREETST,NONE,2021-07-06 01:18:00
1734,ISP BLOOMINGTON 33,BLOOMINGTON,2,,2.0,0,0,3500,,,E ROBINSON RD,,,3500.0,,39.24638085,-86.48301356,COUNTY ROAD,,RURAL,N,N,N,,DAYLIGHT,CLEAR,DRY,,NO JUNCTION INVOLVED,,ASPHALT,LEFT OF CENTER,HEAD ON BETWEEN TWO MOTOR VEHICLES,OldSR37ERobinsonRd,,2021-07-06 10:24:00
1735,BLOOMINGTON PD,BLOOMINGTON,2,0.0,1.0,0,0,,,,S ROGERS ST,W 2ND ST,,25.0,N,39.16152,-86.538592,LOCAL/CITY ROAD,N,URBAN,N,N,N,,DAYLIGHT,CLEAR,DRY,,FOUR-WAY INTERSECTION,STRAIGHT/GRADE,ASPHALT,FOLLOWING TOO CLOSELY,REAR END,SROGERSSTW2NDST,LANE CONTROL,2021-07-06 11:59:00
1736,BLOOMINGTON PD,BLOOMINGTON,2,0.0,0.0,0,0,,,,N COLLEGE AVE,W 7TH ST,,,,39.168656,-86.534784,LOCAL/CITY ROAD,N,URBAN,N,N,N,,DAYLIGHT,CLEAR,DRY,,FOUR-WAY INTERSECTION,STRAIGHT/GRADE,ASPHALT,DISREGARD SIGNAL/REG SIGN,REAR TO REAR,NCOLLEGEAVEW7THST,TRAFFIC CONTROL SIGNAL,2021-07-06 12:51:00
1737,BLOOMINGTON PD,BLOOMINGTON,2,0.0,0.0,0,0,,,,S ROGERS ST,W GRAHAM DR,,,,39.13992,-86.538416,LOCAL/CITY ROAD,N,URBAN,Y,N,N,,DAYLIGHT,CLEAR,DRY,,NO JUNCTION INVOLVED,STRAIGHT/LEVEL,ASPHALT,FAILURE TO YIELD RIGHT OF WAY,SAME DIRECTION SIDESWIPE,SROGERSSTWGRAHAMDR,NONE,2021-07-06 13:45:00
1738,BLOOMINGTON PD,BLOOMINGTON,2,0.0,1.0,0,0,,,,S ROGERS ST,W GRAHAM DR,,,,39.13992,-86.538416,LOCAL/CITY ROAD,N,URBAN,Y,N,N,,DAYLIGHT,CLEAR,DRY,,FOUR-WAY INTERSECTION,STRAIGHT/LEVEL,ASPHALT,FAILURE TO YIELD RIGHT OF WAY,SAME DIRECTION SIDESWIPE,SROGERSDRWGRAHAMDR,STOP SIGN,2021-07-06 14:20:00
1739,BLOOMINGTON PD,BLOOMINGTON,2,0.0,0.0,0,0,941,,,S BASSWOOD CIR,,,,,39.1516858,-86.5704062,LOCAL/CITY ROAD,N,URBAN,N,N,N,,DAYLIGHT,CLEAR,DRY,,NO JUNCTION INVOLVED,STRAIGHT/LEVEL,ASPHALT,UNSAFE BACKING,BACKING CRASH,SBASSWOODCIR,NONE,2021-07-06 15:32:00
1740,BLOOMINGTON PD,BLOOMINGTON,2,0.0,0.0,0,0,,,,SR 46,S PETE ELLIS DR,,,,39.16424,-86.495088,LOCAL/CITY ROAD,N,URBAN,N,N,N,,DAYLIGHT,CLEAR,DRY,,NO JUNCTION INVOLVED,STRAIGHT/LEVEL,ASPHALT,FOLLOWING TOO CLOSELY,REAR END,E3RDSTPETEELLISDR,LANE CONTROL,2021-07-06 16:44:00
1741,INDIANA UNIV BLOOMINGTON PD,BLOOMINGTON,2,0.0,0.0,0,0,,,,SR 46,SR 45,,,,0.0,0.0,STATE ROAD,N,URBAN,N,N,N,,DAWN/DUSK,RAIN,WATER (STANDING OR MOVING),,FOUR-WAY INTERSECTION,STRAIGHT/LEVEL,ASPHALT,SPEED TOO FAST FOR WEATHER CONDITIONS,REAR END,SR45SR46,LANE CONTROL,2021-07-06 17:59:00
1742,MONROE SD,BLOOMINGTON,1,0.0,0.0,0,1,,,,SR 37,,,2000.0,N,39.07653458,-86.53611405,STATE ROAD,N,RURAL,N,N,N,,DAYLIGHT,CLEAR,DRY,,FOUR-WAY INTERSECTION,STRAIGHT/LEVEL,ASPHALT,ANIMAL/OBJECT IN ROADWAY,COLLISION WITH DEER,ESMITHVILLERDSR37S,NONE,2021-07-06 19:51:00
1743,BLOOMINGTON PD,BLOOMINGTON,2,0.0,0.0,0,0,,,,W 3RD ST,S LANDMARK AVE,,,,39.164416,-86.556302,LOCAL/CITY ROAD,N,URBAN,N,N,N,,DAYLIGHT,CLEAR,DRY,,FOUR-WAY INTERSECTION,STRAIGHT/GRADE,ASPHALT,FOLLOWING TOO CLOSELY,REAR END,3RDSTLANDMARKAVE,TRAFFIC CONTROL SIGNAL,2021-07-05 09:24:00
1744,ISP BLOOMINGTON 33,BLOOMINGTON,2,,0.0,0,0,,,,SR 37,S OLD SR 37,,0.0,,39.08533417,-86.54288954,STATE ROAD,,RURAL,N,N,N,,DAYLIGHT,CLEAR,DRY,,FOUR-WAY INTERSECTION,,ASPHALT,FOLLOWING TOO CLOSELY,REAR END,SR37SOldStateRoad37,,2021-07-05 11:46:00
1745,BLOOMINGTON PD,BLOOMINGTON,2,0.0,0.0,0,0,,,,S LEONARD SPRINGS RD,W FAIRINGTON DR,,400.0,N,39.17725279,-86.582605,LOCAL/CITY ROAD,N,URBAN,N,N,N,,DAYLIGHT,CLEAR,DRY,,NO JUNCTION INVOLVED,STRAIGHT/GRADE,ASPHALT,FOLLOWING TOO CLOSELY,REAR END,SLEONARDSPRINGSDRWBARGELN,NONE,2021-07-05 17:40:00
1746,BLOOMINGTON PD,BLOOMINGTON,1,0.0,0.0,0,0,3939,,,SR 48,S CURRY PIKE,,,,39.164832,-86.582048,LOCAL/CITY ROAD,N,URBAN,N,N,N,,DARK (LIGHTED),CLEAR,DRY,,T-INTERSECTION,STRAIGHT/LEVEL,ASPHALT,UNSAFE SPEED,RAN OFF ROAD,W3RDST,NONE,2021-07-04 02:27:00
1747,DNR LAW ENFORCEMENT,BLOOMINGTON,2,,1.0,0,0,,,,SR 446,PAYNETOWN RD,,0.0,,39.09139239,-86.42295725,STATE ROAD,,RURAL,N,N,N,,DAYLIGHT,CLEAR,DRY,,T-INTERSECTION,,ASPHALT,FAILURE TO YIELD RIGHT OF WAY,LEFT TURN,StateRd446PaynetownRd,,2021-07-04 11:08:00
1748,MONROE SD,BLOOMINGTON,1,0.0,0.0,0,0,,,,S GARRISON CHAPEL RD,SR 45,,100.0,S,39.111024,-86.638304,COUNTY ROAD,N,RURAL,N,N,N,,DARK (NOT LIGHTED),CLEAR,DRY,,NO JUNCTION INVOLVED,STRAIGHT/LEVEL,ASPHALT,RAN OFF ROAD RIGHT,RAN OFF ROAD,SGARRISONCHAPELRDSR45W,NONE,2021-07-04 22:21:00
1749,ISP BLOOMINGTON 33,BLOOMINGTON,2,,0.0,0,0,,Y,NB,I-69 N,W 3RD ST,,739.0,,39.16734863,-86.57262988,INTERSTATE,,URBAN,N,N,N,,DAYLIGHT,CLEAR,DRY,,RAMP,,ASPHALT,FAILURE TO YIELD RIGHT OF WAY,SAME DIRECTION SIDESWIPE,I-69117.5,,2021-07-03 10:15:00
1750,INDIANA UNIV BLOOMINGTON PD,BLOOMINGTON,1,0.0,0.0,0,0,XXX,,,SR 45/46,ENTRANCE TO IU PARKING LOT 11,,,,0.0,0.0,UNKNOWN,N,URBAN,N,N,N,,DAYLIGHT,CLEAR,DRY,,T-INTERSECTION,STRAIGHT/LEVEL,ASPHALT,OTHER (DRIVER) - EXPLAIN IN NARRATIVE,OTHER - EXPLAIN IN NARRATIVE,4546BYP,NONE,2021-07-03 12:06:00
1751,DNR LAW ENFORCEMENT,BLOOMINGTON,1,,0.0,0,1,,,,SR 446,,,1003.0,S,39.08287239,-86.42022887,STATE ROAD,,RURAL,N,Y,N,,DAYLIGHT,CLEAR,DRY,,NO JUNCTION INVOLVED,,ASPHALT,ANIMAL/OBJECT IN ROADWAY,COLLISION WITH DEER,StateRd446RushRidgeRd,,2021-07-03 12:09:00
1752,DNR LAW ENFORCEMENT,BLOOMINGTON,2,,0.0,0,0,,,,S LAST HORSE LN,E TOWER RIDGE RD,,0.0,,39.01485106,-86.40056107,COUNTY ROAD,,RURAL,N,N,N,,DAYLIGHT,CLEAR,LOOSE MATERIAL ON ROAD,,T-INTERSECTION,,GRAVEL,OTHER (DRIVER) - EXPLAIN IN NARRATIVE,OTHER - EXPLAIN IN NARRATIVE,TowerRidgeRdLastHorseLn,,2021-07-03 12:29:00
1753,BLOOMINGTON PD,BLOOMINGTON,2,0.0,0.0,0,0,901,,,N LINDBERGH DR,,,,,39.174792,-86.552848,LOCAL/CITY ROAD,Y,URBAN,N,N,N,,DAYLIGHT,CLEAR,DRY,,NO JUNCTION INVOLVED,NON-ROADWAY CRASH,GRAVEL,OTHER (DRIVER) - EXPLAIN IN NARRATIVE,OTHER - EXPLAIN IN NARRATIVE,NLINDBERGHDR,NONE,2021-07-03 17:26:00
1754,MONROE SD,BLOOMINGTON,2,0.0,0.0,0,0,,,,I-69 S,SR 37,,,,0.0,0.0,INTERSTATE,Y,RURAL,N,Y,N,,DAYLIGHT,CLEAR,DRY,,INTERCHANGE,STRAIGHT/LEVEL,ASPHALT,UNSAFE LANE MOVEMENT,SAME DIRECTION SIDESWIPE,I69S114.0,NONE,2021-07-03 17:58:00