_id,Agency,City,Vehicles Involved,Trailers Involved,Number Injured,Number Dead,Number Deer,House Number,Roadway Interchange,Roadway Ramp,Roadway Id,Intersecting Road,Interchange,Feet From,Direction,Latitude,Longitude,Roadway Class,Hit and Run?,Locality,School Zone?,Rumble Strips?,Construction?,Construction Type,Light Condition,Weather Conditions,Surface Condition,Type of Median,Roadway Junction Type,Road Character,Roadway Surface,Primary Factor,Manner of Collision,Unique Location Id,Traffic Control,DateTime
1755,MONROE SD,STINESVILLE,1,0.0,1.0,0,0,,,,N WALKER LN,W ELM ST,,203.0,E,0.0,0.0,LOCAL/CITY ROAD,N,RURAL,N,N,N,,DAYLIGHT,CLOUDY,DRY,,NO JUNCTION INVOLVED,CURVE/GRADE,ASPHALT,RAN OFF ROAD RIGHT,RAN OFF ROAD,NORTHEASTSTNORTHWALKERLN,NONE,2021-07-03 18:50:00
1756,BLOOMINGTON PD,BLOOMINGTON,2,0.0,0.0,0,0,,,,E SMITH AVE,S DUNN ST,,50.0,E,,,LOCAL/CITY ROAD,Y,URBAN,N,N,N,,UNKNOWN,CLEAR,DRY,,NO JUNCTION INVOLVED,STRAIGHT/LEVEL,ASPHALT,UNSAFE LANE MOVEMENT,SAME DIRECTION SIDESWIPE,ESMITHAVESDUNNST,NONE,2021-07-03 21:10:00
1757,MONROE SD,BLOOMINGTON,2,0.0,0.0,0,0,,,,S SNODDY RD,E BLUEBIRD LN,,,,39.131603,-86.489606,COUNTY ROAD,N,RURAL,N,N,N,,DAYLIGHT,CLEAR,DRY,,T-INTERSECTION,STRAIGHT/HILLCREST,ASPHALT,FAILURE TO YIELD RIGHT OF WAY,LEFT TURN,EASTBLUEBIRDLNSOUTHSNODDYRD,NONE,2021-07-02 06:35:00
1758,BLOOMINGTON PD,BLOOMINGTON,2,0.0,1.0,0,0,,,,S SMITH RD,E BRIGHTON CREST,,,,39.157551,-86.480642,LOCAL/CITY ROAD,N,URBAN,N,N,N,,DAYLIGHT,CLEAR,DRY,,FOUR-WAY INTERSECTION,STRAIGHT/LEVEL,ASPHALT,FOLLOWING TOO CLOSELY,REAR END,BRIGHTONCRESSSMITHROADRD,LANE CONTROL,2021-07-02 08:55:00
1759,MONROE SD,BLOOMINGTON,1,0.0,1.0,0,0,,,,S WICKENS ST,W RANGEVIEW CIR,,,,0.0,0.0,LOCAL/CITY ROAD,N,URBAN,N,N,N,,DAYLIGHT,CLOUDY,DRY,,NO JUNCTION INVOLVED,STRAIGHT/GRADE,ASPHALT,OBSTRUCTION NOT MARKED,COLLISION WITH OBJECT IN ROAD,SOUTHWICKENSSTWESTRANGEVIEWCIR,NONE,2021-07-02 09:05:00
1760,ISP BLOOMINGTON 33,ELLETTSVILLE,2,,1.0,0,0,,,,SR 46,N SMITH PIKE,,0.0,,39.2104499,-86.58345626,STATE ROAD,,RURAL,N,N,N,,DAYLIGHT,CLOUDY,DRY,,FOUR-WAY INTERSECTION,,ASPHALT,UNSAFE SPEED,REAR END,StateRd46NSmithPike,,2021-07-02 09:37:00
1761,BLOOMINGTON PD,BLOOMINGTON,2,0.0,0.0,0,0,,,,SR 45,S LEONARD SPRINGS RD,,,,39.122404,-86.614233,LOCAL/CITY ROAD,N,URBAN,N,N,N,,DAYLIGHT,CLEAR,DRY,,FOUR-WAY INTERSECTION,STRAIGHT/LEVEL,ASPHALT,DISREGARD SIGNAL/REG SIGN,REAR END,LEONARDSPRINGSRDSTATERD45RD,TRAFFIC CONTROL SIGNAL,2021-07-02 12:55:00
1762,BLOOMINGTON PD,BLOOMINGTON,2,0.0,0.0,0,0,,,,SR 45/46,N WALNUT ST,,100.0,E,39.18636592,-86.53404709,STATE ROAD,N,URBAN,N,N,N,,DAYLIGHT,CLEAR,DRY,,NO JUNCTION INVOLVED,STRAIGHT/LEVEL,ASPHALT,FOLLOWING TOO CLOSELY,REAR END,NWALNUTSTSR45E,LANE CONTROL,2021-07-02 13:06:00
1763,BLOOMINGTON PD,BLOOMINGTON,2,1.0,0.0,0,0,,,,S COLLEGE AVE,W 3RD ST,,,,39.164609,-86.534898,LOCAL/CITY ROAD,N,URBAN,N,N,N,,DAYLIGHT,CLEAR,DRY,,FOUR-WAY INTERSECTION,STRAIGHT/LEVEL,ASPHALT,IMPROPER LANE USAGE,RIGHT ANGLE,SCOLLEGEAVEWTHIRDST,TRAFFIC CONTROL SIGNAL,2021-07-02 14:46:00
1764,MONROE SD,BLOOMINGTON,2,0.0,0.0,0,0,,,,SR 45,W HINDS RD (NE),,,,39.099152,-86.652,STATE ROAD,N,RURAL,N,Y,N,,DAYLIGHT,CLEAR,DRY,,T-INTERSECTION,CURVE/GRADE,ASPHALT,FOLLOWING TOO CLOSELY,REAR END,SR45WWHINDSRD,NONE,2021-07-02 17:40:00
1765,MONROE SD,BLOOMINGTON,1,0.0,0.0,0,0,,,,SR 45,S LIBERTY DR,,200.0,E,0.0,0.0,LOCAL/CITY ROAD,Y,URBAN,N,N,N,,DAYLIGHT,CLEAR,DRY,,FOUR-WAY INTERSECTION,STRAIGHT/LEVEL,ASPHALT,DRIVER DISTRACTED - EXPLAIN IN NARRATIVE,OTHER - EXPLAIN IN NARRATIVE,LIBERTYDRWBLOOMFIELDRD,LANE CONTROL,2021-07-02 18:47:00
1766,BLOOMINGTON PD,BLOOMINGTON,2,0.0,1.0,0,0,,,,W 11TH ST,N FAIRVIEW ST,,,,39.173152,-86.5408,LOCAL/CITY ROAD,N,URBAN,N,N,N,,DAWN/DUSK,CLEAR,DRY,,NO JUNCTION INVOLVED,CURVE/GRADE,ASPHALT,UNSAFE SPEED,HEAD ON BETWEEN TWO MOTOR VEHICLES,NFAIRVIEWSTW11THST,NONE,2021-07-02 20:39:00
1767,MONROE SD,BLOOMINGTON,1,0.0,1.0,0,0,4630,,,SR 446,,,2500.0,W,39.09876447,-86.42466057,STATE ROAD,N,RURAL,N,N,N,,DARK (NOT LIGHTED),CLEAR,DRY,,NO JUNCTION INVOLVED,CURVE/GRADE,ASPHALT,SPEED TOO FAST FOR WEATHER CONDITIONS,RAN OFF ROAD,EASTMERRITTLNSR446S,NONE,2021-07-01 05:45:00
1768,BLOOMINGTON PD,BLOOMINGTON,2,0.0,0.0,0,0,321,,,S GRANT ST,ALLEY,,75.0,S,39.16464,-86.529728,LOCAL/CITY ROAD,N,URBAN,N,N,N,,DAYLIGHT,RAIN,WET,,NO JUNCTION INVOLVED,STRAIGHT/LEVEL,ASPHALT,IMPROPER PASSING,SAME DIRECTION SIDESWIPE,300SGRANTSTE3RDST,NONE,2021-07-01 08:09:00
1769,BLOOMINGTON PD,BLOOMINGTON,2,0.0,1.0,0,0,,,,S PATTERSON DR,W ALLEN ST,,,,39.155641,-86.543337,LOCAL/CITY ROAD,N,URBAN,N,N,N,,DAYLIGHT,RAIN,WET,,FOUR-WAY INTERSECTION,CURVE/GRADE,ASPHALT,FOLLOWING TOO CLOSELY,REAR END,ALLENSTPATTERSONDR,TRAFFIC CONTROL SIGNAL,2021-07-01 08:45:00
1770,ISP BLOOMINGTON 33,ELLETTSVILLE,2,,0.0,0,0,,,,SR 46,N MATTHEWS DR (N),,0.0,,39.23597457,-86.6249798,STATE ROAD,,URBAN,N,N,N,,DAYLIGHT,RAIN,WET,,FOUR-WAY INTERSECTION,,ASPHALT,UNSAFE SPEED,REAR END,StateRoad46NMathewsDr,,2021-07-01 10:40:00
1771,MONROE SD,BLOOMINGTON,2,1.0,0.0,0,0,,,,SR 45,S LIBERTY DR,,,,39.145152,-86.5776,STATE ROAD,N,URBAN,N,N,N,,DAYLIGHT,CLOUDY,DRY,,FIVE POINT OR MORE,STRAIGHT/LEVEL,ASPHALT,OTHER (DRIVER) - EXPLAIN IN NARRATIVE,BACKING CRASH,SOUTHLIBERTYDRSR45W,TRAFFIC CONTROL SIGNAL,2021-07-01 14:05:00
1772,BLOOMINGTON PD,BLOOMINGTON,2,0.0,1.0,0,0,,,,SR 45,S CURRY PIKE,,,,39.1420168,-86.5825852,LOCAL/CITY ROAD,N,URBAN,N,N,N,,DAYLIGHT,CLEAR,DRY,,FOUR-WAY INTERSECTION,STRAIGHT/GRADE,CONCRETE,DISREGARD SIGNAL/REG SIGN,OPPOSITE DIRECTION SIDESWIPE,SCURRYPIKEWSR45RD,NONE,2021-07-01 14:13:00
1773,BLOOMINGTON PD,BLOOMINGTON,3,0.0,0.0,0,0,,,,W 3RD ST,S CORY LN,,,,39.164544,-86.560096,LOCAL/CITY ROAD,N,URBAN,N,N,N,,DAYLIGHT,CLEAR,DRY,,FOUR-WAY INTERSECTION,STRAIGHT/LEVEL,ASPHALT,FOLLOWING TOO CLOSELY,REAR END,SCORYLNW3RDST,TRAFFIC CONTROL SIGNAL,2021-07-01 14:16:00
1774,MONROE SD,BLOOMINGTON,1,0.0,0.0,0,0,,,,SR 37,W DILLMAN RD,,,,39.092976,-86.545648,STATE ROAD,N,URBAN,N,Y,Y,LANE CLOSURE,DAYLIGHT,CLEAR,DRY,,FOUR-WAY INTERSECTION,STRAIGHT/GRADE,ASPHALT,RAN OFF ROAD RIGHT,RAN OFF ROAD,DILLMANRDSR37S,LANE CONTROL,2021-07-01 14:39:00
1775,BLOOMINGTON PD,BLOOMINGTON,2,0.0,2.0,0,0,,,,S WALNUT ST,E MILLER DR,,,,39.146944,-86.532544,LOCAL/CITY ROAD,N,URBAN,N,N,N,,DAYLIGHT,CLEAR,DRY,,T-INTERSECTION,STRAIGHT/GRADE,ASPHALT,FAILURE TO YIELD RIGHT OF WAY,RIGHT ANGLE,EASTMILLERDRSOUTHWALNUTST,TRAFFIC CONTROL SIGNAL,2021-07-01 15:30:00
1776,MONROE SD,BLOOMINGTON,2,0.0,0.0,0,0,,,,E ROBINSON RD,,,658.0,N,39.31035592,-86.443184,LOCAL/CITY ROAD,N,RURAL,N,N,N,,DAYLIGHT,CLOUDY,DRY,,NO JUNCTION INVOLVED,CURVE/GRADE,ASPHALT,LEFT OF CENTER,OPPOSITE DIRECTION SIDESWIPE,ENEHRTRDEROBINSONRD,NONE,2021-07-01 17:34:00
1777,BLOOMINGTON PD,BLOOMINGTON,2,0.0,1.0,0,0,,,,N GATES DR,W JACOB DR,,,,39.165635,-86.575984,LOCAL/CITY ROAD,N,URBAN,N,N,N,,DAYLIGHT,CLEAR,DRY,,T-INTERSECTION,STRAIGHT/LEVEL,ASPHALT,FAILURE TO YIELD RIGHT OF WAY,LEFT TURN,NGATESDRWJACOBDR,STOP SIGN,2021-07-01 17:34:00
1778,BLOOMINGTON PD,BLOOMINGTON,2,0.0,1.0,0,0,,,,S LEONARD SPRINGS RD,W MAYBURY MALL,,,,0.0,0.0,LOCAL/CITY ROAD,N,URBAN,N,N,N,,DAWN/DUSK,CLEAR,DRY,,T-INTERSECTION,STRAIGHT/GRADE,ASPHALT,IMPROPER LANE USAGE,OPPOSITE DIRECTION SIDESWIPE,SLEONARDSPRINGSRDWMAYBURYMALL,NONE,2021-07-01 20:52:00
1779,MONROE SD,BLOOMINGTON,1,0.0,0.0,0,0,4170,,,W OLD SR 37,,,200.0,N,39.208048,-86.528704,COUNTY ROAD,N,RURAL,N,N,N,,DAYLIGHT,RAIN,WET,,NO JUNCTION INVOLVED,CURVE/GRADE,ASPHALT,SPEED TOO FAST FOR WEATHER CONDITIONS,RAN OFF ROAD,NDUNNSTNOLDSTATE37RD,LANE CONTROL,2021-06-30 08:40:00
1780,ISP BLOOMINGTON 33,BLOOMINGTON,1,,0.0,0,0,,,,I-69 S,,,0.0,,39.25829421,-86.52491334,INTERSTATE,,RURAL,N,N,N,,DAYLIGHT,RAIN,WET,,NO JUNCTION INVOLVED,,ASPHALT,SPEED TOO FAST FOR WEATHER CONDITIONS,,I-69129.5,,2021-06-30 08:48:00
1781,ISP BLOOMINGTON 33,BLOOMINGTON,1,,1.0,0,0,,,,I-69 S,,,0.0,,39.33002868,-86.51516623,INTERSTATE,,RURAL,N,N,N,,DAYLIGHT,RAIN,WET,,NO JUNCTION INVOLVED,,ASPHALT,SPEED TOO FAST FOR WEATHER CONDITIONS,RAN OFF ROAD,I69130.5,,2021-06-30 10:30:00
1782,BLOOMINGTON PD,BLOOMINGTON,2,0.0,0.0,0,0,,,,W 2ND ST,S PATTERSON DR,,,,39.160737,-86.548536,LOCAL/CITY ROAD,N,URBAN,N,N,N,,DAYLIGHT,CLOUDY,WET,,FOUR-WAY INTERSECTION,STRAIGHT/LEVEL,ASPHALT,FOLLOWING TOO CLOSELY,REAR END,SPATTERSONDRW2NDST,TRAFFIC CONTROL SIGNAL,2021-06-30 10:52:00
1783,BLOOMINGTON PD,BLOOMINGTON,2,0.0,0.0,0,0,,,,E 10TH ST,N GRANT ST,,,,39.171696,-86.529696,LOCAL/CITY ROAD,N,URBAN,N,N,N,,DAYLIGHT,RAIN,WET,,FOUR-WAY INTERSECTION,STRAIGHT/LEVEL,ASPHALT,DISREGARD SIGNAL/REG SIGN,RIGHT ANGLE,E10THSTGRANTST,STOP SIGN,2021-06-30 12:08:00
1784,BLOOMINGTON PD,BLOOMINGTON,2,0.0,0.0,0,0,221,,,W 2ND ST,ENTRANCE TO KROGER (E),,200.0,W,39.16501186,-86.5348251,LOCAL/CITY ROAD,N,URBAN,N,N,N,,DAYLIGHT,CLOUDY,WET,,NO JUNCTION INVOLVED,STRAIGHT/LEVEL,ASPHALT,FAILURE TO YIELD RIGHT OF WAY,LEFT TURN,221W2NDSTSCOLLEGEAVE,LANE CONTROL,2021-06-30 12:23:00
1785,BLOOMINGTON PD,BLOOMINGTON,2,0.0,0.0,0,0,,,,N WALNUT ST,ENTRANCE TO SPEEDWAY GAS STATION,,850.0,N,39.191248,-86.532896,LOCAL/CITY ROAD,N,URBAN,N,N,N,,DAYLIGHT,CLOUDY,WET,,T-INTERSECTION,CURVE/LEVEL,ASPHALT,FOLLOWING TOO CLOSELY,REAR END,NORTHFRITZDRNORTHWALNUTST,LANE CONTROL,2021-06-30 13:16:00
1786,ELLETTSVILLE PD,ELLETTSVILLE,2,1.0,0.0,0,0,,,,SR 46,N LAKEVIEW DR,,,,39.221152,-86.6056,STATE ROAD,Y,URBAN,N,N,N,,DAYLIGHT,CLOUDY,DRY,,NO JUNCTION INVOLVED,STRAIGHT/LEVEL,ASPHALT,FAILURE TO YIELD RIGHT OF WAY,REAR END,LAKEVIEWDRSR46W,LANE CONTROL,2021-06-30 13:50:00
1787,BLOOMINGTON PD,BLOOMINGTON,2,0.0,0.0,0,0,200,,,S COLLEGE AVE,W 3RD ST,,,,39.16464,-86.534816,LOCAL/CITY ROAD,N,URBAN,N,N,N,,DAYLIGHT,CLOUDY,DRY,,NO JUNCTION INVOLVED,STRAIGHT/LEVEL,ASPHALT,FOLLOWING TOO CLOSELY,REAR END,200SCOLLEGEAVEW3RDST,TRAFFIC CONTROL SIGNAL,2021-06-30 14:14:00
1788,BLOOMINGTON PD,BLOOMINGTON,2,0.0,0.0,0,0,,,,E RHORER RD,S WALNUT ST,,,,39.12144,-86.526496,LOCAL/CITY ROAD,N,URBAN,N,N,N,,DAYLIGHT,CLEAR,DRY,,FOUR-WAY INTERSECTION,STRAIGHT/LEVEL,ASPHALT,FOLLOWING TOO CLOSELY,REAR END,ERHORERRDSWALNUTRD,TRAFFIC CONTROL SIGNAL,2021-06-30 14:43:00
1789,ELLETTSVILLE PD,ELLETTSVILLE,1,0.0,0.0,0,0,,,,SR 46,S 1ST ST,,,,39.231367,-86.621314,STATE ROAD,N,URBAN,N,N,N,,DAYLIGHT,CLEAR,DRY,,NO JUNCTION INVOLVED,STRAIGHT/LEVEL,ASPHALT,UNSAFE LANE MOVEMENT,OTHER - EXPLAIN IN NARRATIVE,SOUTHFIRSTSTSR46W,LANE CONTROL,2021-06-30 17:19:00
1790,ISP BLOOMINGTON 33,BLOOMINGTON,2,,0.0,0,0,,,,SR 37,S VICTOR PIKE,,0.0,,39.10623706,-86.55206611,STATE ROAD,,RURAL,N,N,N,,DAYLIGHT,CLEAR,DRY,,NO JUNCTION INVOLVED,,ASPHALT,,RAN OFF ROAD,StateRd37NButcherRd,,2021-06-30 17:50:00
1791,ISP BLOOMINGTON 33,BLOOMINGTON,2,,0.0,0,0,,,,SR 37,S VICTOR PIKE,,0.0,,39.10558067,-86.55106799,STATE ROAD,,URBAN,N,N,N,,DAYLIGHT,CLOUDY,WET,,FOUR-WAY INTERSECTION,,ASPHALT,DRIVER DISTRACTED - EXPLAIN IN NARRATIVE,REAR END,NButcherRdNButcherRd,,2021-06-30 18:22:00
1792,INDIANA UNIV BLOOMINGTON PD,BLOOMINGTON,2,0.0,0.0,0,0,,,,SR 45/46,E DISCOVERY PKWY,,,,39.227137,-86.61521799,STATE ROAD,N,URBAN,N,N,N,,DAYLIGHT,CLEAR,DRY,,T-INTERSECTION,STRAIGHT/LEVEL,ASPHALT,RAN OFF ROAD RIGHT,RAN OFF ROAD,DISCOVERYPKWYSR46E,TRAFFIC CONTROL SIGNAL,2021-06-29 09:43:00
1793,BLOOMINGTON PD,BLOOMINGTON,2,0.0,0.0,0,0,,,,E 3RD ST,S BRYAN AVE,,,,39.16432,-86.50824,LOCAL/CITY ROAD,N,URBAN,N,N,N,,DAYLIGHT,CLEAR,DRY,,T-INTERSECTION,STRAIGHT/LEVEL,ASPHALT,IMPROPER LANE USAGE,SAME DIRECTION SIDESWIPE,E3RDSTSBRYANAVE,TRAFFIC CONTROL SIGNAL,2021-06-29 10:07:00
1794,BLOOMINGTON PD,BLOOMINGTON,1,0.0,0.0,0,0,,,,S HIGH ST,E WEXLEY RD,,,,39.137168,-86.508112,LOCAL/CITY ROAD,N,URBAN,N,N,N,,DAYLIGHT,CLEAR,DRY,,T-INTERSECTION,STRAIGHT/GRADE,ASPHALT,OTHER (DRIVER) - EXPLAIN IN NARRATIVE,OTHER - EXPLAIN IN NARRATIVE,EASTWEXLEYRDSOUTHHIGHST,STOP SIGN,2021-06-29 14:54:00
1795,INDIANA UNIV BLOOMINGTON PD,BLOOMINGTON,2,0.0,0.0,0,0,,,,SR 45/46,E DISCOVERY PKWY,,300.0,N,39.25891098,-86.61521799,STATE ROAD,N,URBAN,N,N,N,,DAYLIGHT,CLEAR,DRY,,FOUR-WAY INTERSECTION,STRAIGHT/LEVEL,ASPHALT,DRIVER DISTRACTED - EXPLAIN IN NARRATIVE,REAR END,DISCOVERYPKWYSR46E,OTHER REGULATORY SIGN/MARKING,2021-06-29 16:10:00
1796,ISP BLOOMINGTON 33,BLOOMINGTON,1,,0.0,0,0,,,,SR 46,N LOWER BIRDIE GALYAN RD,,0.0,,39.16268745,-86.41342275,STATE ROAD,,RURAL,N,Y,N,,DAYLIGHT,CLEAR,DRY,,T-INTERSECTION,,CONCRETE,UNSAFE SPEED,,StateRd46NUpperBirdieGalyanRd,,2021-06-29 16:20:00
1797,INDIANA UNIV BLOOMINGTON PD,BLOOMINGTON,3,0.0,0.0,0,0,,,,SR 45/46,SR 45,,,,0.0,0.0,STATE ROAD,Y,URBAN,,,N,,DAYLIGHT,CLEAR,DRY,,FOUR-WAY INTERSECTION,STRAIGHT/LEVEL,ASPHALT,UNSAFE SPEED,REAR END,SR46UNIONVILLERD,TRAFFIC CONTROL SIGNAL,2021-06-29 17:21:00
1798,ISP BLOOMINGTON 33,BLOOMINGTON,1,,0.0,0,0,,,,SR 45/46,I-69,,0.0,,39.1871097,-86.55763096,STATE ROAD,,URBAN,N,N,N,,DAYLIGHT,CLEAR,DRY,,T-INTERSECTION,,CONCRETE,IMPROPER TURNING,RIGHT TURN,StateRd46I-69,,2021-06-28 10:30:00
1799,BLOOMINGTON PD,BLOOMINGTON,2,0.0,0.0,0,0,,,,W 4TH ST,S MADISON ST,,,,39.16568,-86.537296,LOCAL/CITY ROAD,N,URBAN,N,N,N,,DAWN/DUSK,CLOUDY,DRY,,FOUR-WAY INTERSECTION,STRAIGHT/LEVEL,ASPHALT,FAILURE TO YIELD RIGHT OF WAY,RIGHT ANGLE,SMADISONSTW4THST,STOP SIGN,2021-06-28 12:32:00
1800,BLOOMINGTON PD,BLOOMINGTON,2,0.0,0.0,0,0,,,,S WALNUT ST,W 1ST ST,,,,39.176848,-86.533424,LOCAL/CITY ROAD,Y,URBAN,N,N,N,,DAYLIGHT,CLEAR,WET,,FOUR-WAY INTERSECTION,STRAIGHT/LEVEL,ASPHALT,FOLLOWING TOO CLOSELY,REAR END,SOUTHWALNUTSTWEST1STST,TRAFFIC CONTROL SIGNAL,2021-06-28 13:20:00
1801,BLOOMINGTON PD,BLOOMINGTON,2,0.0,0.0,0,0,,,,E HILLSIDE DR,S NANCY ST,,,,39.150544,-86.511088,LOCAL/CITY ROAD,N,URBAN,N,N,N,,DAYLIGHT,CLEAR,DRY,,FOUR-WAY INTERSECTION,STRAIGHT/GRADE,ASPHALT,FAILURE TO YIELD RIGHT OF WAY,RIGHT ANGLE,EASTHILLSIDEDRSOUTHNANCYST,STOP SIGN,2021-06-28 16:43:00
1802,ELLETTSVILLE PD,ELLETTSVILLE,2,0.0,0.0,0,0,,,,SR 46,N LAKEVIEW DR,,150.0,W,39.2214005,-86.60602245,STATE ROAD,N,URBAN,N,N,N,,DAYLIGHT,CLEAR,DRY,,NO JUNCTION INVOLVED,STRAIGHT/GRADE,ASPHALT,UNSAFE BACKING,RIGHT ANGLE,LAKEVIEWDRSR46W,NONE,2021-06-28 20:07:00
1803,BLOOMINGTON PD,BLOOMINGTON,1,0.0,1.0,0,0,,,,W KIRKWOOD AVE,S COLLEGE AVE,,,,39.16664,-86.5348,LOCAL/CITY ROAD,Y,URBAN,N,N,N,,DARK (LIGHTED),CLEAR,DRY,,FOUR-WAY INTERSECTION,STRAIGHT/LEVEL,ASPHALT,FAILURE TO YIELD RIGHT OF WAY,OTHER - EXPLAIN IN NARRATIVE,SOUTHCOLLEGEAVEWESTKIRKWOODAVE,TRAFFIC CONTROL SIGNAL,2021-06-27 01:27:00
1804,MONROE SD,BLOOMINGTON,2,0.0,1.0,0,0,,,,S WALNUT ST,W DILLMAN RD,,,,39.092972,-86.544156,LOCAL/CITY ROAD,N,URBAN,N,N,N,,DAYLIGHT,CLOUDY,DRY,,FOUR-WAY INTERSECTION,CURVE/GRADE,ASPHALT,FAILURE TO YIELD RIGHT OF WAY,RIGHT ANGLE,DILLMANRDSOLDSTATE37RD,TRAFFIC CONTROL SIGNAL,2021-06-27 13:15:00
1805,ISP BLOOMINGTON 33,BLOOMINGTON,1,,0.0,0,0,,,,I-69 S,,,0.0,,39.33033987,-86.51517679,INTERSTATE,,RURAL,N,N,N,,DAYLIGHT,RAIN,WET,,NO JUNCTION INVOLVED,,ASPHALT,SPEED TOO FAST FOR WEATHER CONDITIONS,RAN OFF ROAD,I-69129.5,,2021-06-27 15:20:00
1806,MONROE SD,BLOOMINGTON,2,0.0,1.0,0,0,,,,I-69 N,,,,,0.0,0.0,INTERSTATE,N,RURAL,N,Y,N,,DAYLIGHT,CLOUDY,DRY,,NO JUNCTION INVOLVED,STRAIGHT/LEVEL,ASPHALT,IMPROPER LANE USAGE,REAR END,I69N129,NONE,2021-06-27 16:58:00
1807,MONROE SD,BLOOMINGTON,2,0.0,0.0,0,0,,,,SR 46,E KINGS RD,,,,39.166592,-86.455123,STATE ROAD,N,RURAL,N,N,N,,DAYLIGHT,RAIN,WET,,T-INTERSECTION,CURVE/GRADE,ASPHALT,FOLLOWING TOO CLOSELY,REAR END,KINGSRDSR46E,NONE,2021-06-27 17:15:00
1808,BLOOMINGTON PD,BLOOMINGTON,2,0.0,0.0,0,0,,,,W 6TH ST,N COLLEGE AVE,,,,39.167648,-86.534784,LOCAL/CITY ROAD,Y,URBAN,N,N,N,,DAYLIGHT,CLEAR,DRY,,FOUR-WAY INTERSECTION,STRAIGHT/LEVEL,ASPHALT,OTHER (VEHICLE) - EXPLAIN IN NARRATIVE,BACKING CRASH,NCOLLEGEAVEW6THST,TRAFFIC CONTROL SIGNAL,2021-06-27 19:21:00
1809,BLOOMINGTON PD,BLOOMINGTON,2,0.0,0.0,0,0,,,,S COLLEGE AVE,W KIRKWOOD AVE,,,,39.16664,-86.5348,LOCAL/CITY ROAD,N,URBAN,N,N,N,,DAYLIGHT,CLEAR,DRY,,FOUR-WAY INTERSECTION,STRAIGHT/LEVEL,ASPHALT,DRIVER DISTRACTED - EXPLAIN IN NARRATIVE,RIGHT ANGLE,SCOLLEGEAVEWKIRKWOODAVE,TRAFFIC CONTROL SIGNAL,2021-06-27 19:45:00
1810,MONROE SD,BLOOMINGTON,1,0.0,0.0,0,0,,,,I-69 S,,,15.0,S,0.0,0.0,INTERSTATE,N,RURAL,N,N,N,,DAYLIGHT,RAIN,WATER (STANDING OR MOVING),,NO JUNCTION INVOLVED,STRAIGHT/LEVEL,ASPHALT,ROADWAY SURFACE CONDITION,RAN OFF ROAD,I69S129.0,LANE CONTROL,2021-06-27 20:40:00
1811,ELLETTSVILLE PD,ELLETTSVILLE,2,0.0,0.0,0,0,,,,SR 46,W RIDGE SPRINGS LN,,,,39.24104,-86.632096,STATE ROAD,N,URBAN,N,N,N,,DAYLIGHT,CLEAR,DRY,,NO JUNCTION INVOLVED,STRAIGHT/HILLCREST,ASPHALT,FAILURE TO YIELD RIGHT OF WAY,SAME DIRECTION SIDESWIPE,RIDGESPRINGSLNSR46W,LANE CONTROL,2021-06-26 08:23:00
1812,BLOOMINGTON PD,BLOOMINGTON,2,0.0,0.0,0,0,,,,W 11TH ST,N ROGERS ST,,,,39.173184,-86.538528,LOCAL/CITY ROAD,N,URBAN,N,N,N,,DAYLIGHT,CLOUDY,DRY,,FOUR-WAY INTERSECTION,STRAIGHT/LEVEL,ASPHALT,OTHER (DRIVER) - EXPLAIN IN NARRATIVE,REAR END,11THSTROGERSST,STOP SIGN,2021-06-26 10:02:00
1813,ELLETTSVILLE PD,ELLETTSVILLE,2,0.0,0.0,0,0,,,,SR 46,,,1056.0,W,39.2523475,-86.65403549,STATE ROAD,N,URBAN,N,N,N,,DAYLIGHT,CLEAR,DRY,,NO JUNCTION INVOLVED,CURVE/LEVEL,ASPHALT,FOLLOWING TOO CLOSELY,REAR END,FLATWOODRDSR46W,LANE CONTROL,2021-06-26 11:50:00
1814,BLOOMINGTON PD,BLOOMINGTON,1,0.0,0.0,0,0,,,,N COLLEGE AVE,W 11TH ST,,,,39.173232,-86.534752,LOCAL/CITY ROAD,N,URBAN,N,N,Y,LANE CLOSURE,DAWN/DUSK,CLEAR,DRY,,FOUR-WAY INTERSECTION,STRAIGHT/GRADE,ASPHALT,OTHER (DRIVER) - EXPLAIN IN NARRATIVE,COLLISION WITH OBJECT IN ROAD,11THSTNCOLLEGEAVE,OTHER,2021-06-26 11:50:00
1815,BLOOMINGTON PD,BLOOMINGTON,2,0.0,0.0,0,0,3911,,,W MAYBURY MALL,W MARKET PL,,,,39.1313458,-86.5809278,LOCAL/CITY ROAD,Y,URBAN,N,N,N,,DAYLIGHT,CLEAR,DRY,,NO JUNCTION INVOLVED,STRAIGHT/LEVEL,CONCRETE,UNSAFE SPEED,BACKING CRASH,WMAYBURYMALL,NONE,2021-06-26 12:25:00
1816,BLOOMINGTON PD,BLOOMINGTON,2,0.0,0.0,0,0,,,,SR 45/46,I-69 S,,150.0,E,39.226352,-86.61410149,STATE ROAD,N,URBAN,N,N,N,,DAYLIGHT,CLOUDY,DRY,,T-INTERSECTION,STRAIGHT/GRADE,ASPHALT,FOLLOWING TOO CLOSELY,REAR END,I69HWYSR46W,LANE CONTROL,2021-06-26 12:38:00