_id,Agency,City,Vehicles Involved,Trailers Involved,Number Injured,Number Dead,Number Deer,House Number,Roadway Interchange,Roadway Ramp,Roadway Id,Intersecting Road,Interchange,Feet From,Direction,Latitude,Longitude,Roadway Class,Hit and Run?,Locality,School Zone?,Rumble Strips?,Construction?,Construction Type,Light Condition,Weather Conditions,Surface Condition,Type of Median,Roadway Junction Type,Road Character,Roadway Surface,Primary Factor,Manner of Collision,Unique Location Id,Traffic Control,DateTime
1879,BLOOMINGTON PD,BLOOMINGTON,2,0.0,0.0,0,0,,,,E WINSLOW RD,S WALNUT ST,,100.0,E,39.136144,-86.528688,LOCAL/CITY ROAD,N,URBAN,N,N,N,,DAYLIGHT,CLEAR,DRY,,NO JUNCTION INVOLVED,STRAIGHT/LEVEL,ASPHALT,FAILURE TO YIELD RIGHT OF WAY,RIGHT ANGLE,EASTWINSLOWRDSOUTHWALNUTST,LANE CONTROL,2021-06-16 16:36:00
1880,MONROE SD,BLOOMINGTON,1,0.0,0.0,0,0,,,,SR 446,E PINE GROVE RD,,,,39.116464,-86.428672,STATE ROAD,N,RURAL,N,N,N,,DAYLIGHT,CLEAR,DRY,,T-INTERSECTION,CURVE/GRADE,ASPHALT,RAN OFF ROAD RIGHT,RAN OFF ROAD,PINEGROVERDSR446S,NONE,2021-06-15 07:59:00
1881,ELLETTSVILLE PD,ELLETTSVILLE,2,0.0,0.0,0,0,,,,SR 46,,,4000.0,E,39.24600354,-86.64279661,STATE ROAD,N,RURAL,N,N,N,,DAYLIGHT,CLEAR,DRY,,NO JUNCTION INVOLVED,STRAIGHT/LEVEL,ASPHALT,LEFT OF CENTER,OPPOSITE DIRECTION SIDESWIPE,FLATWOODSRDSR46W,LANE CONTROL,2021-06-15 08:55:00
1882,BLOOMINGTON PD,BLOOMINGTON,2,0.0,0.0,0,0,,,,E UNIVERSITY ST,S HENDERSON ST,,,,39.16032,-86.527136,LOCAL/CITY ROAD,N,URBAN,N,N,N,,DAYLIGHT,CLEAR,DRY,,FOUR-WAY INTERSECTION,STRAIGHT/GRADE,ASPHALT,FAILURE TO YIELD RIGHT OF WAY,RIGHT ANGLE,EASTUNIVERSITYSTSOUTHHENDERSONST,STOP SIGN,2021-06-15 16:16:00
1883,BLOOMINGTON PD,BLOOMINGTON,2,0.0,0.0,0,0,,,,S WALKER ST,W 2ND ST,,100.0,S,39.15085741,-86.546144,LOCAL/CITY ROAD,N,URBAN,N,N,N,,DAYLIGHT,CLEAR,DRY,,NO JUNCTION INVOLVED,STRAIGHT/LEVEL,ASPHALT,FAILURE TO YIELD RIGHT OF WAY,RIGHT ANGLE,SOUTHWALKERSTWESTSECONDST,NONE,2021-06-15 16:39:00
1884,BLOOMINGTON PD,BLOOMINGTON,2,0.0,1.0,0,0,,,,S WALNUT ST,W GORDON PIKE,,100.0,N,39.12144,-86.526496,LOCAL/CITY ROAD,N,URBAN,N,N,N,,DAYLIGHT,CLEAR,DRY,,FOUR-WAY INTERSECTION,STRAIGHT/LEVEL,CONCRETE,FAILURE TO YIELD RIGHT OF WAY,RIGHT ANGLE,EASTRHORERRDSOUTHWALNUTST,NONE,2021-06-15 17:10:00
1885,BLOOMINGTON PD,BLOOMINGTON,2,0.0,0.0,0,0,,,,S COLLEGE MALL RD,SR 46,,,,39.16424,-86.4984,LOCAL/CITY ROAD,N,URBAN,N,N,N,,DAYLIGHT,CLEAR,DRY,,FOUR-WAY INTERSECTION,STRAIGHT/LEVEL,ASPHALT,FOLLOWING TOO CLOSELY,REAR END,COLLEGEMALLRDE3RDST,TRAFFIC CONTROL SIGNAL,2021-06-14 13:23:00
1886,INDIANA UNIV BLOOMINGTON PD,BLOOMINGTON,2,0.0,0.0,0,0,,,,S SWAIN AVE,E 3RD ST,,,,39.164261,-86.515275,LOCAL/CITY ROAD,N,URBAN,N,N,N,,DAYLIGHT,CLEAR,DRY,,T-INTERSECTION,STRAIGHT/LEVEL,ASPHALT,IMPROPER TURNING,SAME DIRECTION SIDESWIPE,SWAINAVETHIRDST,NONE,2021-06-14 16:40:00
1887,BLOOMINGTON PD,BLOOMINGTON,2,0.0,0.0,0,0,,,,S OAKDALE DR,W BLOOMFIELD RD,,,,39.1497231,-86.5688429,LOCAL/CITY ROAD,Y,URBAN,N,N,N,,DAYLIGHT,CLEAR,DRY,,FOUR-WAY INTERSECTION,STRAIGHT/LEVEL,ASPHALT,IMPROPER TURNING,LEFT TURN,SOAKDALEDRWBLOOMFIELDRD,TRAFFIC CONTROL SIGNAL,2021-06-14 16:48:00
1888,MONROE SD,BLOOMINGTON,1,0.0,0.0,0,0,,,,SR 45,E CHAPEL RD,,100.0,E,0.0,0.0,STATE ROAD,N,RURAL,N,N,N,,DAYLIGHT,CLEAR,DRY,,T-INTERSECTION,CURVE/LEVEL,ASPHALT,RAN OFF ROAD RIGHT,RAN OFF ROAD,ECHAPELRDSR45W,NONE,2021-06-14 19:33:00
1889,MONROE SD,BLOOMINGTON,1,0.0,0.0,0,0,,,,W HOBART RD,S OLD SR 37,,100.0,W,39.01375547,-86.54115176,LOCAL/CITY ROAD,N,RURAL,N,N,N,,DARK (NOT LIGHTED),CLEAR,DRY,,NO JUNCTION INVOLVED,CURVE/GRADE,ASPHALT,RAN OFF ROAD RIGHT,RAN OFF ROAD,HOBARTRDSOLDSR37RD,NONE,2021-06-14 21:46:00
1890,DNR LAW ENFORCEMENT,,1,,1.0,0,0,4850,,,ENRANCE TO PAYNETOWN STATE PARK CAMPGROUND,,,0.0,,39.08227362,-86.43503775,,,RURAL,N,N,N,,DARK (NOT LIGHTED),CLEAR,DRY,,Y-INTERSECTION,,ASPHALT,DRIVER DISTRACTED - EXPLAIN IN NARRATIVE,OTHER - EXPLAIN IN NARRATIVE,STATEROAD446,,2021-06-13 00:30:00
1891,BLOOMINGTON PD,BLOOMINGTON,2,0.0,1.0,0,0,,,,SR 48,W 3RD ST (ENTRANCE TO WHITEHALL CROSSING),,150.0,E,39.164606,-86.57914398,LOCAL/CITY ROAD,N,URBAN,N,N,N,,DAYLIGHT,CLEAR,DRY,,NO JUNCTION INVOLVED,STRAIGHT/GRADE,ASPHALT,FOLLOWING TOO CLOSELY,REAR END,SLIBERTYDRW3RDST,YIELD SIGN,2021-06-13 16:05:00
1892,BLOOMINGTON PD,BLOOMINGTON,3,0.0,0.0,0,0,,,,N COLLEGE AVE,W 6TH ST,,,,39.167648,-86.534784,LOCAL/CITY ROAD,Y,,N,N,N,,DAYLIGHT,CLEAR,DRY,,FOUR-WAY INTERSECTION,STRAIGHT/LEVEL,ASPHALT,UNSAFE LANE MOVEMENT,SAME DIRECTION SIDESWIPE,6THSTCOLLEGEAVE,TRAFFIC CONTROL SIGNAL,2021-06-13 18:30:00
1893,BLOOMINGTON PD,BLOOMINGTON,1,0.0,0.0,0,1,,,,I-69 N,W TAPP RD,,5.0,N,0.0,0.0,INTERSTATE,N,URBAN,N,N,N,,DARK (LIGHTED),CLEAR,DRY,,NO JUNCTION INVOLVED,STRAIGHT/GRADE,ASPHALT,ANIMAL/OBJECT IN ROADWAY,COLLISION WITH DEER,I69N116.0,NONE,2021-06-13 21:25:00
1894,BLOOMINGTON PD,BLOOMINGTON,1,0.0,1.0,0,0,,,,E WINSLOW RD,S WALNUT ST PIKE,,,,39.135969,-86.528794,LOCAL/CITY ROAD,Y,URBAN,N,N,N,,DARK (LIGHTED),CLEAR,DRY,,T-INTERSECTION,STRAIGHT/LEVEL,ASPHALT,UNSAFE SPEED,OTHER - EXPLAIN IN NARRATIVE,EWINSLOWRDSWALNUTSTPIKE,NONE,2021-06-13 23:20:00
1895,BLOOMINGTON PD,BLOOMINGTON,2,0.0,0.0,0,0,,,,W 4TH ST,,,100.0,E,39.165712,-86.542096,LOCAL/CITY ROAD,N,URBAN,N,N,N,,DARK (NOT LIGHTED),CLEAR,DRY,,NO JUNCTION INVOLVED,STRAIGHT/LEVEL,ASPHALT,IMPROPER LANE USAGE,RIGHT ANGLE,SMAPLESTW4THST,NONE,2021-06-12 03:26:00
1896,DNR LAW ENFORCEMENT,BLOOMINGTON,3,,1.0,0,0,,,,CUTRIGHT STATE RECREATION AREA RD,,,0.0,,39.06942627,-86.41577429,STATE ROAD,,RURAL,N,N,N,,DAYLIGHT,CLEAR,DRY,,NO JUNCTION INVOLVED,,CONCRETE,DRIVER DISTRACTED - EXPLAIN IN NARRATIVE,HEAD ON BETWEEN TWO MOTOR VEHICLES,StateRd446,,2021-06-12 06:04:00
1897,MONROE SD,BLOOMINGTON,1,0.0,2.0,0,0,5094,,,SR 45,,,500.0,N,39.23076054,-86.42586167,STATE ROAD,N,RURAL,N,N,N,,DAYLIGHT,CLEAR,DRY,,NO JUNCTION INVOLVED,CURVE/GRADE,ASPHALT,RAN OFF ROAD RIGHT,RAN OFF ROAD,NMOUNTGILEADRDSR45E,NO PASSING ZONE,2021-06-12 08:50:00
1898,MONROE SD,BLOOMINGTON,1,0.0,0.0,0,0,,,,SR 46,N GETTYS CREEK RD,,100.0,W,39.16292863,-86.41477489,STATE ROAD,N,RURAL,N,N,N,,DAYLIGHT,CLEAR,DRY,,T-INTERSECTION,STRAIGHT/LEVEL,ASPHALT,INSECURE/LEAKY LOAD,NON-COLLISION,NGETTYSCREEKRDSR46E,NONE,2021-06-12 14:33:00
1899,MONROE SD,BLOOMINGTON,2,0.0,2.0,0,0,,,,SR 37,W SMITHVILLE RD,,,,39.071056,-86.5356,STATE ROAD,N,RURAL,N,N,N,,DARK (NOT LIGHTED),CLEAR,DRY,,FOUR-WAY INTERSECTION,STRAIGHT/LEVEL,ASPHALT,FAILURE TO YIELD RIGHT OF WAY,RIGHT ANGLE,SMITHVILLERDSR37S,STOP SIGN,2021-06-12 23:35:00
1900,BLOOMINGTON PD,BLOOMINGTON,1,0.0,0.0,0,0,,,,S CURRY PIKE,W ROLL AVE,,100.0,S,39.14716534,-86.582592,LOCAL/CITY ROAD,N,RURAL,N,N,N,,DARK (LIGHTED),CLEAR,DRY,,NO JUNCTION INVOLVED,STRAIGHT/LEVEL,ASPHALT,RAN OFF ROAD RIGHT,RAN OFF ROAD,CURRYPIKEROLLAVE,LANE CONTROL,2021-06-11 03:41:00
1901,MONROE SD,ELLETTSVILLE,2,0.0,0.0,0,0,,,,SR 46,W ARLINGTON RD,,,,39.207648,-86.573792,STATE ROAD,N,URBAN,N,N,N,,DAWN/DUSK,FOG/SMOKE/SMOG,DRY,,FOUR-WAY INTERSECTION,STRAIGHT/LEVEL,ASPHALT,DRIVER DISTRACTED - EXPLAIN IN NARRATIVE,REAR END,NARLINGTONRDSR46W,TRAFFIC CONTROL SIGNAL,2021-06-11 07:18:00
1902,ELLETTSVILLE PD,ELLETTSVILLE,2,0.0,0.0,0,0,,,,SR 46,N BRIAR GATE DR,,70.0,W,39.216569,-86.59632793,STATE ROAD,N,URBAN,N,N,N,,DAYLIGHT,CLEAR,DRY,,NO JUNCTION INVOLVED,STRAIGHT/LEVEL,ASPHALT,FAILURE TO YIELD RIGHT OF WAY,RIGHT ANGLE,BRIARGATEDRSR46W,LANE CONTROL,2021-06-11 11:21:00
1903,BLOOMINGTON PD,BLOOMINGTON,2,0.0,0.0,0,0,,,,SR 48,S GATES DR,,,,0.0,0.0,LOCAL/CITY ROAD,N,URBAN,N,N,N,,DAYLIGHT,CLEAR,DRY,,FOUR-WAY INTERSECTION,STRAIGHT/LEVEL,ASPHALT,IMPROPER LANE USAGE,SAME DIRECTION SIDESWIPE,NGATESDRWTHIRDST,TRAFFIC CONTROL SIGNAL,2021-06-11 12:41:00
1904,BLOOMINGTON PD,BLOOMINGTON,2,0.0,0.0,0,0,,,,S HIGHLAND AVE,E HILLSIDE DR,,300.0,S,39.11881807,-86.516971,LOCAL/CITY ROAD,Y,URBAN,N,N,N,,DAYLIGHT,CLEAR,DRY,,NO JUNCTION INVOLVED,STRAIGHT/GRADE,ASPHALT,IMPROPER LANE USAGE,SAME DIRECTION SIDESWIPE,HIGHLANDAVEHILLSIDEDR,NONE,2021-06-11 14:30:00
1905,ELLETTSVILLE PD,ELLETTSVILLE,2,0.0,0.0,0,0,,,,SR 46,N CENTENNIAL DR,,,,39.210144,-86.5832,STATE ROAD,N,URBAN,N,N,N,,DAYLIGHT,RAIN,WET,,FOUR-WAY INTERSECTION,STRAIGHT/GRADE,ASPHALT,FAILURE TO YIELD RIGHT OF WAY,RIGHT ANGLE,SMITHPIKEPIKESR46W,TRAFFIC CONTROL SIGNAL,2021-06-11 15:54:00
1906,ISP BLOOMINGTON 33,BLOOMINGTON,2,,0.0,0,0,,,,S CURRY PIKE,W GRAND AVE,,0.0,,39.16651717,-86.58299437,LOCAL/CITY ROAD,,URBAN,N,N,N,,DAYLIGHT,RAIN,WET,,T-INTERSECTION,,ASPHALT,FAILURE TO YIELD RIGHT OF WAY,LEFT TURN,WGrandAveSCurryPike,,2021-06-11 16:20:00
1907,MONROE SD,BLOOMINGTON,2,0.0,0.0,0,0,,,,N PROFILE PKWY,W ZENITH DR,,0.0,S,39.170452,-86.592414,LOCAL/CITY ROAD,N,URBAN,N,N,N,,DAYLIGHT,RAIN,WET,,FOUR-WAY INTERSECTION,STRAIGHT/LEVEL,ASPHALT,UNSAFE SPEED,RIGHT ANGLE,NPROFILEPKWYWZENITHDR,STOP SIGN,2021-06-11 16:30:00
1908,MONROE SD,BLOOMINGTON,1,0.0,2.0,0,0,,,,E ROBINSON RD,,,5000.0,W,39.240641,-86.44275178,LOCAL/CITY ROAD,N,URBAN,N,N,N,,DAYLIGHT,CLOUDY,WET,,NO JUNCTION INVOLVED,CURVE/LEVEL,ASPHALT,UNSAFE SPEED,RAN OFF ROAD,ENEHRTRDEROBINSONRD,LANE CONTROL,2021-06-11 17:50:00
1909,BLOOMINGTON PD,BLOOMINGTON,2,0.0,0.0,0,0,,,,W COUNTRY CLUB DR,ENTRANCE TO FAIRWAY APARTMENTS,,200.0,W,39.136219,-86.54480969,LOCAL/CITY ROAD,N,URBAN,N,N,N,,DAYLIGHT,CLEAR,WET,,T-INTERSECTION,STRAIGHT/GRADE,ASPHALT,FOLLOWING TOO CLOSELY,REAR END,SOUTHBANTAAVEWESTCOUNTRYCLUBDR,LANE CONTROL,2021-06-11 18:20:00
1910,BLOOMINGTON PD,BLOOMINGTON,2,0.0,0.0,0,0,,,,S COLLEGE MALL RD,E MOORES PIKE,,,,39.1504793,-86.4983465,LOCAL/CITY ROAD,N,URBAN,N,N,N,,DARK (LIGHTED),CLEAR,DRY,,FOUR-WAY INTERSECTION,STRAIGHT/LEVEL,ASPHALT,FOLLOWING TOO CLOSELY,REAR END,EMOORESPIKESCOLLEGEMALLRD,TRAFFIC CONTROL SIGNAL,2021-06-11 23:55:00
1911,MONROE SD,BLOOMINGTON,2,0.0,0.0,0,0,,,,S DUNLAP RD,,,1000.0,N,39.21343819,-86.619624,COUNTY ROAD,N,RURAL,N,N,N,,DAYLIGHT,CLEAR,DRY,,NO JUNCTION INVOLVED,STRAIGHT/GRADE,ASPHALT,IMPROPER LANE USAGE,OPPOSITE DIRECTION SIDESWIPE,DUNLAPRDISONRD,NONE,2021-06-10 14:46:00
1912,MONROE SD,ELLETTSVILLE,1,0.0,1.0,0,0,,,,N SMITH PIKE,SR 46,,,,0.0,0.0,UNKNOWN,N,RURAL,N,N,N,,DAYLIGHT,CLOUDY,WET,,FOUR-WAY INTERSECTION,STRAIGHT/LEVEL,ASPHALT,UNSAFE SPEED,RAN OFF ROAD,NCENTENNIALDRSR46W,TRAFFIC CONTROL SIGNAL,2021-06-10 19:18:00
1913,BLOOMINGTON PD,BLOOMINGTON,2,0.0,0.0,0,0,,,,W TAPP RD,S ADAMS ST,,,,39.136676,-86.5544,LOCAL/CITY ROAD,N,URBAN,N,N,N,,DAYLIGHT,CLOUDY,DRY,,TRAFFIC CIRCLE/ROUNDABOUT,STRAIGHT/LEVEL,ASPHALT,FAILURE TO YIELD RIGHT OF WAY,REAR END,SADAMSSTWTAPPRD,YIELD SIGN,2021-06-10 22:58:00
1914,MONROE SD,BLOOMINGTON,2,0.0,0.0,0,0,,,,S WESTERN DR,W MIDDLE CT,,100.0,N,39.17005906,-86.586868,LOCAL/CITY ROAD,N,URBAN,N,N,N,,DAYLIGHT,CLOUDY,DRY,,NO JUNCTION INVOLVED,STRAIGHT/LEVEL,ASPHALT,UNSAFE BACKING,BACKING CRASH,SOUTHWESTERNDRWESTMIDDLECT,NONE,2021-06-09 10:40:00
1915,ISP BLOOMINGTON 33,BLOOMINGTON,1,,0.0,0,0,,,,I-69 S,,,0.0,,39.20929338,-86.55397723,INTERSTATE,,URBAN,N,N,N,,DAYLIGHT,RAIN,WET,,NO JUNCTION INVOLVED,,ASPHALT,SPEED TOO FAST FOR WEATHER CONDITIONS,RAN OFF ROAD,I-69121.5,,2021-06-09 13:38:00
1916,MONROE SD,BLOOMINGTON,2,0.0,0.0,0,0,1674,,,E MOFFETT LN,,,,,39.098542,-86.514229,UNKNOWN,N,RURAL,N,N,N,,DAYLIGHT,CLOUDY,DRY,,NO JUNCTION INVOLVED,NON-ROADWAY CRASH,ASPHALT,UNSAFE BACKING,BACKING CRASH,EMOFFETTLN,NONE,2021-06-09 13:48:00
1917,MONROE SD,BLOOMINGTON,2,0.0,0.0,0,0,,,,N HEADLEY RD,N HINKLE RD,,,,39.198039,-86.513288,COUNTY ROAD,N,RURAL,N,N,N,,DAYLIGHT,CLOUDY,DRY,,NO JUNCTION INVOLVED,CURVE/GRADE,ASPHALT,IMPROPER LANE USAGE,OPPOSITE DIRECTION SIDESWIPE,HEADLYRDHINKLERD,NONE,2021-06-09 15:43:00
1918,BLOOMINGTON PD,BLOOMINGTON,2,0.0,1.0,0,0,,,,S LIBERTY DR,ENTRANCE TO BLOOM INSURANCE,,250.0,S,39.149552,-86.575936,LOCAL/CITY ROAD,N,URBAN,N,N,N,,DAYLIGHT,RAIN,WET,,NO JUNCTION INVOLVED,STRAIGHT/LEVEL,CONCRETE,FOLLOWING TOO CLOSELY,REAR END,SLIBERTYDRWCONSTITUTIONAVE,NONE,2021-06-09 15:55:00
1919,MONROE SD,BLOOMINGTON,2,0.0,2.0,0,0,,,,S WALNUT ST PIKE,E RHORER RD,,,,39.12144,-86.526496,LOCAL/CITY ROAD,N,URBAN,N,N,N,,DAYLIGHT,RAIN,WET,,FOUR-WAY INTERSECTION,STRAIGHT/GRADE,ASPHALT,DISREGARD SIGNAL/REG SIGN,RIGHT ANGLE,RHORERRDWALNUTSTREETPIKE,TRAFFIC CONTROL SIGNAL,2021-06-09 16:17:00
1920,INDIANA UNIV BLOOMINGTON PD,BLOOMINGTON,3,0.0,1.0,0,0,,,,SR 45,N PETE ELLIS DR,,,,0.0,0.0,STATE ROAD,N,URBAN,N,N,N,,DAYLIGHT,RAIN,WET,,NO JUNCTION INVOLVED,STRAIGHT/LEVEL,ASPHALT,SPEED TOO FAST FOR WEATHER CONDITIONS,REAR END,RANGERDSR45,NONE,2021-06-09 17:05:00
1921,BLOOMINGTON PD,BLOOMINGTON,3,0.0,2.0,0,0,,,,SR 45,N PETE ELLIS DR,,200.0,E,39.171504,-86.495312,LOCAL/CITY ROAD,N,URBAN,N,N,N,,DAYLIGHT,CLOUDY,WET,,NO JUNCTION INVOLVED,STRAIGHT/LEVEL,ASPHALT,FOLLOWING TOO CLOSELY,LEFT TURN,E10THSTPETEELLISDR,LANE CONTROL,2021-06-09 17:25:00
1922,BLOOMINGTON PD,BLOOMINGTON,2,0.0,0.0,0,0,,,Y,W BLOOMFIELD RD,I-69 N,,,,0.0,0.0,LOCAL/CITY ROAD,N,URBAN,N,N,N,,DAYLIGHT,CLEAR,DRY,,T-INTERSECTION,STRAIGHT/GRADE,ASPHALT,FOLLOWING TOO CLOSELY,SAME DIRECTION SIDESWIPE,INTERSTATE69NORTHBOUNDRAMPSTWESTBLOOMFIELDRD,TRAFFIC CONTROL SIGNAL,2021-06-09 18:43:00
1923,BLOOMINGTON PD,BLOOMINGTON,2,0.0,0.0,0,0,,,,W HOWE ST,S FAIRVIEW ST,,150.0,E,0.0,0.0,LOCAL/CITY ROAD,N,URBAN,N,N,N,,DARK (NOT LIGHTED),CLEAR,DRY,,NO JUNCTION INVOLVED,STRAIGHT/GRADE,ASPHALT,TRAFFIC CONTROL INOPERATIVE/MISSING/OBSC,OTHER - EXPLAIN IN NARRATIVE,2NDSTHOWEST,NONE,2021-06-08 05:40:00
1924,BLOOMINGTON PD,BLOOMINGTON,2,0.0,0.0,0,0,,,,N ROGERS ST,W 8TH ST,,,,39.169584,-86.538576,LOCAL/CITY ROAD,N,URBAN,Y,N,N,,DAYLIGHT,CLOUDY,DRY,,FOUR-WAY INTERSECTION,STRAIGHT/GRADE,ASPHALT,FAILURE TO YIELD RIGHT OF WAY,RIGHT ANGLE,400NROGERSSTW8THST,STOP SIGN,2021-06-08 08:52:00
1925,BLOOMINGTON PD,BLOOMINGTON,1,0.0,1.0,0,0,,,,SR 46,S CLARIZZ BLVD,,,,39.16424,-86.4908,LOCAL/CITY ROAD,N,URBAN,N,N,N,,DAYLIGHT,RAIN,WET,,FOUR-WAY INTERSECTION,STRAIGHT/LEVEL,ASPHALT,FAILURE TO YIELD RIGHT OF WAY,LEFT TURN,E3RDSTSCLARIZZBLVD,TRAFFIC CONTROL SIGNAL,2021-06-08 16:03:00
1926,BLOOMINGTON PD,BLOOMINGTON,2,0.0,2.0,0,0,,,,S LEONARD SPRINGS RD,W TAPP RD,,,,39.13704,-86.582512,LOCAL/CITY ROAD,N,URBAN,N,N,N,,DAYLIGHT,RAIN,WET,,T-INTERSECTION,STRAIGHT/GRADE,ASPHALT,FOLLOWING TOO CLOSELY,REAR END,SLEONARDSPRINGSRDWTAPPRD,NONE,2021-06-08 16:33:00
1927,MONROE SD,BLOOMINGTON,1,0.0,0.0,0,0,,,,S FAIRFAX RD,E SCHACHT RD,,100.0,S,39.09632314,-86.523763,LOCAL/CITY ROAD,N,RURAL,N,Y,N,,DAYLIGHT,CLOUDY,WET,,T-INTERSECTION,CURVE/GRADE,ASPHALT,SPEED TOO FAST FOR WEATHER CONDITIONS,RAN OFF ROAD,ESCHACHTRDSFARIFAXRD,NONE,2021-06-08 17:14:00
1928,BLOOMINGTON PD,BLOOMINGTON,2,0.0,0.0,0,0,,,,S ROGERS ST,W SMITH AVE,,30.0,N,39.16603319,-86.538679,LOCAL/CITY ROAD,N,URBAN,N,N,N,,DAYLIGHT,RAIN,WET,,NO JUNCTION INVOLVED,STRAIGHT/GRADE,ASPHALT,SPEED TOO FAST FOR WEATHER CONDITIONS,SAME DIRECTION SIDESWIPE,SROGERSSTWSMITHAVE,NONE,2021-06-08 17:30:00
1929,BLOOMINGTON PD,BLOOMINGTON,2,0.0,0.0,0,0,500,,,S LIBERTY DR,ENTRANCE TO WHITEHALL PLAZA,,150.0,N,39.17891274,-86.5666167,LOCAL/CITY ROAD,N,URBAN,N,N,N,,DAYLIGHT,RAIN,WET,,FOUR-WAY INTERSECTION,STRAIGHT/GRADE,ASPHALT,FAILURE TO YIELD RIGHT OF WAY,RIGHT ANGLE,500SLIBERTYDRW3RDST,NONE,2021-06-08 18:54:00
1930,INDIANA UNIV BLOOMINGTON PD,BLOOMINGTON,2,0.0,0.0,0,0,,,,E 3RD ST,S SWAIN AVE,,,,39.164261,-86.515275,LOCAL/CITY ROAD,N,URBAN,N,N,N,,DAYLIGHT,CLOUDY,WET,,T-INTERSECTION,STRAIGHT/GRADE,ASPHALT,IMPROPER TURNING,RIGHT ANGLE,SWAINAVETHIRDST,NONE,2021-06-08 18:54:00
1931,ISP BLOOMINGTON 33,BLOOMINGTON,2,,0.0,0,0,,,,SR 46,N CURRY PIKE,,100.0,W,39.19383684,-86.57149262,STATE ROAD,,RURAL,N,N,N,,DAYLIGHT,CLEAR,DRY,,NO JUNCTION INVOLVED,,ASPHALT,FOLLOWING TOO CLOSELY,REAR END,SR46approx100FtwestofCurryPike,,2021-06-07 08:52:00
1932,INDIANA UNIV BLOOMINGTON PD,BLOOMINGTON,3,0.0,0.0,0,0,,,,SR 45/46,E DISCOVERY PKWY,,,,39.227137,-86.61521799,STATE ROAD,N,URBAN,N,N,N,,DAYLIGHT,CLEAR,DRY,,T-INTERSECTION,STRAIGHT/LEVEL,ASPHALT,BRAKE FAILURE OR DEFECTIVE,REAR END,SR46DISCOVERYPKWY,TRAFFIC CONTROL SIGNAL,2021-06-07 12:30:00
1933,ELLETTSVILLE PD,ELLETTSVILLE,2,0.0,3.0,0,0,,,,SR 46,W FLATWOODS RD,,200.0,E,39.25203404,-86.6534396,STATE ROAD,N,URBAN,N,N,N,,DAYLIGHT,CLEAR,DRY,,NO JUNCTION INVOLVED,CURVE/HILLCREST,ASPHALT,LEFT OF CENTER,HEAD ON BETWEEN TWO MOTOR VEHICLES,FLATWOODSRDSR46W,LANE CONTROL,2021-06-07 14:52:00
1934,BLOOMINGTON PD,BLOOMINGTON,2,1.0,0.0,0,0,,,,SR 45/46,N WALNUT ST,,,,39.11216507,-86.53495617,LOCAL/CITY ROAD,N,URBAN,N,N,N,,DAYLIGHT,CLEAR,DRY,,FOUR-WAY INTERSECTION,STRAIGHT/LEVEL,ASPHALT,DISREGARD SIGNAL/REG SIGN,LEFT TURN,COLLEGEAVESR4546RD,TRAFFIC CONTROL SIGNAL,2021-06-07 17:40:00
1935,ISP BLOOMINGTON 33,BLOOMINGTON,1,,0.0,0,0,,,,S VICTOR PIKE,W DILLMAN RD,,0.0,,39.0925352,-86.55936298,COUNTY ROAD,,RURAL,N,N,N,,DAWN/DUSK,CLEAR,DRY,,NO JUNCTION INVOLVED,,ASPHALT,OVERCORRECTING/OVERSTEERING,RAN OFF ROAD,VictorPikesouthofDillmanRoad,,2021-06-06 06:30:00
1936,ISP BLOOMINGTON 33,BLOOMINGTON,2,,0.0,0,0,,Y,120,I-69 S,SR 46,Y,0.0,,39.18201527,-86.55687351,INTERSTATE,,RURAL,N,Y,N,,DAYLIGHT,RAIN,WET,,RAMP,,ASPHALT,UNSAFE LANE MOVEMENT,SAME DIRECTION SIDESWIPE,SR46I-69,,2021-06-06 16:10:00
1937,INDIANA UNIV BLOOMINGTON PD,BLOOMINGTON,1,1.0,0.0,0,0,,,,E 7TH ST,N WOODLAWN AVE,,175.0,E,39.16862571,-86.52277482,LOCAL/CITY ROAD,N,URBAN,N,N,N,,DAYLIGHT,CLOUDY,DRY,,NO JUNCTION INVOLVED,STRAIGHT/LEVEL,ASPHALT,OBSTRUCTION NOT MARKED,OTHER - EXPLAIN IN NARRATIVE,7THSTWOODLAWNAVE,NONE,2021-06-06 16:15:00
1938,BLOOMINGTON PD,BLOOMINGTON,2,0.0,0.0,0,0,,,,S SMITH RD,E MOORES PIKE,,,,39.150206,-86.480449,LOCAL/CITY ROAD,N,URBAN,N,N,N,,DAYLIGHT,RAIN,WET,,NO JUNCTION INVOLVED,STRAIGHT/LEVEL,ASPHALT,FAILURE TO YIELD RIGHT OF WAY,RIGHT ANGLE,EMOORESPIKESSMITHRD,STOP SIGN,2021-06-06 16:50:00
1939,MONROE SD,BLOOMINGTON,2,0.0,0.0,0,0,,,,W WOODYARD RD,,,2100.0,N,39.40369893,-86.5680764,LOCAL/CITY ROAD,N,RURAL,N,N,N,,DAYLIGHT,CLOUDY,WET,,NO JUNCTION INVOLVED,STRAIGHT/GRADE,ASPHALT,UNSAFE SPEED,REAR END,WGRIFFITHCTWWOODYARDRD,NONE,2021-06-06 18:30:00
1940,BLOOMINGTON PD,BLOOMINGTON,2,0.0,0.0,0,0,,,,N LINCOLN ST,E 7TH ST,,,,39.16864,-86.530992,LOCAL/CITY ROAD,Y,,N,N,N,,DARK (LIGHTED),CLEAR,DRY,,FOUR-WAY INTERSECTION,STRAIGHT/LEVEL,ASPHALT,OTHER (DRIVER) - EXPLAIN IN NARRATIVE,REAR END,7THSTNLINCOLNST,NONE,2021-06-05 03:00:00