_id,Agency,City,Vehicles Involved,Trailers Involved,Number Injured,Number Dead,Number Deer,House Number,Roadway Interchange,Roadway Ramp,Roadway Id,Intersecting Road,Interchange,Feet From,Direction,Latitude,Longitude,Roadway Class,Hit and Run?,Locality,School Zone?,Rumble Strips?,Construction?,Construction Type,Light Condition,Weather Conditions,Surface Condition,Type of Median,Roadway Junction Type,Road Character,Roadway Surface,Primary Factor,Manner of Collision,Unique Location Id,Traffic Control,DateTime
1941,ELLETTSVILLE PD,ELLETTSVILLE,1,0.0,0.0,0,0,,,,SR 46,W DEPOT ST,,,,39.232376,-86.620064,STATE ROAD,N,URBAN,N,N,N,,DAYLIGHT,CLEAR,DRY,,T-INTERSECTION,STRAIGHT/LEVEL,ASPHALT,RAN OFF ROAD RIGHT,RAN OFF ROAD,DEPOTRDSR46W,LANE CONTROL,2021-06-05 07:21:00
1942,ELLETTSVILLE PD,ELLETTSVILLE,2,0.0,0.0,0,0,3585,,,SR 46,ENTRANCE TO SPEEDWAY GAS STATION,,,,39.2512,-86.652504,STATE ROAD,Y,URBAN,N,N,N,,DAYLIGHT,CLEAR,DRY,,T-INTERSECTION,STRAIGHT/HILLCREST,ASPHALT,FAILURE TO YIELD RIGHT OF WAY,OPPOSITE DIRECTION SIDESWIPE,SR46W,STOP SIGN,2021-06-05 10:53:00
1943,MONROE SD,BLOOMINGTON,2,0.0,0.0,0,0,,,,N SMITH PIKE,W WOODYARD RD,,,,0.0,0.0,COUNTY ROAD,N,RURAL,N,N,N,,DAYLIGHT,CLEAR,DRY,,T-INTERSECTION,STRAIGHT/LEVEL,ASPHALT,FOLLOWING TOO CLOSELY,REAR END,NSMITHPIKEWWOODYARDRD,STOP SIGN,2021-06-05 15:19:00
1944,MONROE SD,BLOOMINGTON,2,0.0,0.0,0,0,,,,SR 45,W AIRPORT RD,,,,39.1364219,-86.5944056,STATE ROAD,N,RURAL,N,N,N,,DAYLIGHT,CLEAR,DRY,,T-INTERSECTION,STRAIGHT/GRADE,ASPHALT,BRAKE FAILURE OR DEFECTIVE,REAR END,AIRPORTRDSR45W,FLASHING OVERHEAD BEACON,2021-06-05 15:30:00
1945,BLOOMINGTON PD,BLOOMINGTON,2,0.0,0.0,0,0,,,,SR 46,KINGSTON DR S,,40.0,W,39.16424,-86.492944,LOCAL/CITY ROAD,Y,URBAN,N,N,N,,DAYLIGHT,CLEAR,DRY,,NO JUNCTION INVOLVED,STRAIGHT/GRADE,ASPHALT,FOLLOWING TOO CLOSELY,REAR END,E3RDSTSKINGSTONDR,NONE,2021-06-05 18:51:00
1946,BLOOMINGTON PD,BLOOMINGTON,2,0.0,2.0,0,0,,,,SR 45,N WOODBRIDGE DR,,,,39.176848,-86.478192,LOCAL/CITY ROAD,N,URBAN,N,N,N,,DAYLIGHT,CLEAR,DRY,,NO JUNCTION INVOLVED,STRAIGHT/GRADE,ASPHALT,FAILURE TO YIELD RIGHT OF WAY,LEFT TURN,3200E10THSTE10THST,NONE,2021-06-05 19:42:00
1947,MONROE SD,BLOOMINGTON,2,0.0,1.0,0,0,,,,E EARL YOUNG RD,,,500.0,S,39.225536,-86.454592,LOCAL/CITY ROAD,N,RURAL,N,N,N,,DAWN/DUSK,CLEAR,WET,,NO JUNCTION INVOLVED,STRAIGHT/GRADE,ASPHALT,LEFT OF CENTER,HEAD ON BETWEEN TWO MOTOR VEHICLES,EEARLYOUNGRDEWELLSTONDR,NONE,2021-06-04 07:35:00
1948,BLOOMINGTON PD,BLOOMINGTON,3,0.0,1.0,0,0,,,,SR 45,W INDUSTRIAL BLVD,,,,39.143552,-86.580528,STATE ROAD,N,URBAN,N,N,N,,DAYLIGHT,CLEAR,DRY,,FOUR-WAY INTERSECTION,STRAIGHT/GRADE,ASPHALT,FOLLOWING TOO CLOSELY,REAR END,INDUSTRIALDRSR45W,LANE CONTROL,2021-06-04 07:38:00
1949,MONROE SD,ELLETTSVILLE,1,0.0,0.0,0,0,,,,W MEADOWVALE DR,N UNION VALLEY RD,,,,39.2271534,-86.5926429,LOCAL/CITY ROAD,N,URBAN,N,N,N,,DAYLIGHT,CLEAR,DRY,,T-INTERSECTION,STRAIGHT/GRADE,ASPHALT,OTHER (ENVIRONMENTAL) - EXPLAIN IN NARR,COLLISION WITH OBJECT IN ROAD,NUNIONVALLEYRDWMEADOWVALEDR,STOP SIGN,2021-06-04 09:16:00
1950,BLOOMINGTON PD,BLOOMINGTON,2,0.0,1.0,0,0,,,,N MAPLE ST,W 15TH ST,,,,39.17664,-86.542096,LOCAL/CITY ROAD,N,URBAN,N,N,N,,UNKNOWN,CLEAR,DRY,,FOUR-WAY INTERSECTION,STRAIGHT/LEVEL,ASPHALT,FAILURE TO YIELD RIGHT OF WAY,RIGHT ANGLE,NMAPLESTW15THST,STOP SIGN,2021-06-04 09:56:00
1951,BLOOMINGTON PD,BLOOMINGTON,2,0.0,0.0,0,0,,,,N WALNUT ST,W OLD SR 37,,,,39.184544,-86.534592,LOCAL/CITY ROAD,N,URBAN,N,N,N,,DAYLIGHT,CLEAR,DRY,,T-INTERSECTION,STRAIGHT/LEVEL,ASPHALT,IMPROPER TURNING,SAME DIRECTION SIDESWIPE,NCOLLEGEAVENWALNUTAVE,LANE CONTROL,2021-06-04 12:20:00
1952,BLOOMINGTON PD,BLOOMINGTON,2,0.0,0.0,0,0,,,,E WINSLOW RD,S WALNUT ST PIKE,,,,39.136144,-86.528688,LOCAL/CITY ROAD,N,URBAN,N,N,N,,DAYLIGHT,CLEAR,DRY,,FOUR-WAY INTERSECTION,STRAIGHT/LEVEL,ASPHALT,FAILURE TO YIELD RIGHT OF WAY,RIGHT ANGLE,EWINSLOWRDSWALNUTSTREETPIKE,STOP SIGN,2021-06-04 12:35:00
1953,INDIANA UNIV BLOOMINGTON PD,BLOOMINGTON,2,0.0,0.0,0,0,,,,SR 45/46,E 10TH ST,,,,0.0,0.0,STATE ROAD,N,URBAN,N,N,N,,DAYLIGHT,CLEAR,DRY,,NO JUNCTION INVOLVED,STRAIGHT/GRADE,ASPHALT,FOLLOWING TOO CLOSELY,REAR END,SR46UNIONVILLERD,TRAFFIC CONTROL SIGNAL,2021-06-04 13:57:00
1954,MONROE SD,BLOOMINGTON,3,0.0,2.0,0,0,,,,SR 46,E WOODVIEW DR,,,,39.152,-86.3812,STATE ROAD,Y,RURAL,N,N,N,,DAYLIGHT,CLEAR,DRY,,T-INTERSECTION,STRAIGHT/LEVEL,ASPHALT,IMPROPER LANE USAGE,HEAD ON BETWEEN TWO MOTOR VEHICLES,EWOODVIEWDRSR46E,NONE,2021-06-04 15:15:00
1955,BLOOMINGTON PD,BLOOMINGTON,2,0.0,0.0,0,0,,,,SR 45/46,N WALNUT ST,,,,39.186368,-86.5344,STATE ROAD,N,URBAN,N,N,N,,DAYLIGHT,CLEAR,DRY,,FOUR-WAY INTERSECTION,STRAIGHT/LEVEL,ASPHALT,FOLLOWING TOO CLOSELY,REAR END,NWALNUTSTSR46E,TRAFFIC CONTROL SIGNAL,2021-06-04 17:29:00
1956,BLOOMINGTON PD,BLOOMINGTON,2,0.0,1.0,0,0,,,,S LIBERTY DR,W CONSTITUTION AVE,,,,39.149552,-86.575936,LOCAL/CITY ROAD,N,URBAN,N,N,N,,DAYLIGHT,CLEAR,DRY,,T-INTERSECTION,STRAIGHT/GRADE,ASPHALT,FOLLOWING TOO CLOSELY,REAR END,SOUTHLIBERTYDRWESTCONSTITUTIONAVE,LANE CONTROL,2021-06-04 17:34:00
1957,BLOOMINGTON PD,BLOOMINGTON,2,0.0,2.0,0,0,,,,N KINSER PIKE,W PARRISH RD,,,,39.188144,-86.5376,LOCAL/CITY ROAD,N,URBAN,N,N,N,,DAYLIGHT,CLEAR,DRY,,T-INTERSECTION,STRAIGHT/LEVEL,ASPHALT,FAILURE TO YIELD RIGHT OF WAY,LEFT TURN,NKINSERPIKEWPARRISHRD,NONE,2021-06-04 18:39:00
1958,BLOOMINGTON PD,BLOOMINGTON,1,0.0,1.0,0,0,,,,E ARDEN DR,E WINDSOR DR,,,,39.14752,-86.509312,LOCAL/CITY ROAD,Y,URBAN,N,N,N,,DAYLIGHT,CLEAR,DRY,,T-INTERSECTION,CURVE/GRADE,CONCRETE,FAILURE TO YIELD RIGHT OF WAY,OTHER - EXPLAIN IN NARRATIVE,EASTARDENDREASTWINDSORDR,NONE,2021-06-04 18:40:00
1959,BLOOMINGTON PD,BLOOMINGTON,2,0.0,0.0,0,0,,Y,,I-69 N,W BLOOMFIELD RD,,500.0,N,0.0,0.0,INTERSTATE,N,URBAN,N,N,N,,DAYLIGHT,CLEAR,DRY,,NO JUNCTION INVOLVED,STRAIGHT/GRADE,ASPHALT,UNSAFE LANE MOVEMENT,SAME DIRECTION SIDESWIPE,I69NWBLOOMFIELDRD,NONE,2021-06-04 19:38:00
1960,MONROE SD,BLOOMINGTON,1,0.0,0.0,0,0,,,,SR 45,I-69 S,,,,0.0,0.0,LOCAL/CITY ROAD,N,URBAN,N,N,N,,DARK (LIGHTED),CLOUDY,WET,,NO JUNCTION INVOLVED,STRAIGHT/GRADE,ASPHALT,LEFT OF CENTER,COLLISION WITH OBJECT IN ROAD,I69HWYW2NDST,TRAFFIC CONTROL SIGNAL,2021-06-03 01:37:00
1961,BLOOMINGTON PD,BLOOMINGTON,2,0.0,2.0,0,0,,,,S WALNUT ST,E HILLSIDE DR,,,,39.150544,-86.5336,LOCAL/CITY ROAD,N,URBAN,N,N,N,,DAYLIGHT,RAIN,WET,,FOUR-WAY INTERSECTION,STRAIGHT/LEVEL,ASPHALT,DISREGARD SIGNAL/REG SIGN,LEFT TURN,EHILLSIDEDRSWALNUTST,TRAFFIC CONTROL SIGNAL,2021-06-03 11:26:00
1962,INDIANA UNIV BLOOMINGTON PD,BLOOMINGTON,2,0.0,1.0,0,0,,,,SR 45/46,E 10TH ST,,400.0,N,39.17264788,-86.5026808,STATE ROAD,N,URBAN,N,N,N,,DAYLIGHT,RAIN,WET,,NO JUNCTION INVOLVED,STRAIGHT/LEVEL,ASPHALT,OTHER (DRIVER) - EXPLAIN IN NARRATIVE,REAR END,10THSTSR46E,NONE,2021-06-03 11:38:00
1963,MONROE SD,BLOOMINGTON,2,0.0,0.0,0,0,,,,SR 45,,,500.0,W,39.18039878,-86.47587887,STATE ROAD,N,RURAL,N,N,N,,DAYLIGHT,RAIN,WET,,NO JUNCTION INVOLVED,STRAIGHT/LEVEL,ASPHALT,FOLLOWING TOO CLOSELY,REAR END,NPRARIEGREENCTSR45E,LANE CONTROL,2021-06-03 12:27:00
1964,MONROE SD,BLOOMINGTON,2,0.0,0.0,0,0,,,,SR 45,S LIBERTY DR,,,,0.0,0.0,LOCAL/CITY ROAD,N,RURAL,N,N,N,,DAYLIGHT,CLOUDY,WET,,FOUR-WAY INTERSECTION,STRAIGHT/LEVEL,ASPHALT,FOLLOWING TOO CLOSELY,REAR END,SLIBERTYDRW2NDST,TRAFFIC CONTROL SIGNAL,2021-06-03 16:14:00
1965,BLOOMINGTON PD,BLOOMINGTON,2,0.0,2.0,0,0,,,,SR 45/46,N WALUNT ST,,150.0,E,39.226352,-86.61410149,STATE ROAD,N,URBAN,N,N,N,,DAYLIGHT,RAIN,WET,,NO JUNCTION INVOLVED,STRAIGHT/GRADE,ASPHALT,UNSAFE SPEED,REAR END,NWALUNTSTSR46W,NONE,2021-06-03 17:00:00
1966,BLOOMINGTON PD,BLOOMINGTON,2,0.0,2.0,0,0,,,,N WALNUT ST,,,1400.0,S,39.20704,-86.534704,LOCAL/CITY ROAD,N,URBAN,N,N,N,,DAYLIGHT,CLOUDY,WET,,NO JUNCTION INVOLVED,STRAIGHT/LEVEL,ASPHALT,LEFT OF CENTER,HEAD ON BETWEEN TWO MOTOR VEHICLES,NOLDSTATEROAD37RDNWALNUTST,LANE CONTROL,2021-06-03 17:48:00
1967,BLOOMINGTON PD,BLOOMINGTON,1,0.0,0.0,0,0,,,,SR 48,I-69,,,,0.0,0.0,LOCAL/CITY ROAD,N,URBAN,N,N,N,,DARK (LIGHTED),RAIN,WET,,FOUR-WAY INTERSECTION,STRAIGHT/LEVEL,ASPHALT,ROADWAY SURFACE CONDITION,OTHER - EXPLAIN IN NARRATIVE,INTERSTATE69AVEW3RDST,TRAFFIC CONTROL SIGNAL,2021-06-02 00:49:00
1968,BLOOMINGTON PD,BLOOMINGTON,1,0.0,1.0,0,0,,,,S CURRY PIKE,SR 48,,,,39.164544,-86.560096,LOCAL/CITY ROAD,N,URBAN,N,N,N,,DARK (LIGHTED),RAIN,WET,,NO JUNCTION INVOLVED,STRAIGHT/LEVEL,ASPHALT,PEDESTRIAN ACTION,COLLISION WITH OBJECT IN ROAD,SCURRYPIKEW3RDST,TRAFFIC CONTROL SIGNAL,2021-06-02 03:50:00
1969,MONROE SD,BLOOMINGTON,3,0.0,0.0,0,0,,,,SR 45,W DINSMORE RD (NE),,300.0,E,39.11502468,-86.62993448,STATE ROAD,N,RURAL,N,N,N,,DAYLIGHT,RAIN,WET,,NO JUNCTION INVOLVED,CURVE/GRADE,ASPHALT,FOLLOWING TOO CLOSELY,OTHER - EXPLAIN IN NARRATIVE,DINSMORERDSR45W,NONE,2021-06-02 08:18:00
1970,MONROE SD,BLOOMINGTON,2,0.0,0.0,0,0,,,,SR 45,,,500.0,W,39.11501756,-86.62944253,STATE ROAD,N,RURAL,N,N,N,,DAYLIGHT,RAIN,WET,,NO JUNCTION INVOLVED,CURVE/LEVEL,ASPHALT,FOLLOWING TOO CLOSELY,REAR END,DARRELLDRSR45W,NONE,2021-06-02 08:21:00
1971,BLOOMINGTON PD,BLOOMINGTON,2,0.0,0.0,0,0,,,,W BLOOMFIELD RD,S WEIMER RD,,500.0,W,39.15344313,-86.5655823,LOCAL/CITY ROAD,N,URBAN,N,N,N,,DAYLIGHT,RAIN,WET,,NO JUNCTION INVOLVED,CURVE/GRADE,ASPHALT,FAILURE TO YIELD RIGHT OF WAY,LEFT TURN,BLOOMFIELDRDWEIMERRD,LANE CONTROL,2021-06-02 10:30:00
1972,MONROE SD,BLOOMINGTON,2,0.0,0.0,0,0,,,,N SMITH PIKE,W FORREST PARK DR,,,,39.208144,-86.5832,LOCAL/CITY ROAD,N,URBAN,N,N,N,,DAYLIGHT,RAIN,WET,,T-INTERSECTION,STRAIGHT/GRADE,ASPHALT,SPEED TOO FAST FOR WEATHER CONDITIONS,REAR END,FORESTPARKDRSMITHPIKE,NONE,2021-06-02 11:25:00
1973,BLOOMINGTON PD,BLOOMINGTON,2,0.0,0.0,0,0,,,,N CURRY PIKE,S WELMIR DR,,50.0,N,39.17215253,-86.582979,LOCAL/CITY ROAD,N,URBAN,N,N,N,,DAYLIGHT,RAIN,WET,,NO JUNCTION INVOLVED,STRAIGHT/LEVEL,ASPHALT,FOLLOWING TOO CLOSELY,REAR END,NORTHCURRYPIKEWELMIRDR,LANE CONTROL,2021-06-02 13:04:00
1974,ISP BLOOMINGTON 33,BLOOMINGTON,1,,0.0,0,0,,,,I-69 S,,,200.0,,39.20815556,-86.55396259,INTERSTATE,,URBAN,N,N,N,,DAYLIGHT,RAIN,WET,,NO JUNCTION INVOLVED,,ASPHALT,OTHER (DRIVER) - EXPLAIN IN NARRATIVE,RAN OFF ROAD,I69near121MM121.0,,2021-06-02 13:06:00
1975,MONROE SD,BLOOMINGTON,1,0.0,0.0,0,0,,,,SR 48,,,1000.0,W,39.1634378,-86.64580405,STATE ROAD,N,RURAL,N,N,N,,DAYLIGHT,CLOUDY,WET,,NO JUNCTION INVOLVED,CURVE/LEVEL,ASPHALT,RAN OFF ROAD RIGHT,RAN OFF ROAD,SR48WWVERNALPIKE,NONE,2021-06-02 15:42:00
1976,ELLETTSVILLE PD,ELLETTSVILLE,2,0.0,1.0,0,0,,,,N MATTHEWS DR (N),SR 46,,100.0,N,39.23631976,-86.6249632,LOCAL/CITY ROAD,N,URBAN,Y,N,N,,DAYLIGHT,RAIN,WET,,NO JUNCTION INVOLVED,CURVE/LEVEL,ASPHALT,LEFT OF CENTER,OTHER - EXPLAIN IN NARRATIVE,MAINSTMATTHEWSDR,LANE CONTROL,2021-06-02 16:41:00
1977,ELLETTSVILLE PD,ELLETTSVILLE,2,0.0,0.0,0,0,,,,SR 46,W GRANT ST,,,,39.242716,-86.63330499,STATE ROAD,N,URBAN,N,N,N,,DAYLIGHT,CLEAR,DRY,,T-INTERSECTION,CURVE/GRADE,CONCRETE,DRIVER DISTRACTED - EXPLAIN IN NARRATIVE,REAR END,GRANTSTSR46E,STOP SIGN,2021-06-02 16:57:00
1978,ISP BLOOMINGTON 33,BLOOMINGTON,2,,1.0,0,0,,Y,118C,I-69 S,SR 48,,0.0,,39.1649197,-86.57387442,INTERSTATE,,URBAN,N,N,N,,DAYLIGHT,CLOUDY,DRY,,RAMP,,ASPHALT,FAILURE TO YIELD RIGHT OF WAY,REAR END,I69-118-C,,2021-06-02 18:55:00
1979,BLOOMINGTON PD,BLOOMINGTON,2,0.0,0.0,0,0,,,,E WINSLOW RD,S XAVIER CT,,,,39.135989,-86.513442,LOCAL/CITY ROAD,N,URBAN,N,N,N,,DAWN/DUSK,RAIN,WET,,T-INTERSECTION,STRAIGHT/GRADE,ASPHALT,FAILURE TO YIELD RIGHT OF WAY,LEFT TURN,EASTWINSLOWRDSOUTHXAVIERCT,STOP SIGN,2021-06-02 19:45:00
1980,BLOOMINGTON PD,BLOOMINGTON,1,0.0,0.0,0,1,,,,SR 45/46,N MILO B SAMPSON LN,,,,0.0,0.0,STATE ROAD,N,URBAN,N,N,N,,DARK (NOT LIGHTED),CLEAR,DRY,,T-INTERSECTION,STRAIGHT/GRADE,ASPHALT,ANIMAL/OBJECT IN ROADWAY,COLLISION WITH DEER,MILOBSAMPSONBLVDSR4546E,NONE,2021-06-01 00:35:00
1981,MONROE SD,BLOOMINGTON,1,0.0,0.0,0,1,,,,SR 37,,,5280.0,N,39.03438272,-86.53520107,STATE ROAD,N,RURAL,N,N,N,,DAWN/DUSK,CLEAR,DRY,,NO JUNCTION INVOLVED,STRAIGHT/LEVEL,ASPHALT,ANIMAL/OBJECT IN ROADWAY,COLLISION WITH DEER,MONROEDAMRDSR37S,NONE,2021-06-01 06:33:00
1982,ISP BLOOMINGTON 33,BLOOMINGTON,1,,0.0,0,1,,,,SR 37,,,739.0,,39.04813027,-86.53600978,STATE ROAD,,RURAL,N,N,N,,DAYLIGHT,CLOUDY,DRY,,NO JUNCTION INVOLVED,,ASPHALT,ANIMAL/OBJECT IN ROADWAY,COLLISION WITH DEER,ZikesRoadStateRd37,,2021-06-01 07:40:00
1983,BLOOMINGTON PD,BLOOMINGTON,2,0.0,0.0,0,0,,,,I-69 N,W 3RD ST,,,,0.0,0.0,LOCAL/CITY ROAD,N,URBAN,N,N,N,,DAYLIGHT,CLOUDY,DRY,,FOUR-WAY INTERSECTION,STRAIGHT/GRADE,ASPHALT,FOLLOWING TOO CLOSELY,REAR END,3RDSTI69N,YIELD SIGN,2021-06-01 09:14:00
1984,MONROE SD,BLOOMINGTON,2,0.0,0.0,0,0,,,,S CURRY PIKE,W GRAND AVE,,,,39.166489,-86.582976,LOCAL/CITY ROAD,N,URBAN,N,N,N,,DAYLIGHT,CLOUDY,DRY,,T-INTERSECTION,STRAIGHT/LEVEL,ASPHALT,FOLLOWING TOO CLOSELY,REAR END,GRANDAVENCURRYPIKE,NONE,2021-06-01 13:00:00
1985,BLOOMINGTON PD,BLOOMINGTON,3,0.0,0.0,0,0,,,,SR 45/46,N DUNN ST,,100.0,W,39.186352,-86.528496,LOCAL/CITY ROAD,N,URBAN,N,N,N,,DAYLIGHT,CLEAR,DRY,,FOUR-WAY INTERSECTION,STRAIGHT/LEVEL,ASPHALT,FOLLOWING TOO CLOSELY,REAR END,ESTATEROAD4546HWYNDUNNST,TRAFFIC CONTROL SIGNAL,2021-06-01 15:28:00
1986,MONROE SD,BLOOMINGTON,1,0.0,0.0,0,0,,,,W VERNAL PIKE,N THOMAS RD,,,,39.18904,-86.630096,LOCAL/CITY ROAD,N,RURAL,N,N,N,,DAYLIGHT,CLEAR,DRY,,T-INTERSECTION,STRAIGHT/LEVEL,ASPHALT,RAN OFF ROAD RIGHT,RAN OFF ROAD,NTHOMASRDWVERNALPIKE,STOP SIGN,2021-06-01 16:27:00
1987,MONROE SD,BLOOMINGTON,1,0.0,0.0,0,0,,,,N HARTSTRAIT RD,W RATLIFF RD,,,,39.209109,-86.611378,LOCAL/CITY ROAD,N,RURAL,N,N,N,,DAWN/DUSK,RAIN,WET,,T-INTERSECTION,STRAIGHT/GRADE,ASPHALT,UNSAFE SPEED,RAN OFF ROAD,HARTSRAITRDRATLIFFRD,NONE,2021-06-01 20:22:00
1988,MONROE SD,BLOOMINGTON,2,0.0,0.0,0,0,,,,I-69 S,,,,,0.0,0.0,INTERSTATE,Y,RURAL,N,N,N,,DARK (NOT LIGHTED),CLEAR,DRY,,NO JUNCTION INVOLVED,STRAIGHT/LEVEL,ASPHALT,UNSAFE LANE MOVEMENT,REAR END,I69S131.0,LANE CONTROL,2021-05-31 02:52:00
1989,BLOOMINGTON PD,BLOOMINGTON,2,0.0,1.0,0,0,,,,E 3RD ST,S OVERHILL DR,,,,39.164272,-86.501488,LOCAL/CITY ROAD,N,URBAN,N,N,N,,DAYLIGHT,CLEAR,DRY,,T-INTERSECTION,STRAIGHT/GRADE,ASPHALT,FAILURE TO YIELD RIGHT OF WAY,LEFT TURN,E3RDSTSOVERHILLDR,NONE,2021-05-31 13:29:00
1990,BLOOMINGTON PD,BLOOMINGTON,1,0.0,1.0,0,0,,Y,,I-69 N,W 3RD ST,,500.0,S,0.0,0.0,INTERSTATE,N,URBAN,N,N,N,,DAYLIGHT,CLEAR,DRY,,NO JUNCTION INVOLVED,STRAIGHT/GRADE,ASPHALT,RAN OFF ROAD RIGHT,RAN OFF ROAD,I69N118.0,NONE,2021-05-31 17:45:00
1991,INDIANA UNIV BLOOMINGTON PD,BLOOMINGTON,1,0.0,0.0,0,0,,,,E ATWATER AVE,S HENDERSON ST,,200.0,W,39.163149,-86.52724889,LOCAL/CITY ROAD,Y,URBAN,N,N,N,,DARK (LIGHTED),CLEAR,DRY,,NO JUNCTION INVOLVED,CURVE/LEVEL,ASPHALT,RAN OFF ROAD RIGHT,RAN OFF ROAD,ATWATERAVEHENDERSONST,NONE,2021-05-31 21:15:00
1992,ISP BLOOMINGTON 33,ELLETTSVILLE,1,,0.0,0,1,8101,,,SR 46,ENTRANCE TO KEHE DISTRIBUTORS,,0.0,,39.24982289,-86.65103144,STATE ROAD,,RURAL,N,N,N,,DARK (NOT LIGHTED),CLEAR,DRY,,NO JUNCTION INVOLVED,,ASPHALT,ANIMAL/OBJECT IN ROADWAY,COLLISION WITH DEER,StateRd46,,2021-05-31 22:50:00
1993,BLOOMINGTON PD,BLOOMINGTON,3,0.0,0.0,0,0,,,,W KIRKWOOD AVE,N ADAMS ST,,,,39.166816,-86.549488,LOCAL/CITY ROAD,N,URBAN,N,N,N,,DAYLIGHT,CLEAR,DRY,,FOUR-WAY INTERSECTION,STRAIGHT/HILLCREST,ASPHALT,UNSAFE SPEED,REAR END,NADAMSSTWKIRKWOODAVE,TRAFFIC CONTROL SIGNAL,2021-05-30 14:59:00
1994,MONROE SD,BLOOMINGTON,2,0.0,0.0,0,0,,,,E BOLTINGHOUSE RD,E OLD MEYERS RD,,,,39.219064,-86.47303,LOCAL/CITY ROAD,N,RURAL,N,Y,N,,DAYLIGHT,CLEAR,DRY,,T-INTERSECTION,STRAIGHT/HILLCREST,CONCRETE,FAILURE TO YIELD RIGHT OF WAY,RIGHT ANGLE,EBOLTINGHOUSERDEOLDMEYERSRD,STOP SIGN,2021-05-30 15:59:00
1995,ISP BLOOMINGTON 33,BLOOMINGTON,1,,0.0,0,0,,,,I-69 S,N SR 37 BUSINESS,,0.0,,39.23645895,-86.5397351,INTERSTATE,,RURAL,N,N,N,,DAYLIGHT,CLOUDY,DRY,,NO JUNCTION INVOLVED,,ASPHALT,ANIMAL/OBJECT IN ROADWAY,COLLISION WITH OBJECT IN ROAD,I69123.5,,2021-05-29 16:45:00
1996,MONROE SD,BLOOMINGTON,1,0.0,0.0,0,1,,,,SR 46,S FRIENDSHIP RD,,,,39.15571233,-86.407794,STATE ROAD,N,RURAL,N,Y,N,,DAYLIGHT,CLEAR,DRY,,NO JUNCTION INVOLVED,CURVE/LEVEL,ASPHALT,ANIMAL/OBJECT IN ROADWAY,COLLISION WITH DEER,FRIENDSHIPRDSR46E,NONE,2021-05-29 18:20:00
1997,MONROE SD,BLOOMINGTON,1,0.0,0.0,0,0,,,,SR 46,,,1000.0,W,39.16351024,-86.41786097,STATE ROAD,N,RURAL,N,N,N,,DARK (NOT LIGHTED),RAIN,WET,,NO JUNCTION INVOLVED,STRAIGHT/GRADE,ASPHALT,DRIVER ASLEEP OR FATIGUED,RAN OFF ROAD,NGETTYSCREEKRDSR46E,NONE,2021-05-28 00:13:00
1998,BLOOMINGTON PD,BLOOMINGTON,1,0.0,0.0,0,0,,120,S,I-69 S,SR 46,,,,0.0,0.0,INTERSTATE,N,URBAN,N,Y,N,,DARK (LIGHTED),CLEAR,WET,,INTERCHANGE,CURVE/GRADE,ASPHALT,RAN OFF ROAD RIGHT,RAN OFF ROAD,I69S,NONE,2021-05-28 01:19:00
1999,BLOOMINGTON PD,BLOOMINGTON,2,0.0,1.0,0,0,,,,E 3RD ST,S COLLEGE MALL RD,,200.0,N,39.18548174,-86.472159,LOCAL/CITY ROAD,N,URBAN,N,N,N,,DAYLIGHT,CLOUDY,DRY,,FOUR-WAY INTERSECTION,STRAIGHT/GRADE,ASPHALT,FOLLOWING TOO CLOSELY,REAR END,EAST3RDSTEASTSTATEROAD46ST,TRAFFIC CONTROL SIGNAL,2021-05-28 05:54:00
2000,MONROE SD,ELLETTSVILLE,2,0.0,0.0,0,0,,,,N RIDGEWAY DR,W VALLEY VIEW DR (SE),,,,39.239952,-86.606704,LOCAL/CITY ROAD,Y,RURAL,N,N,N,,DAWN/DUSK,CLOUDY,WET,,NO JUNCTION INVOLVED,STRAIGHT/LEVEL,ASPHALT,IMPROPER TURNING,OTHER - EXPLAIN IN NARRATIVE,NRIDGEWAYDRWVALLEYVIEWDR,STOP SIGN,2021-05-28 06:45:00
2001,INDIANA UNIV BLOOMINGTON PD,BLOOMINGTON,1,1.0,0.0,0,0,,,,S HAWTHORNE DR,E ATWATER AVE,,,,39.163089,-86.520197,LOCAL/CITY ROAD,N,URBAN,N,N,N,,DAYLIGHT,RAIN,WET,,FOUR-WAY INTERSECTION,STRAIGHT/LEVEL,ASPHALT,IMPROPER TURNING,RAN OFF ROAD,ATWATERAVEHAWTHORNELN,STOP SIGN,2021-05-28 07:50:00
2002,BLOOMINGTON PD,BLOOMINGTON,3,0.0,1.0,0,0,,,,E MOORES PIKE,S VALLEY FORGE RD,,200.0,W,39.150544,-86.502992,LOCAL/CITY ROAD,N,URBAN,N,N,N,,DAYLIGHT,CLOUDY,DRY,,NO JUNCTION INVOLVED,STRAIGHT/HILLCREST,ASPHALT,FOLLOWING TOO CLOSELY,REAR END,EMOORESPIKESVALLEYFORGERD,NONE,2021-05-28 09:21:00
2003,ISP BLOOMINGTON 33,UNIONVILLE(MONROE),1,,0.0,0,0,,,,SR 45,N RUSSELL RD (N),,200.0,,39.20127719,-86.46745613,STATE ROAD,,RURAL,N,N,N,,DAYLIGHT,RAIN,WET,,RAILROAD CROSSINGS,,ASPHALT,ANIMAL/OBJECT IN ROADWAY,RAN OFF ROAD,StateRd45RussellRd,,2021-05-28 09:40:00