_id,Agency,City,Vehicles Involved,Trailers Involved,Number Injured,Number Dead,Number Deer,House Number,Roadway Interchange,Roadway Ramp,Roadway Id,Intersecting Road,Interchange,Feet From,Direction,Latitude,Longitude,Roadway Class,Hit and Run?,Locality,School Zone?,Rumble Strips?,Construction?,Construction Type,Light Condition,Weather Conditions,Surface Condition,Type of Median,Roadway Junction Type,Road Character,Roadway Surface,Primary Factor,Manner of Collision,Unique Location Id,Traffic Control,DateTime
2004,BLOOMINGTON PD,BLOOMINGTON,2,0.0,1.0,0,0,,,,SR 45,S LIBERTY DR,,,,39.14685525,-86.57709754,LOCAL/CITY ROAD,N,URBAN,N,N,N,,DAYLIGHT,CLOUDY,DRY,,FOUR-WAY INTERSECTION,STRAIGHT/LEVEL,ASPHALT,FOLLOWING TOO CLOSELY,REAR END,LIBERTYDRSR45HWY,TRAFFIC CONTROL SIGNAL,2021-05-28 10:18:00
2005,INDIANA UNIV BLOOMINGTON PD,BLOOMINGTON,2,0.0,0.0,0,0,,,,E 10TH ST,N FEE LN,,,,39.171606,-86.519002,LOCAL/CITY ROAD,N,URBAN,N,N,Y,LANE CLOSURE,DAYLIGHT,CLOUDY,DRY,,T-INTERSECTION,STRAIGHT/GRADE,ASPHALT,ENGINE FAILURE OR DEFECTIVE,BACKING CRASH,FEELNTENTHST,TRAFFIC CONTROL SIGNAL,2021-05-28 12:35:00
2006,BLOOMINGTON PD,BLOOMINGTON,2,0.0,1.0,0,0,,,,N WALNUT ST,W OLD SR 37,,,,39.20704,-86.534704,LOCAL/CITY ROAD,N,URBAN,N,N,N,,DAYLIGHT,RAIN,WET,,FOUR-WAY INTERSECTION,STRAIGHT/GRADE,ASPHALT,FOLLOWING TOO CLOSELY,REAR END,NORTHOLDSTATEROAD37STNORTHWALNUTST,TRAFFIC CONTROL SIGNAL,2021-05-28 13:23:00
2007,ELLETTSVILLE PD,ELLETTSVILLE,2,0.0,0.0,0,0,,,,SR 46,N DEER PARK DR,,200.0,W,39.213301,-86.58664168,STATE ROAD,N,URBAN,N,N,N,,DAYLIGHT,RAIN,WET,,NO JUNCTION INVOLVED,STRAIGHT/LEVEL,ASPHALT,OTHER (DRIVER) - EXPLAIN IN NARRATIVE,REAR END,DEERPARKDRSR4200W,LANE CONTROL,2021-05-28 13:59:00
2008,BLOOMINGTON PD,BLOOMINGTON,2,0.0,1.0,0,0,310,,,W GEORGIA AVE,ENTRANCE TO PARKING GARAGE,,,,39.17441927,-86.53085976,LOCAL/CITY ROAD,N,URBAN,N,N,N,,DAYLIGHT,RAIN,WATER (STANDING OR MOVING),,T-INTERSECTION,STRAIGHT/LEVEL,ASPHALT,FAILURE TO YIELD RIGHT OF WAY,LEFT TURN,W12THST,STOP SIGN,2021-05-28 16:10:00
2009,BLOOMINGTON PD,BLOOMINGTON,1,0.0,0.0,0,0,2545,,,S LEONARD SPRINGS RD,W WALNUT LEAF DR,,,,39.140388,-86.582275,LOCAL/CITY ROAD,N,URBAN,N,N,N,,DAYLIGHT,CLEAR,WET,,NO JUNCTION INVOLVED,STRAIGHT/LEVEL,CONCRETE,UNSAFE LANE MOVEMENT,RAN OFF ROAD,SOUTHLEONARDSPRINGSRD,NONE,2021-05-28 17:03:00
2010,ELLETTSVILLE PD,ELLETTSVILLE,1,0.0,0.0,0,0,,,,SR 46,W FLATWOODS RD,,250.0,W,39.25308909,-86.6542203,STATE ROAD,N,RURAL,N,N,N,,DAYLIGHT,CLOUDY,WET,,NO JUNCTION INVOLVED,CURVE/LEVEL,ASPHALT,OVERCORRECTING/OVERSTEERING,RAN OFF ROAD,FLATWOODSRDSR46W,NONE,2021-05-28 17:24:00
2011,BLOOMINGTON PD,BLOOMINGTON,2,0.0,0.0,0,0,,,,SR 46,S SMITH RD,,,,39.16424,-86.480688,STATE ROAD,N,URBAN,N,N,N,,DAYLIGHT,CLOUDY,WET,,T-INTERSECTION,STRAIGHT/HILLCREST,ASPHALT,FAILURE TO YIELD RIGHT OF WAY,LEFT TURN,SMITHRDSR46E,STOP SIGN,2021-05-28 18:00:00
2012,INDIANA UNIV BLOOMINGTON PD,BLOOMINGTON,2,0.0,3.0,0,0,,,,SR 45/46,E 17TH ST,,,,39.1797431,-86.5073177,STATE ROAD,N,URBAN,N,N,N,,DAYLIGHT,CLOUDY,DRY,,T-INTERSECTION,STRAIGHT/LEVEL,ASPHALT,FAILURE TO YIELD RIGHT OF WAY,LEFT TURN,EAST17THSTSR46,TRAFFIC CONTROL SIGNAL,2021-05-28 18:56:00
2013,ISP BLOOMINGTON 33,ELLETTSVILLE,2,,0.0,0,0,,,,W RICHLAND PLAZA DR,N UNION VALLEY RD,,0.0,,39.21675092,-86.59275037,LOCAL/CITY ROAD,,RURAL,N,N,N,,DAYLIGHT,CLOUDY,DRY,,T-INTERSECTION,,ASPHALT,FAILURE TO YIELD RIGHT OF WAY,LEFT TURN,WRichlandPlazaDrNUnionValleyRd,,2021-05-27 00:00:00
2014,ISP BLOOMINGTON 33,UNIONVILLE(MONROE),1,,1.0,0,0,,,,SR 45,E MARTIN DR,,0.0,,39.20451449,-86.46322335,STATE ROAD,,RURAL,N,N,N,,DAYLIGHT,FOG/SMOKE/SMOG,DRY,,NO JUNCTION INVOLVED,,ASPHALT,UNSAFE SPEED,RAN OFF ROAD,StateRd45NMartinDr,,2021-05-27 08:10:00
2015,ELLETTSVILLE PD,ELLETTSVILLE,2,0.0,0.0,0,0,,,,SR 46,N MATTHEWS DR (N),,,,39.236096,-86.625168,LOCAL/CITY ROAD,N,URBAN,N,N,N,,DAYLIGHT,CLEAR,DRY,,NO JUNCTION INVOLVED,STRAIGHT/LEVEL,ASPHALT,FAILURE TO YIELD RIGHT OF WAY,RIGHT TURN,MAINSTMATTHEWSDR,TRAFFIC CONTROL SIGNAL,2021-05-27 11:25:00
2016,BLOOMINGTON PD,BLOOMINGTON,1,1.0,0.0,0,0,,,,SR 46,S CLARIZZ BLVD,,,,39.16424,-86.4908,LOCAL/CITY ROAD,N,URBAN,N,N,N,,DAYLIGHT,CLEAR,DRY,,T-INTERSECTION,STRAIGHT/LEVEL,ASPHALT,IMPROPER TURNING,OTHER - EXPLAIN IN NARRATIVE,E3RDSTSCLARIZZBLVD,TRAFFIC CONTROL SIGNAL,2021-05-27 14:39:00
2017,BLOOMINGTON PD,BLOOMINGTON,1,0.0,0.0,0,0,,,,S WEIMER RD,W WAPEHANI RD,,,,39.142608,-86.562048,LOCAL/CITY ROAD,N,URBAN,N,N,N,,DARK (NOT LIGHTED),CLEAR,WET,,NO JUNCTION INVOLVED,STRAIGHT/GRADE,ASPHALT,UNSAFE SPEED,RAN OFF ROAD,SWEIMERRDWWAPEHANIRD,NONE,2021-05-27 15:25:00
2018,MONROE SD,BLOOMINGTON,1,0.0,0.0,0,0,,,,W VERNAL PIKE,N OARD RD,,,,39.181344,-86.637104,COUNTY ROAD,N,RURAL,N,N,N,,DAYLIGHT,CLEAR,DRY,,Y-INTERSECTION,STRAIGHT/LEVEL,ASPHALT,RAN OFF ROAD RIGHT,RAN OFF ROAD,NOARDRDWVERNALPIKE,NONE,2021-05-27 19:21:00
2019,MONROE SD,BLOOMINGTON,1,0.0,0.0,0,0,,,,S WALNUT ST,SR 37,,,,39.085632,-86.542304,LOCAL/CITY ROAD,N,RURAL,N,N,N,,DARK (LIGHTED),CLEAR,DRY,,FOUR-WAY INTERSECTION,CURVE/LEVEL,ASPHALT,RAN OFF ROAD RIGHT,RAN OFF ROAD,SOLDSTATEROAD37RDSR37S,TRAFFIC CONTROL SIGNAL,2021-05-27 21:03:00
2020,BLOOMINGTON PD,BLOOMINGTON,2,0.0,0.0,0,0,310,,,W 8TH ST,VALHALLA MEMORY GARDENS,,,,39.16708441,-86.564992,UNKNOWN,Y,RURAL,N,N,N,,DARK (NOT LIGHTED),CLEAR,WET,,Y-INTERSECTION,CURVE/GRADE,ASPHALT,OTHER (DRIVER) - EXPLAIN IN NARRATIVE,REAR END,NJOHNSONAVE,NONE,2021-05-27 23:40:00
2021,BLOOMINGTON PD,BLOOMINGTON,2,0.0,0.0,0,0,3901,,,ENTRANCE TO BLOOMINGTON HIGH SCHOOL NORTH,N KINSER PIKE,,,,39.20304,-86.547392,UNKNOWN,N,URBAN,Y,N,N,,DAYLIGHT,CLOUDY,DRY,,T-INTERSECTION,CURVE/GRADE,ASPHALT,IMPROPER TURNING,LEFT TURN,NKINSERPIKE,STOP SIGN,2021-05-26 07:47:00
2022,INDIANA UNIV BLOOMINGTON PD,BLOOMINGTON,3,0.0,0.0,0,0,,,,E 10TH ST,MID-BLOCK CROSSWALK,,374.0,E,39.171606,-86.51903435,LOCAL/CITY ROAD,N,URBAN,N,N,N,,DAYLIGHT,RAIN,WET,,NO JUNCTION INVOLVED,STRAIGHT/LEVEL,ASPHALT,SPEED TOO FAST FOR WEATHER CONDITIONS,REAR END,FEELNTENTHST,NONE,2021-05-26 09:00:00
2023,ISP BLOOMINGTON 33,BLOOMINGTON,2,,0.0,0,0,,,,SR 45,S LEONARD SPRINGS RD,,250.0,W,39.1415451,-86.58323143,STATE ROAD,,RURAL,N,N,N,,DAYLIGHT,CLOUDY,DRY,,NO JUNCTION INVOLVED,,ASPHALT,FAILURE TO YIELD RIGHT OF WAY,RIGHT ANGLE,SR45approx250ftwestofLeonardSpringsRd,,2021-05-26 12:40:00
2024,BLOOMINGTON PD,BLOOMINGTON,2,0.0,0.0,0,0,,,,W 3RD ST (N),S PATTERSON DR,,300.0,W,39.1644,-86.55204403,LOCAL/CITY ROAD,N,URBAN,N,N,N,,DAYLIGHT,CLEAR,DRY,,T-INTERSECTION,STRAIGHT/GRADE,ASPHALT,FOLLOWING TOO CLOSELY,REAR END,SOUTHPATTERSONDRWEST3RDST,LANE CONTROL,2021-05-26 14:01:00
2025,BLOOMINGTON PD,BLOOMINGTON,2,0.0,0.0,0,0,,,,N PETE ELLIS DR,E LONGVIEW AVE,,,,39.166944,-86.495056,LOCAL/CITY ROAD,N,URBAN,N,N,N,,DAYLIGHT,CLEAR,DRY,,FOUR-WAY INTERSECTION,STRAIGHT/LEVEL,ASPHALT,FAILURE TO YIELD RIGHT OF WAY,RIGHT ANGLE,EASTLONGVIEWDRNORTHPETEELLISDR,STOP SIGN,2021-05-26 14:40:00
2026,BLOOMINGTON PD,BLOOMINGTON,2,0.0,0.0,0,0,,,,W 11TH ST,N MORTON ST,,,,39.173216,-86.536,LOCAL/CITY ROAD,N,URBAN,N,N,N,,DAYLIGHT,CLOUDY,DRY,,FOUR-WAY INTERSECTION,STRAIGHT/HILLCREST,ASPHALT,FAILURE TO YIELD RIGHT OF WAY,RIGHT ANGLE,NMORTONSTW11THST,STOP SIGN,2021-05-26 16:08:00
2027,MONROE SD,BLOOMINGTON,2,0.0,0.0,0,0,,,,S CURRY PIKE,W WOODLYN DR,,20.0,S,39.145856,-86.582592,COUNTY ROAD,N,RURAL,N,N,N,,DAYLIGHT,CLEAR,DRY,,T-INTERSECTION,STRAIGHT/LEVEL,ASPHALT,FOLLOWING TOO CLOSELY,REAR END,SCURRYPIKEWWOODLYNDR,TRAFFIC CONTROL SIGNAL,2021-05-26 16:31:00
2028,ISP BLOOMINGTON 33,BLOOMINGTON,2,,0.0,0,0,,,,S VICTOR PIKE,SR 37,,0.0,,39.10553454,-86.55140824,STATE ROAD,,RURAL,N,Y,N,,DAYLIGHT,CLEAR,DRY,,FOUR-WAY INTERSECTION,,ASPHALT,DISREGARD SIGNAL/REG SIGN,RIGHT ANGLE,StateRd37SVictorPike,,2021-05-26 19:18:00
2029,INDIANA UNIV BLOOMINGTON PD,BLOOMINGTON,2,0.0,0.0,0,0,,,,E 17TH ST,N DUNN ST,,,,39.180863,-86.523711,LOCAL/CITY ROAD,N,URBAN,N,N,N,,DAYLIGHT,CLEAR,DRY,,FOUR-WAY INTERSECTION,STRAIGHT/LEVEL,ASPHALT,DISREGARD SIGNAL/REG SIGN,RIGHT ANGLE,DUNNSTEAST17THST,STOP SIGN,2021-05-25 14:23:00
2030,MONROE SD,BLOOMINGTON,1,0.0,0.0,0,0,,,,S FRIENDSHIP RD,E LAMPKINS RIDGE RD,,,,39.143056,-86.406096,COUNTY ROAD,N,RURAL,N,N,N,,DAYLIGHT,CLEAR,DRY,,T-INTERSECTION,STRAIGHT/LEVEL,ASPHALT,RAN OFF ROAD RIGHT,RAN OFF ROAD,ELAMPKINSRIDGERDSFRIENDSHIPRD,STOP SIGN,2021-05-25 16:07:00
2031,INDIANA UNIV BLOOMINGTON PD,BLOOMINGTON,2,1.0,0.0,0,0,,,,N JORDAN AVE,ENTRANCE TO WELLS LIBRARY,,375.0,N,39.20851146,-86.516143,LOCAL/CITY ROAD,N,URBAN,N,N,N,,DAYLIGHT,CLEAR,DRY,,NO JUNCTION INVOLVED,STRAIGHT/GRADE,ASPHALT,UNSAFE BACKING,BACKING CRASH,E7THSTJORDANAVE,LANE CONTROL,2021-05-25 20:00:00
2032,BLOOMINGTON PD,BLOOMINGTON,2,0.0,0.0,0,0,,,,S WALNUT ST,E 3RD ST,,,,39.16464,-86.5336,LOCAL/CITY ROAD,N,URBAN,N,N,N,,DAWN/DUSK,CLEAR,DRY,,FOUR-WAY INTERSECTION,STRAIGHT/LEVEL,CONCRETE,WRONG WAY ON ONE WAY,RIGHT ANGLE,EAST3RDSTSOUTHWALNUTST,TRAFFIC CONTROL SIGNAL,2021-05-25 20:10:00
2033,BLOOMINGTON PD,BLOOMINGTON,1,0.0,1.0,0,0,3401,,,W WAPEHANI RD,,,,,39.256512,-86.525936,UNKNOWN,N,URBAN,N,N,N,,DAWN/DUSK,CLEAR,DRY,,NO JUNCTION INVOLVED,STRAIGHT/GRADE,ASPHALT,BRAKE FAILURE OR DEFECTIVE,RAN OFF ROAD,WWAPEHANIRD,NONE,2021-05-25 20:59:00
2034,MONROE SD,BLOOMINGTON,1,0.0,0.0,0,0,,,,I-69 N,,,100.0,S,0.0,0.0,INTERSTATE,N,RURAL,N,N,N,,DAYLIGHT,CLEAR,DRY,,NO JUNCTION INVOLVED,STRAIGHT/LEVEL,ASPHALT,OTHER (ENVIRONMENTAL) - EXPLAIN IN NARR,COLLISION WITH OBJECT IN ROAD,I69N123.0,NONE,2021-05-24 08:45:00
2035,BLOOMINGTON PD,BLOOMINGTON,2,0.0,0.0,0,0,,,,S ROCKPORT RD,W COUNTRY CLUB DR,,,,39.136332,-86.548756,LOCAL/CITY ROAD,N,URBAN,N,N,N,,DAYLIGHT,CLEAR,DRY,,FOUR-WAY INTERSECTION,STRAIGHT/GRADE,ASPHALT,FAILURE TO YIELD RIGHT OF WAY,RIGHT ANGLE,SROCKPORTRDSWCOUNTRYCLUBDR,TRAFFIC CONTROL SIGNAL,2021-05-24 11:40:00
2036,BLOOMINGTON PD,BLOOMINGTON,2,0.0,0.0,0,0,,,,E 2ND ST,N WOODLAWN AVE,,,,39.161312,-86.522576,LOCAL/CITY ROAD,N,URBAN,N,N,N,,DAYLIGHT,CLEAR,DRY,,FOUR-WAY INTERSECTION,STRAIGHT/LEVEL,ASPHALT,FAILURE TO YIELD RIGHT OF WAY,RIGHT ANGLE,ESECONDSTWOODLAWNAVE,STOP SIGN,2021-05-24 14:28:00
2037,BLOOMINGTON PD,BLOOMINGTON,2,0.0,0.0,0,0,,,,SR 48,S CURRY PIKE,,,,39.16465,-86.582939,LOCAL/CITY ROAD,N,URBAN,N,N,N,,DAYLIGHT,CLEAR,DRY,,FOUR-WAY INTERSECTION,STRAIGHT/LEVEL,ASPHALT,FOLLOWING TOO CLOSELY,REAR END,SOUTHCURRYPIKEWEST3RDST,TRAFFIC CONTROL SIGNAL,2021-05-24 14:33:00
2038,BLOOMINGTON PD,BLOOMINGTON,2,0.0,0.0,0,0,,,,S LEONARD SPRINGS RD,W HEATHERWOOD LN,,,,39.126792,-86.582583,LOCAL/CITY ROAD,N,URBAN,N,N,N,,DAYLIGHT,CLEAR,DRY,,T-INTERSECTION,STRAIGHT/LEVEL,ASPHALT,UNSAFE SPEED,REAR END,SLEONARDSPRINGSRDWHEATHERWOODLN,NONE,2021-05-24 14:52:00
2039,MONROE SD,BLOOMINGTON,2,0.0,0.0,0,0,1285,,,S LIBERTY DR,ENTRANCE TO MENARDS,,,,39.145264,-86.577616,LOCAL/CITY ROAD,N,RURAL,N,N,N,,DAYLIGHT,CLEAR,DRY,,NO JUNCTION INVOLVED,NON-ROADWAY CRASH,CONCRETE,FOLLOWING TOO CLOSELY,REAR END,SLIBERTYDR,NONE,2021-05-24 15:33:00
2040,BLOOMINGTON PD,BLOOMINGTON,2,0.0,0.0,0,0,,,,S WALNUT ST PIKE,E RHORER RD,,,,39.12144,-86.526496,LOCAL/CITY ROAD,N,URBAN,N,N,N,,DAYLIGHT,CLEAR,DRY,,FOUR-WAY INTERSECTION,STRAIGHT/GRADE,ASPHALT,FAILURE TO YIELD RIGHT OF WAY,RIGHT ANGLE,EASTRHORERRDSOUTHWALNUTSTREETPIKE,TRAFFIC CONTROL SIGNAL,2021-05-24 15:36:00
2041,INDIANA UNIV BLOOMINGTON PD,BLOOMINGTON,1,0.0,1.0,0,0,,,,N JORDAN AVE,E 7TH ST,,,,39.168853,-86.516143,LOCAL/CITY ROAD,N,URBAN,N,N,N,,DAYLIGHT,CLEAR,DRY,,FOUR-WAY INTERSECTION,STRAIGHT/GRADE,ASPHALT,FAILURE TO YIELD RIGHT OF WAY,RIGHT TURN,E7THSTJORDANAVE,STOP SIGN,2021-05-24 15:55:00
2042,BLOOMINGTON PD,BLOOMINGTON,2,0.0,0.0,0,0,,,,N WALNUT ST,W OLD SR 37,,,,39.20704,-86.534704,LOCAL/CITY ROAD,N,URBAN,N,N,N,,DAYLIGHT,CLEAR,DRY,,FOUR-WAY INTERSECTION,STRAIGHT/GRADE,ASPHALT,DISREGARD SIGNAL/REG SIGN,RIGHT ANGLE,NWALNUTSTOLDSR37ST,TRAFFIC CONTROL SIGNAL,2021-05-24 16:17:00
2043,MONROE SD,BLOOMINGTON,4,0.0,0.0,0,0,,,,N CURRY PIKE,W WOODYARD RD,,150.0,S,39.190672,-86.582992,LOCAL/CITY ROAD,N,URBAN,N,N,N,,DAYLIGHT,CLEAR,DRY,,NO JUNCTION INVOLVED,CURVE/LEVEL,ASPHALT,LEFT OF CENTER,OPPOSITE DIRECTION SIDESWIPE,NCURRYPIKEWWOODYARDRD,LANE CONTROL,2021-05-24 16:19:00
2044,BLOOMINGTON PD,BLOOMINGTON,2,0.0,0.0,0,0,,,,W COUNTRY CLUB DR,S MADISON ST,,,,39.136048,-86.536992,LOCAL/CITY ROAD,N,URBAN,N,N,N,,DAYLIGHT,CLEAR,DRY,,FOUR-WAY INTERSECTION,STRAIGHT/GRADE,ASPHALT,FOLLOWING TOO CLOSELY,REAR END,MADISONSTWESTCOUNTRYCLUBRD,TRAFFIC CONTROL SIGNAL,2021-05-24 17:16:00
2045,BLOOMINGTON PD,BLOOMINGTON,2,0.0,1.0,0,0,1175,,,E COVENANTER DR,S AUTO MALL RD,,,,39.153694,-86.495232,LOCAL/CITY ROAD,N,URBAN,N,N,N,,DAYLIGHT,CLEAR,DRY,,FOUR-WAY INTERSECTION,STRAIGHT/LEVEL,ASPHALT,FOLLOWING TOO CLOSELY,REAR END,1175SCOLLEGEMALLRDEASTCOVENANTERBLVD,STOP SIGN,2021-05-24 17:24:00
2046,BLOOMINGTON PD,BLOOMINGTON,1,0.0,0.0,0,0,,,,N WALNUT ST,W 10TH ST,,,,39.171744,-86.53352,LOCAL/CITY ROAD,N,RURAL,N,N,N,,DAYLIGHT,CLEAR,DRY,,FOUR-WAY INTERSECTION,STRAIGHT/GRADE,ASPHALT,RAN OFF ROAD RIGHT,RAN OFF ROAD,NWALNUTSTW10THST,TRAFFIC CONTROL SIGNAL,2021-05-24 19:35:00
2047,INDIANA UNIV BLOOMINGTON PD,BLOOMINGTON,2,0.0,0.0,0,0,,,,E 3RD ST,S COLLEGE MALL RD,,,,0.0,0.0,LOCAL/CITY ROAD,N,URBAN,N,N,Y,LANE CLOSURE,DARK (LIGHTED),CLEAR,DRY,,FOUR-WAY INTERSECTION,STRAIGHT/LEVEL,ASPHALT,UNSAFE BACKING,REAR END,COLLEGEMALLRDSR46,TRAFFIC CONTROL SIGNAL,2021-05-24 21:32:00
2048,ISP BLOOMINGTON 33,BLOOMINGTON,1,,0.0,0,0,,,,I-69 S,W VERNAL PIKE,,0.0,,39.17904293,-86.55924029,INTERSTATE,,URBAN,N,Y,N,,DAYLIGHT,CLEAR,DRY,,NO JUNCTION INVOLVED,,ASPHALT,OTHER (ENVIRONMENTAL) - EXPLAIN IN NARR,NON-COLLISION,I-69120,,2021-05-23 13:24:00
2049,BLOOMINGTON PD,BLOOMINGTON,2,0.0,0.0,0,0,,,,S HENDERSON ST,E HILLSIDE DR,,,,39.15064,-86.52696,UNKNOWN,Y,URBAN,N,N,N,,DAYLIGHT,CLEAR,DRY,,NO JUNCTION INVOLVED,STRAIGHT/GRADE,ASPHALT,RAN OFF ROAD RIGHT,SAME DIRECTION SIDESWIPE,HENDERSONSTHILLSIDEST,LANE CONTROL,2021-05-23 17:40:00
2050,MONROE SD,BLOOMINGTON,1,0.0,1.0,0,0,,,,W WOODYARD RD,N LOESCH RD,,,,39.193664,-86.590994,COUNTY ROAD,N,RURAL,N,N,N,,DAYLIGHT,CLEAR,DRY,,FOUR-WAY INTERSECTION,STRAIGHT/LEVEL,ASPHALT,IMPROPER TURNING,COLLISION WITH OBJECT IN ROAD,LOESCHRDWOODYARDRD,TRAFFIC CONTROL SIGNAL,2021-05-23 18:48:00
2051,MONROE SD,BLOOMINGTON,1,0.0,0.0,0,0,7265,,,SR 45,W CROSSOVER RD,,,,39.125312,-86.610496,STATE ROAD,Y,RURAL,N,N,N,,DARK (NOT LIGHTED),CLEAR,DRY,,T-INTERSECTION,CURVE/LEVEL,ASPHALT,RAN OFF ROAD RIGHT,RAN OFF ROAD,SR45,LANE CONTROL,2021-05-22 01:11:00
2052,BLOOMINGTON PD,BLOOMINGTON,2,0.0,1.0,0,0,,,,S WALNUT ST,E 3RD ST,,,,39.16464,-86.5336,LOCAL/CITY ROAD,N,URBAN,N,N,N,,DARK (LIGHTED),CLEAR,DRY,,FOUR-WAY INTERSECTION,STRAIGHT/LEVEL,ASPHALT,FAILURE TO YIELD RIGHT OF WAY,RIGHT ANGLE,E3RDSTSWALNUTST,TRAFFIC CONTROL SIGNAL,2021-05-22 01:21:00
2053,INDIANA UNIV BLOOMINGTON PD,BLOOMINGTON,2,0.0,0.0,0,0,,,,E ATWATER AVE,S JORDAN AVE,,,,39.163051,-86.516389,LOCAL/CITY ROAD,N,URBAN,N,N,N,,DAYLIGHT,CLEAR,DRY,,FOUR-WAY INTERSECTION,STRAIGHT/LEVEL,ASPHALT,DISREGARD SIGNAL/REG SIGN,RIGHT ANGLE,ATWATERAVEJORDANAVE,TRAFFIC CONTROL SIGNAL,2021-05-22 19:37:00
2054,BLOOMINGTON PD,BLOOMINGTON,2,0.0,1.0,0,0,,,,E RHORER RD,S TWO CREEKS LN,,,,39.121454,-86.516957,LOCAL/CITY ROAD,N,URBAN,N,N,N,,DARK (NOT LIGHTED),CLEAR,DRY,,T-INTERSECTION,STRAIGHT/GRADE,CONCRETE,FAILURE TO YIELD RIGHT OF WAY,RAN OFF ROAD,ERHORERRDSTWOCREEKSLN,NONE,2021-05-22 21:08:00
2055,MONROE SD,BLOOMINGTON,1,0.0,0.0,0,0,,,,SR 446,RED OAK LN,,50.0,S,0.0,0.0,STATE ROAD,N,RURAL,N,N,N,,DARK (NOT LIGHTED),CLEAR,DRY,,T-INTERSECTION,CURVE/HILLCREST,ASPHALT,RAN OFF ROAD RIGHT,RAN OFF ROAD,REDOAKLNSR446S,NONE,2021-05-21 11:57:00
2056,BLOOMINGTON PD,BLOOMINGTON,2,0.0,0.0,0,0,3423,,,ACADIA CT,,,,,39.133065,-86.5183052,UNKNOWN,N,URBAN,N,N,N,,DAYLIGHT,CLEAR,DRY,,NO JUNCTION INVOLVED,STRAIGHT/GRADE,ASPHALT,UNSAFE BACKING,BACKING CRASH,SOUTHACADIACT,NONE,2021-05-21 11:59:00
2057,BLOOMINGTON PD,BLOOMINGTON,2,0.0,0.0,0,0,,,,E 3RD ST,S JEFFERSON ST,,,,39.164304,-86.506992,LOCAL/CITY ROAD,N,URBAN,N,N,N,,DAYLIGHT,CLEAR,DRY,,NO JUNCTION INVOLVED,STRAIGHT/LEVEL,ASPHALT,FOLLOWING TOO CLOSELY,REAR END,E3RDSTJEFFERSONST,TRAFFIC CONTROL SIGNAL,2021-05-21 16:33:00
2058,BLOOMINGTON PD,BLOOMINGTON,2,0.0,0.0,0,0,,,,SR 45/46,N WALNUT ST,,,,39.186352,-86.534704,LOCAL/CITY ROAD,Y,URBAN,N,N,N,,DAYLIGHT,BLOWING SAND/SOIL/SNOW,DRY,,FOUR-WAY INTERSECTION,STRAIGHT/LEVEL,ASPHALT,FOLLOWING TOO CLOSELY,REAR END,NCOLLEGEAVESR46W,TRAFFIC CONTROL SIGNAL,2021-05-21 18:08:00
2059,MONROE SD,BLOOMINGTON,2,0.0,1.0,0,0,,,Y,W TAPP RD,I-69 S,,,,0.0,0.0,LOCAL/CITY ROAD,N,URBAN,N,N,N,,DARK (LIGHTED),CLEAR,DRY,,TRAFFIC CIRCLE/ROUNDABOUT,CURVE/LEVEL,ASPHALT,FAILURE TO YIELD RIGHT OF WAY,RIGHT ANGLE,SBINTERSTATE69OFFRPWTAPPRD,LANE CONTROL,2021-05-21 23:20:00
2060,BLOOMINGTON PD,BLOOMINGTON,1,0.0,0.0,0,0,,,,E 10TH ST,N GRANT ST,,,,39.171696,-86.529696,LOCAL/CITY ROAD,Y,URBAN,N,N,N,,DAWN/DUSK,CLEAR,DRY,,FOUR-WAY INTERSECTION,STRAIGHT/GRADE,ASPHALT,IMPROPER TURNING,RAN OFF ROAD,10THSTGRANTST,LANE CONTROL,2021-05-20 06:20:00
2061,DNR LAW ENFORCEMENT,BLOOMINGTON,1,,0.0,0,0,,,,CUTRIGHT STATE RECREATION AREA RD,,,0.0,,39.06746322,-86.40724934,STATE ROAD,,RURAL,N,N,N,,DAYLIGHT,CLEAR,DRY,,NO JUNCTION INVOLVED,,GRAVEL,OVERCORRECTING/OVERSTEERING,,StateRd446,,2021-05-20 07:00:00
2062,MONROE SD,BLOOMINGTON,2,0.0,0.0,0,0,,,,SR 446,,,460.0,N,39.14827765,-86.4252816,STATE ROAD,N,RURAL,N,N,N,,DAYLIGHT,CLEAR,DRY,,NO JUNCTION INVOLVED,CURVE/GRADE,CONCRETE,UNSAFE SPEED,OPPOSITE DIRECTION SIDESWIPE,EMERRITTDRSR446S,NONE,2021-05-20 16:35:00
2063,ISP BLOOMINGTON 33,BLOOMINGTON,2,,0.0,0,0,,,,I-69 S,W TAPP RD,,0.0,,39.13284781,-86.57322074,INTERSTATE,,URBAN,N,N,N,,DAYLIGHT,CLEAR,DRY,,NO JUNCTION INVOLVED,,ASPHALT,FAILURE TO YIELD RIGHT OF WAY,REAR END,I-69116,,2021-05-20 16:55:00
2064,ISP BLOOMINGTON 33,,2,,0.0,0,0,,,,SR 45,S WOODBINE DR,,80.0,,39.10952346,-86.64078503,STATE ROAD,,RURAL,N,N,N,,DAYLIGHT,CLEAR,DRY,,NO JUNCTION INVOLVED,,ASPHALT,FOLLOWING TOO CLOSELY,REAR END,WStateRd45SWoodbineDr.,,2021-05-20 19:30:00