_id,Agency,City,Vehicles Involved,Trailers Involved,Number Injured,Number Dead,Number Deer,House Number,Roadway Interchange,Roadway Ramp,Roadway Id,Intersecting Road,Interchange,Feet From,Direction,Latitude,Longitude,Roadway Class,Hit and Run?,Locality,School Zone?,Rumble Strips?,Construction?,Construction Type,Light Condition,Weather Conditions,Surface Condition,Type of Median,Roadway Junction Type,Road Character,Roadway Surface,Primary Factor,Manner of Collision,Unique Location Id,Traffic Control,DateTime
2065,MONROE SD,BLOOMINGTON,1,0.0,0.0,0,0,,,,S FAIRFAX RD,S STRAIN RIDGE RD,,,,39.07434,-86.505806,LOCAL/CITY ROAD,N,URBAN,N,N,N,,DARK (LIGHTED),CLEAR,DRY,,T-INTERSECTION,STRAIGHT/GRADE,ASPHALT,RAN OFF ROAD RIGHT,RAN OFF ROAD,SOUTHFAIRFAXRDSOUTHSTRAINRIDGERD,STOP SIGN,2021-05-19 01:34:00
2066,ELLETTSVILLE PD,ELLETTSVILLE,2,0.0,0.0,0,0,,,,SR 46,N MATTHEWS DR (N),,,,39.236096,-86.625168,LOCAL/CITY ROAD,N,URBAN,N,N,N,,DAYLIGHT,RAIN,WET,,NO JUNCTION INVOLVED,STRAIGHT/LEVEL,ASPHALT,LEFT OF CENTER,RIGHT TURN,MAINSTMATTHEWSDR,TRAFFIC CONTROL SIGNAL,2021-05-19 07:00:00
2067,BLOOMINGTON PD,BLOOMINGTON,2,0.0,1.0,0,0,,,,S WALNUT ST,ENTRANCE TO STARBUCKS,,150.0,S,39.146944,-86.532544,LOCAL/CITY ROAD,N,URBAN,N,N,N,,DAYLIGHT,CLOUDY,DRY,,NO JUNCTION INVOLVED,STRAIGHT/LEVEL,ASPHALT,FAILURE TO YIELD RIGHT OF WAY,RIGHT ANGLE,EMILLERDRSWALNUTST,LANE CONTROL,2021-05-19 08:30:00
2068,BLOOMINGTON PD,BLOOMINGTON,1,0.0,0.0,0,0,,,,W BLOOMFIELD RD,S LANDMARK AVE,,,,39.159933,-86.55386,LOCAL/CITY ROAD,N,URBAN,N,N,N,,DAYLIGHT,CLOUDY,DRY,,FOUR-WAY INTERSECTION,STRAIGHT/LEVEL,ASPHALT,OVERCORRECTING/OVERSTEERING,OTHER - EXPLAIN IN NARRATIVE,BLOOMFIELDRDLANDMARKAVE,TRAFFIC CONTROL SIGNAL,2021-05-19 10:16:00
2069,BLOOMINGTON PD,BLOOMINGTON,2,0.0,0.0,0,0,,,,W 3RD ST,S KIMBLE DR,,,,39.16464,-86.568,LOCAL/CITY ROAD,N,URBAN,N,N,N,,DAYLIGHT,CLEAR,DRY,,T-INTERSECTION,STRAIGHT/LEVEL,ASPHALT,FOLLOWING TOO CLOSELY,REAR END,SKIMBLEDRW3RDST,TRAFFIC CONTROL SIGNAL,2021-05-19 14:41:00
2070,MONROE SD,BLOOMINGTON,2,0.0,0.0,0,0,,,,N SMITH PIKE,W WOODYARD RD,,,,0.0,0.0,LOCAL/CITY ROAD,N,URBAN,N,N,N,,DAYLIGHT,CLEAR,DRY,,NO JUNCTION INVOLVED,STRAIGHT/LEVEL,ASPHALT,IMPROPER TURNING,LEFT TURN,NSMITHPIKEWWOODYARDRD,STOP SIGN,2021-05-19 14:45:00
2071,BLOOMINGTON PD,BLOOMINGTON,2,0.0,0.0,0,0,,,,N WALNUT ST,W 6TH ST,,,,39.167648,-86.533584,LOCAL/CITY ROAD,N,URBAN,N,N,N,,DAYLIGHT,CLEAR,DRY,,FOUR-WAY INTERSECTION,STRAIGHT/GRADE,ASPHALT,UNSAFE LANE MOVEMENT,SAME DIRECTION SIDESWIPE,NORTHWALNUTSTWEST6THST,TRAFFIC CONTROL SIGNAL,2021-05-19 15:05:00
2072,MONROE SD,BLOOMINGTON,2,0.0,0.0,0,0,,,,S ROGERS ST,W CLEAR CREEK DR,,100.0,S,0.0,0.0,LOCAL/CITY ROAD,N,RURAL,N,N,N,,DAYLIGHT,CLEAR,DRY,,NO JUNCTION INVOLVED,STRAIGHT/LEVEL,ASPHALT,FAILURE TO YIELD RIGHT OF WAY,RIGHT ANGLE,ECLEARCREEKSTSROGERSST,NONE,2021-05-19 15:47:00
2073,BLOOMINGTON PD,BLOOMINGTON,2,0.0,0.0,0,0,,,,S WALNUT ST,W KIRKWOOD AVE,,50.0,N,39.16664,-86.5336,LOCAL/CITY ROAD,N,URBAN,N,N,N,,DAYLIGHT,CLEAR,DRY,,NO JUNCTION INVOLVED,STRAIGHT/LEVEL,ASPHALT,UNSAFE LANE MOVEMENT,SAME DIRECTION SIDESWIPE,EKIRKWOODAVESWALNUTST,NONE,2021-05-19 17:08:00
2074,BLOOMINGTON PD,BLOOMINGTON,1,0.0,1.0,0,0,,,,E 3RD ST,S HILLSDALE DR,,,,39.164272,-86.502416,LOCAL/CITY ROAD,N,URBAN,N,N,N,,DAYLIGHT,CLEAR,DRY,,FOUR-WAY INTERSECTION,STRAIGHT/LEVEL,ASPHALT,PEDESTRIAN ACTION,RIGHT ANGLE,E3RDSTSHILLSDALERD,NONE,2021-05-19 18:02:00
2075,INDIANA UNIV BLOOMINGTON PD,BLOOMINGTON,2,0.0,0.0,0,0,,,,E 3RD ST,S JORDAN AVE,,,,39.164263,-86.516394,LOCAL/CITY ROAD,N,URBAN,N,N,N,,DAYLIGHT,CLEAR,DRY,,FOUR-WAY INTERSECTION,STRAIGHT/LEVEL,ASPHALT,IMPROPER TURNING,LEFT TURN,JORDANAVETHIRDST,LANE CONTROL,2021-05-19 18:40:00
2076,MONROE SD,BLOOMINGTON,2,0.0,0.0,0,0,,,,W DILLMAN RD,S WALNUT ST,,,,39.092965,-86.546052,STATE ROAD,N,RURAL,N,N,N,,DARK (NOT LIGHTED),CLEAR,WET,,FOUR-WAY INTERSECTION,CURVE/HILLCREST,ASPHALT,FAILURE TO YIELD RIGHT OF WAY,OTHER - EXPLAIN IN NARRATIVE,DILLMANRDSR37N,TRAFFIC CONTROL SIGNAL,2021-05-18 00:42:00
2077,BLOOMINGTON PD,BLOOMINGTON,2,0.0,0.0,0,0,,,,S ROGERS ST,W COOLIDGE DR,,,,39.141328,-86.538528,LOCAL/CITY ROAD,N,URBAN,N,N,N,,DAYLIGHT,CLOUDY,DRY,,FOUR-WAY INTERSECTION,STRAIGHT/GRADE,ASPHALT,FAILURE TO YIELD RIGHT OF WAY,RIGHT ANGLE,SOUTHROGERSSTWESTCOOLIDGEDR,STOP SIGN,2021-05-18 09:35:00
2078,BLOOMINGTON PD,BLOOMINGTON,1,0.0,1.0,0,0,,,,N DUNN ST,E ALICE ST,,100.0,N,39.169648,-86.52824,LOCAL/CITY ROAD,N,URBAN,N,N,N,,DAYLIGHT,CLOUDY,DRY,,FOUR-WAY INTERSECTION,STRAIGHT/LEVEL,ASPHALT,IMPROPER TURNING,RIGHT TURN,EAST8THSTNORTHDUNNST,LANE CONTROL,2021-05-18 13:00:00
2079,BLOOMINGTON PD,BLOOMINGTON,1,0.0,0.0,0,0,,,,W 2ND ST,S WALKER ST,,150.0,E,39.161648,-86.546128,LOCAL/CITY ROAD,N,URBAN,N,N,N,,DAYLIGHT,CLOUDY,DRY,,NO JUNCTION INVOLVED,STRAIGHT/GRADE,ASPHALT,RAN OFF ROAD RIGHT,RAN OFF ROAD,SWALKERSTW2NDST,NONE,2021-05-18 15:20:00
2080,ISP BLOOMINGTON 33,BLOOMINGTON,1,,0.0,0,0,,96H,114H,SR 37,I-69 S,,0.0,,39.10998085,-86.56010969,STATE ROAD,,RURAL,N,N,N,,DAYLIGHT,CLOUDY,DRY,,RAMP,,ASPHALT,,RAN OFF ROAD,SR37-96-H,,2021-05-18 16:10:00
2081,BLOOMINGTON PD,BLOOMINGTON,2,0.0,0.0,0,0,,,,W 15TH ST,N MAPLE ST,,,,39.17664,-86.542096,LOCAL/CITY ROAD,Y,URBAN,N,N,N,,DAYLIGHT,CLEAR,DRY,,NO JUNCTION INVOLVED,STRAIGHT/LEVEL,ASPHALT,UNSAFE LANE MOVEMENT,SAME DIRECTION SIDESWIPE,15THSTMAPLEST,NONE,2021-05-18 19:19:00
2082,MONROE SD,BLOOMINGTON,1,0.0,0.0,0,1,,,,I-69 S,,,100.0,S,0.0,0.0,INTERSTATE,N,RURAL,N,N,N,,DARK (NOT LIGHTED),CLEAR,DRY,,NO JUNCTION INVOLVED,STRAIGHT/LEVEL,CONCRETE,ANIMAL/OBJECT IN ROADWAY,COLLISION WITH DEER,I69S108.5,NONE,2021-05-18 23:07:00
2083,MONROE SD,BLOOMINGTON,1,0.0,0.0,0,0,,,,I-69 N,,,100.0,S,0.0,0.0,INTERSTATE,N,RURAL,N,Y,N,,DARK (NOT LIGHTED),RAIN,WET,,NO JUNCTION INVOLVED,STRAIGHT/LEVEL,ASPHALT,ANIMAL/OBJECT IN ROADWAY,RAN OFF ROAD,I69N111.0,NONE,2021-05-17 01:33:00
2084,ISP BLOOMINGTON 33,BLOOMINGTON,1,,0.0,0,0,,Y,123,I-69 S,N SR 37 BUSINESS,Y,950.0,,39.2357734,-86.54128022,INTERSTATE,,RURAL,N,N,N,,DAYLIGHT,RAIN,WET,,NO JUNCTION INVOLVED,,CONCRETE,SPEED TOO FAST FOR WEATHER CONDITIONS,RAN OFF ROAD,I-69,,2021-05-17 07:30:00
2085,MONROE SD,ELLETTSVILLE,2,0.0,0.0,0,0,,,,SR 46,N SMITH PIKE,,,,39.210144,-86.5832,STATE ROAD,N,URBAN,N,N,N,,DAYLIGHT,RAIN,WET,,FOUR-WAY INTERSECTION,STRAIGHT/LEVEL,ASPHALT,DRIVER DISTRACTED - EXPLAIN IN NARRATIVE,REAR END,NSMITHPIKESR46W,TRAFFIC CONTROL SIGNAL,2021-05-17 08:29:00
2086,ISP BLOOMINGTON 33,BLOOMINGTON,3,,0.0,0,0,,,,SR 37,,,1500.0,N,39.09639263,-86.54630131,STATE ROAD,,RURAL,N,N,Y,LANE CLOSURE,DAYLIGHT,CLOUDY,DRY,,NO JUNCTION INVOLVED,,CONCRETE,FOLLOWING TOO CLOSELY,REAR END,SR371500ftnorthofDillmanRd,,2021-05-17 10:21:00
2087,BLOOMINGTON PD,BLOOMINGTON,2,0.0,0.0,0,0,,,,W 17TH ST,N MONROE ST,,,,39.179248,-86.547104,LOCAL/CITY ROAD,Y,URBAN,N,N,N,,DAYLIGHT,CLEAR,DRY,,TRAFFIC CIRCLE/ROUNDABOUT,STRAIGHT/LEVEL,ASPHALT,FOLLOWING TOO CLOSELY,SAME DIRECTION SIDESWIPE,NMONROESTW17THST,ROUNDABOUT INTERSECTION,2021-05-17 13:37:00
2088,BLOOMINGTON PD,BLOOMINGTON,1,0.0,0.0,0,0,,,,E SUMMIT VIEW PL,S HENDERSON ST,,,,39.144554,-86.526958,LOCAL/CITY ROAD,Y,URBAN,N,N,N,,DAYLIGHT,CLEAR,DRY,,FOUR-WAY INTERSECTION,STRAIGHT/GRADE,ASPHALT,UNSAFE SPEED,RAN OFF ROAD,ESUMMITVIEWPLSHENDERSONST,NONE,2021-05-17 14:15:00
2089,BLOOMINGTON PD,BLOOMINGTON,1,0.0,0.0,0,0,,,,E WYLIE FARM RD,S AZALEA LN,,,,39.142075,-86.52418,LOCAL/CITY ROAD,Y,URBAN,N,N,N,,DAYLIGHT,CLEAR,DRY,,T-INTERSECTION,CURVE/GRADE,ASPHALT,UNSAFE SPEED,RAN OFF ROAD,EWYLIEFARMRDSAZALEALN,NONE,2021-05-17 14:19:00
2090,ISP BLOOMINGTON 33,BLOOMINGTON,2,,0.0,0,0,,,,SR 46,,,700.0,W,39.16607088,-86.46780393,STATE ROAD,,RURAL,N,N,N,,DAYLIGHT,CLEAR,DRY,,NO JUNCTION INVOLVED,,ASPHALT,LEFT OF CENTER,HEAD ON BETWEEN TWO MOTOR VEHICLES,SR46approx700FtwestofLoriLn,,2021-05-17 14:25:00
2091,BLOOMINGTON PD,BLOOMINGTON,2,0.0,1.0,0,0,,,,SR 45/46,N KINSER PIKE,,350.0,W,39.18659899,-86.53912121,STATE ROAD,N,URBAN,N,N,N,,DAYLIGHT,CLOUDY,DRY,,NO JUNCTION INVOLVED,STRAIGHT/GRADE,ASPHALT,UNSAFE LANE MOVEMENT,SAME DIRECTION SIDESWIPE,NKINSERPIKESR46E,NONE,2021-05-17 14:27:00
2092,BLOOMINGTON PD,BLOOMINGTON,2,0.0,0.0,0,0,,,,SR 45,S LEONARD SPRINGS RD,,,,39.1420168,-86.5825852,LOCAL/CITY ROAD,N,URBAN,N,N,N,,DAYLIGHT,CLOUDY,DRY,,FOUR-WAY INTERSECTION,CURVE/GRADE,ASPHALT,FOLLOWING TOO CLOSELY,REAR END,CURRYPIKESTROAD45RD,TRAFFIC CONTROL SIGNAL,2021-05-17 15:39:00
2093,BLOOMINGTON PD,BLOOMINGTON,2,0.0,0.0,0,0,,,,S COLLEGE MALL RD,SR 46,,,,39.16424,-86.4984,LOCAL/CITY ROAD,Y,URBAN,N,N,N,,DAYLIGHT,CLEAR,DRY,,FOUR-WAY INTERSECTION,STRAIGHT/LEVEL,ASPHALT,FAILURE TO YIELD RIGHT OF WAY,SAME DIRECTION SIDESWIPE,E3RDSTSCOLLEGEMALLRD,TRAFFIC CONTROL SIGNAL,2021-05-17 19:05:00
2094,ELLETTSVILLE PD,ELLETTSVILLE,2,0.0,1.0,0,0,5510,,,SR 46,N LAKEVIEW DR,,,,39.2512,-86.652504,STATE ROAD,Y,URBAN,N,N,N,,DAWN/DUSK,CLEAR,DRY,,T-INTERSECTION,STRAIGHT/LEVEL,ASPHALT,OTHER (DRIVER) - EXPLAIN IN NARRATIVE,OTHER - EXPLAIN IN NARRATIVE,SR46W,NONE,2021-05-17 19:15:00
2095,INDIANA UNIV BLOOMINGTON PD,BLOOMINGTON,1,0.0,0.0,0,1,,,,SR 45/46,N MILO B SAMPSON LN,,,,39.18622,-86.522163,STATE ROAD,N,URBAN,N,N,N,,DARK (NOT LIGHTED),CLEAR,DRY,,T-INTERSECTION,STRAIGHT/LEVEL,ASPHALT,ANIMAL/OBJECT IN ROADWAY,COLLISION WITH DEER,NMILOBSAMPSONLNSR46,LANE CONTROL,2021-05-16 00:30:00
2096,BLOOMINGTON PD,BLOOMINGTON,2,0.0,1.0,0,0,,,,SR 48,S CURRY PIKE,,,,39.16465,-86.582939,LOCAL/CITY ROAD,N,URBAN,N,N,N,,DAYLIGHT,CLOUDY,DRY,,FOUR-WAY INTERSECTION,STRAIGHT/LEVEL,ASPHALT,DISREGARD SIGNAL/REG SIGN,RIGHT ANGLE,SOUTHCURRYPIKEWEST3RDST,TRAFFIC CONTROL SIGNAL,2021-05-16 15:50:00
2097,MONROE SD,BLOOMINGTON,1,0.0,0.0,0,1,,,,SR 37,S ZIKES RD,,100.0,N,39.04973065,-86.53588429,STATE ROAD,N,RURAL,N,N,N,,DARK (NOT LIGHTED),CLOUDY,DRY,,NO JUNCTION INVOLVED,STRAIGHT/LEVEL,ASPHALT,ANIMAL/OBJECT IN ROADWAY,COLLISION WITH DEER,SR37SZIKESRD,NONE,2021-05-16 21:29:00
2098,BLOOMINGTON PD,BLOOMINGTON,1,0.0,0.0,0,0,413,,,E 4TH ST,ALLEY,,,,39.165746,-86.529094,UNKNOWN,N,URBAN,N,N,N,,DARK (LIGHTED),CLEAR,DRY,,T-INTERSECTION,STRAIGHT/LEVEL,ASPHALT,UNSAFE BACKING,COLLISION WITH OBJECT IN ROAD,EAST4THST,NONE,2021-05-15 11:43:00
2099,BLOOMINGTON PD,BLOOMINGTON,2,0.0,0.0,0,0,,,,S GRANT ST,,,100.0,N,39.165648,-86.529712,LOCAL/CITY ROAD,Y,URBAN,N,N,N,,DAYLIGHT,CLEAR,DRY,,NO JUNCTION INVOLVED,STRAIGHT/LEVEL,ASPHALT,UNSAFE BACKING,BACKING CRASH,4THSTSGRANTST,NONE,2021-05-15 11:56:00
2100,ISP BLOOMINGTON 33,BLOOMINGTON,2,,5.0,0,0,,,,SR 45,W AIRPORT RD,,0.0,,39.13637934,-86.59442627,STATE ROAD,,RURAL,N,N,N,,DAYLIGHT,CLEAR,DRY,,T-INTERSECTION,,ASPHALT,FAILURE TO YIELD RIGHT OF WAY,RIGHT ANGLE,WStateRd45WAirportRd,,2021-05-15 13:10:00
2101,BLOOMINGTON PD,BLOOMINGTON,2,0.0,1.0,0,0,,,,E DODDS ST,S LINCOLN ST,,,,39.157504,-86.531104,LOCAL/CITY ROAD,N,URBAN,N,N,N,,DAYLIGHT,CLEAR,DRY,,FOUR-WAY INTERSECTION,STRAIGHT/GRADE,CONCRETE,DISREGARD SIGNAL/REG SIGN,RIGHT ANGLE,EDODDSSTSLINCOLNST,STOP SIGN,2021-05-15 13:19:00
2102,DNR LAW ENFORCEMENT,BLOOMINGTON,2,,1.0,0,0,,,,SR 446,PAYNETOWN RD,,0.0,,39.09176796,-86.42305199,STATE ROAD,,RURAL,N,Y,N,,DAYLIGHT,CLEAR,DRY,,T-INTERSECTION,,ASPHALT,IMPROPER TURNING,RIGHT ANGLE,StateRd446PaynetownRd,,2021-05-15 14:10:00
2103,BLOOMINGTON PD,BLOOMINGTON,1,0.0,0.0,0,0,,,,E HEATHER DR,S PRESTON CT,,,,39.126367,-86.521194,LOCAL/CITY ROAD,N,URBAN,N,N,N,,DAYLIGHT,CLEAR,DRY,,T-INTERSECTION,CURVE/LEVEL,ASPHALT,RAN OFF ROAD RIGHT,RAN OFF ROAD,EHEATHERDRSPRESTONCT,NONE,2021-05-15 14:10:00
2104,BLOOMINGTON PD,BLOOMINGTON,2,0.0,2.0,0,0,,,,SR 45/46,E MATLOCK RD,,200.0,W,39.186032,-86.51984,LOCAL/CITY ROAD,N,URBAN,N,N,N,,DAYLIGHT,CLOUDY,DRY,,FOUR-WAY INTERSECTION,STRAIGHT/LEVEL,ASPHALT,UNSAFE LANE MOVEMENT,RIGHT ANGLE,EMATLOCKRDESTATEROAD4546HWY,TRAFFIC CONTROL SIGNAL,2021-05-15 16:51:00
2105,MONROE SD,BLOOMINGTON,1,0.0,0.0,0,0,,,,POINT VIEW DR,E POINTE RD,,,,39.032013,-86.51126249,UNKNOWN,N,RURAL,N,N,N,,DARK (LIGHTED),CLOUDY,DRY,,T-INTERSECTION,STRAIGHT/LEVEL,ASPHALT,OTHER (VEHICLE) - EXPLAIN IN NARRATIVE,RAN OFF ROAD,POINTERETREATDRPOINTERD,STOP SIGN,2021-05-15 22:34:00
2106,MONROE SD,BLOOMINGTON,2,0.0,1.0,0,0,,,,S FAIRFAX RD,E SMITHVILLE RD,,,,39.071152,-86.503088,LOCAL/CITY ROAD,N,URBAN,N,N,N,,DARK (LIGHTED),CLOUDY,DRY,,NO JUNCTION INVOLVED,STRAIGHT/GRADE,ASPHALT,DISREGARD SIGNAL/REG SIGN,RIGHT ANGLE,ESMITHVILLERDSFAIRFAXRD,STOP SIGN,2021-05-15 22:39:00
2107,BLOOMINGTON PD,BLOOMINGTON,2,0.0,0.0,0,0,,,,S ROGERS ST,W 2ND ST,,,,39.16152,-86.538592,LOCAL/CITY ROAD,N,URBAN,N,N,N,,DAYLIGHT,CLEAR,DRY,,FOUR-WAY INTERSECTION,STRAIGHT/GRADE,ASPHALT,FOLLOWING TOO CLOSELY,REAR END,SOUTHROGERSSTWEST2NDST,TRAFFIC CONTROL SIGNAL,2021-05-14 08:58:00
2108,BLOOMINGTON PD,BLOOMINGTON,2,0.0,0.0,0,0,,,,SR 46,S SMITH RD,,,,39.16424,-86.480688,LOCAL/CITY ROAD,N,URBAN,N,N,N,,DAYLIGHT,CLEAR,DRY,,FOUR-WAY INTERSECTION,STRAIGHT/LEVEL,ASPHALT,DRIVER DISTRACTED - EXPLAIN IN NARRATIVE,REAR END,E3RDSTSSMITHPIKE,TRAFFIC CONTROL SIGNAL,2021-05-14 12:10:00
2109,MONROE SD,BLOOMINGTON,2,0.0,0.0,0,0,,,,S WALNUT ST PIKE,S FAIRFAX RD,,,,39.10722,-86.531496,INTERSTATE,N,RURAL,N,N,N,,DAYLIGHT,CLEAR,DRY,,T-INTERSECTION,STRAIGHT/LEVEL,ASPHALT,FOLLOWING TOO CLOSELY,REAR END,FAIRFAXRDWALNUTSTPIKE,STOP SIGN,2021-05-14 16:03:00
2110,MONROE SD,BLOOMINGTON,1,0.0,0.0,0,1,,,,I-69 N,,,250.0,S,0.0,0.0,INTERSTATE,N,RURAL,N,N,N,,DARK (NOT LIGHTED),CLEAR,DRY,,NO JUNCTION INVOLVED,CURVE/LEVEL,ASPHALT,ANIMAL/OBJECT IN ROADWAY,COLLISION WITH DEER,I69N108.0,NONE,2021-05-14 21:17:00
2111,BLOOMINGTON PD,BLOOMINGTON,1,0.0,1.0,0,0,1620,,,W 3RD ST,ENTRANCE TO WATER WORLD CAR WASH,,,,39.16454492,-86.55365233,UNKNOWN,N,URBAN,N,N,N,,DARK (NOT LIGHTED),CLEAR,DRY,,NO JUNCTION INVOLVED,STRAIGHT/LEVEL,ASPHALT,PEDESTRIAN ACTION,OTHER - EXPLAIN IN NARRATIVE,W3RDST,NONE,2021-05-14 22:46:00
2112,BLOOMINGTON PD,BLOOMINGTON,1,0.0,1.0,0,0,,,,N PINE ST,W 6TH ST,,50.0,S,39.167728,-86.548336,LOCAL/CITY ROAD,Y,URBAN,N,N,N,,DARK (NOT LIGHTED),CLEAR,DRY,,NO JUNCTION INVOLVED,STRAIGHT/GRADE,ASPHALT,OTHER (DRIVER) - EXPLAIN IN NARRATIVE,OTHER - EXPLAIN IN NARRATIVE,NPINESTW6THST,NONE,2021-05-13 01:31:00
2113,BLOOMINGTON PD,BLOOMINGTON,2,0.0,1.0,0,0,,69,S,SR 45,I-69 S,,,,0.0,0.0,STATE ROAD,N,URBAN,N,N,N,,DAYLIGHT,CLEAR,DRY,,RAMP,CURVE/GRADE,ASPHALT,FOLLOWING TOO CLOSELY,REAR END,SR45W,TRAFFIC CONTROL SIGNAL,2021-05-13 12:01:00
2114,BLOOMINGTON PD,BLOOMINGTON,2,0.0,1.0,0,0,,,,W 2ND ST,S ROGERS ST,,,,39.16138,-86.53867,LOCAL/CITY ROAD,N,URBAN,N,N,N,,DAYLIGHT,CLEAR,DRY,,NO JUNCTION INVOLVED,STRAIGHT/LEVEL,ASPHALT,DISREGARD SIGNAL/REG SIGN,RIGHT ANGLE,ROGERSSTW2NDST,TRAFFIC CONTROL SIGNAL,2021-05-13 13:20:00
2115,DNR LAW ENFORCEMENT,BLOOMINGTON,2,,0.0,0,0,,,,S FAIRFAX RD,S STRAIN RDIGE RD,,0.0,,39.0743656,-86.50576777,,,RURAL,N,N,N,,DAYLIGHT,CLEAR,DRY,,T-INTERSECTION,,ASPHALT,VIEW OBSTRUCTED,LEFT TURN,SStrainRidgeRdsfairfaxrd,,2021-05-13 13:23:00
2116,BLOOMINGTON PD,BLOOMINGTON,2,0.0,0.0,0,0,,69,N,W 3RD ST,I-69 N,,,,0.0,0.0,LOCAL/CITY ROAD,N,URBAN,N,N,N,,DAYLIGHT,CLEAR,DRY,,RAMP,CURVE/GRADE,ASPHALT,FOLLOWING TOO CLOSELY,REAR END,W3RDST,TRAFFIC CONTROL SIGNAL,2021-05-13 13:38:00
2117,BLOOMINGTON PD,BLOOMINGTON,3,0.0,0.0,0,0,,,,SR 48,S GATES DR,,,,39.16466,-86.576125,LOCAL/CITY ROAD,Y,URBAN,N,N,N,,DAYLIGHT,CLEAR,DRY,,FOUR-WAY INTERSECTION,STRAIGHT/GRADE,ASPHALT,FOLLOWING TOO CLOSELY,REAR END,SGATESDRW3RDST,TRAFFIC CONTROL SIGNAL,2021-05-13 14:57:00
2118,MONROE SD,BLOOMINGTON,1,0.0,0.0,0,0,,,,SR 46,N HARTSTRAIT RD,,100.0,E,39.227137,-86.61522666,STATE ROAD,N,RURAL,N,N,N,,DAYLIGHT,CLEAR,DRY,,NO JUNCTION INVOLVED,CURVE/GRADE,ASPHALT,RAN OFF ROAD RIGHT,RAN OFF ROAD,SR46ETAILWATERRD,NONE,2021-05-13 17:36:00
2119,MORGAN SD,BLOOMINGTON,1,0.0,0.0,0,1,,,,I-69 N,,,,,39.3759642,-86.4766265,INTERSTATE,N,RURAL,N,N,N,,DAYLIGHT,CLEAR,DRY,,NO JUNCTION INVOLVED,STRAIGHT/GRADE,CONCRETE,ANIMAL/OBJECT IN ROADWAY,COLLISION WITH DEER,I69NLIBERTYCHURCHRD,LANE CONTROL,2021-05-12 07:13:00
2120,BLOOMINGTON PD,BLOOMINGTON,2,0.0,0.0,0,0,,,,S ROGERS ST,W CHEROKEE DR,,200.0,N,39.16808335,-86.538856,COUNTY ROAD,N,URBAN,N,N,N,,DAYLIGHT,CLEAR,DRY,,NO JUNCTION INVOLVED,STRAIGHT/LEVEL,ASPHALT,FOLLOWING TOO CLOSELY,REAR END,CHEROKEEDRROGERSST,LANE CONTROL,2021-05-12 08:08:00
2121,BLOOMINGTON PD,BLOOMINGTON,2,0.0,1.0,0,0,,,,W TAPP RD,S ADAMS ST,,,,39.136643,-86.554158,LOCAL/CITY ROAD,N,URBAN,N,N,N,,DAYLIGHT,CLEAR,DRY,,FOUR-WAY INTERSECTION,CURVE/LEVEL,ASPHALT,ANIMAL/OBJECT IN ROADWAY,REAR END,ADAMSSTTAPPRD,ROUNDABOUT INTERSECTION,2021-05-12 08:38:00
2122,BLOOMINGTON PD,BLOOMINGTON,2,0.0,0.0,0,0,,,,E 2ND ST,S COLLEGE MALL RD,,75.0,W,39.160944,-86.497696,LOCAL/CITY ROAD,N,URBAN,N,N,N,,DAYLIGHT,CLEAR,DRY,,FOUR-WAY INTERSECTION,STRAIGHT/GRADE,ASPHALT,FOLLOWING TOO CLOSELY,REAR END,COLLEGEMALLRDEAST2NDST,NONE,2021-05-12 10:15:00
2123,BLOOMINGTON PD,BLOOMINGTON,3,0.0,0.0,0,0,,,,E 3RD ST,S JEFFERSON ST,,50.0,E,39.16426,-86.50709132,LOCAL/CITY ROAD,N,URBAN,N,N,N,,DAYLIGHT,CLEAR,DRY,,T-INTERSECTION,STRAIGHT/GRADE,ASPHALT,FOLLOWING TOO CLOSELY,REAR END,EAST3RDSTSOUTHJEFERSONST,LANE CONTROL,2021-05-12 12:56:00
2124,BLOOMINGTON PD,BLOOMINGTON,1,0.0,0.0,0,0,,,,S HENDERSON ST,E HILLSIDE DR,,,,39.15064,-86.52696,LOCAL/CITY ROAD,Y,URBAN,Y,N,N,,DAYLIGHT,CLEAR,DRY,,FOUR-WAY INTERSECTION,STRAIGHT/GRADE,ASPHALT,IMPROPER TURNING,RAN OFF ROAD,EHILLSIDEDRSHENDERSONST,TRAFFIC CONTROL SIGNAL,2021-05-12 15:11:00
2125,BLOOMINGTON PD,BLOOMINGTON,3,0.0,1.0,0,0,,,,S COLLEGE MALL RD,,,300.0,S,39.12343803,-86.4976527,LOCAL/CITY ROAD,N,URBAN,N,N,Y,LANE CLOSURE,DAYLIGHT,CLEAR,DRY,,NO JUNCTION INVOLVED,STRAIGHT/LEVEL,ASPHALT,FOLLOWING TOO CLOSELY,REAR END,EASTCOVENANTERBLVDSOUTHCOLLEGEMALLRD,NONE,2021-05-12 15:35:00
2126,INDIANA UNIV BLOOMINGTON PD,BLOOMINGTON,2,0.0,0.0,0,0,,,,SR 45/46,N DUNN ST,,,,39.186352,-86.528496,STATE ROAD,N,URBAN,N,N,N,,DAYLIGHT,CLEAR,DRY,,NO JUNCTION INVOLVED,STRAIGHT/LEVEL,ASPHALT,DRIVER DISTRACTED - EXPLAIN IN NARRATIVE,REAR END,DUNNSTSR46E,TRAFFIC CONTROL SIGNAL,2021-05-12 16:14:00
2127,BLOOMINGTON PD,BLOOMINGTON,2,0.0,0.0,0,0,,,,W TAPP RD,S LEONARD SPRINGS RD,,,,39.13704,-86.582512,LOCAL/CITY ROAD,N,URBAN,N,N,N,,DAYLIGHT,CLEAR,DRY,,T-INTERSECTION,STRAIGHT/LEVEL,ASPHALT,FAILURE TO YIELD RIGHT OF WAY,LEFT TURN,SLEONARDSPRINGSRDWTAPPRD,NONE,2021-05-12 17:16:00