_id,Agency,City,Vehicles Involved,Trailers Involved,Number Injured,Number Dead,Number Deer,House Number,Roadway Interchange,Roadway Ramp,Roadway Id,Intersecting Road,Interchange,Feet From,Direction,Latitude,Longitude,Roadway Class,Hit and Run?,Locality,School Zone?,Rumble Strips?,Construction?,Construction Type,Light Condition,Weather Conditions,Surface Condition,Type of Median,Roadway Junction Type,Road Character,Roadway Surface,Primary Factor,Manner of Collision,Unique Location Id,Traffic Control,DateTime
2128,ELLETTSVILLE PD,ELLETTSVILLE,2,0.0,2.0,0,0,,,,SR 46,ENTRANCE TO MARATHON GAS STATION,,100.0,E,39.245757,-86.63672466,STATE ROAD,N,URBAN,N,N,N,,DAYLIGHT,CLEAR,DRY,,NO JUNCTION INVOLVED,CURVE/LEVEL,ASPHALT,FAILURE TO YIELD RIGHT OF WAY,RIGHT ANGLE,REDHILLRDSR46W,LANE CONTROL,2021-05-12 17:39:00
2129,ISP BLOOMINGTON 33,BLOOMINGTON,1,,0.0,0,0,,,,SR 446,S KNIGHTRIDGE RD (MID),,0.0,,39.13587998,-86.45690425,STATE ROAD,,RURAL,N,Y,N,,DAYLIGHT,CLEAR,DRY,,FOUR-WAY INTERSECTION,,ASPHALT,UNSAFE SPEED,RAN OFF ROAD,StateRd446S.KnightridgeRd.,,2021-05-12 18:00:00
2130,BLOOMINGTON PD,BLOOMINGTON,2,0.0,1.0,0,0,,,,S ROGERS ST,W RALSTON DR,,60.0,S,0.0,0.0,LOCAL/CITY ROAD,Y,URBAN,N,N,N,,DARK (LIGHTED),CLEAR,DRY,,NO JUNCTION INVOLVED,STRAIGHT/GRADE,,IMPROPER LANE USAGE,HEAD ON BETWEEN TWO MOTOR VEHICLES,RALSTONSTSROGERSST,NONE,2021-05-12 21:45:00
2131,BLOOMINGTON PD,BLOOMINGTON,2,0.0,1.0,0,0,,,,W BLOOMFIELD RD,S STONE DR,,300.0,E,39.15334533,-86.56574824,LOCAL/CITY ROAD,N,URBAN,N,N,N,,DAYLIGHT,CLOUDY,DRY,,NO JUNCTION INVOLVED,CURVE/GRADE,ASPHALT,LEFT OF CENTER,HEAD ON BETWEEN TWO MOTOR VEHICLES,BLOOMFIELDRDSTONEDR,LANE CONTROL,2021-05-11 08:17:00
2132,MONROE SD,BLOOMINGTON,2,0.0,0.0,0,0,,,,S CURRY PIKE,W INDUSTRIAL BLVD,,,,39.143808,-86.582592,COUNTY ROAD,N,RURAL,N,N,N,,DAYLIGHT,CLEAR,DRY,,T-INTERSECTION,STRAIGHT/GRADE,ASPHALT,FAILURE TO YIELD RIGHT OF WAY,LEFT TURN,SOUTHCURRYPIKEWESTINDUSTRIALBLVD,STOP SIGN,2021-05-11 09:45:00
2133,BLOOMINGTON PD,BLOOMINGTON,2,0.0,0.0,0,0,,,,S HENDERSON ST,E WINSLOW RD,,,,39.136144,-86.5268,LOCAL/CITY ROAD,N,URBAN,N,N,N,,DAYLIGHT,CLOUDY,DRY,,FOUR-WAY INTERSECTION,STRAIGHT/LEVEL,ASPHALT,FOLLOWING TOO CLOSELY,REAR END,EASTWINSLOWRDSOUTHHENDERSONST,TRAFFIC CONTROL SIGNAL,2021-05-11 13:28:00
2134,BLOOMINGTON PD,BLOOMINGTON,1,1.0,0.0,0,0,,,,N MADISON ST,W 15TH ST,,,,39.17664,-86.537712,LOCAL/CITY ROAD,N,URBAN,N,N,N,,DAYLIGHT,CLEAR,DRY,,T-INTERSECTION,STRAIGHT/LEVEL,ASPHALT,IMPROPER TURNING,RAN OFF ROAD,NMADISONSTW15THST,STOP SIGN,2021-05-11 16:09:00
2135,BLOOMINGTON PD,BLOOMINGTON,1,1.0,0.0,0,0,,,,N ROGERS ST,W 15TH ST,,,,39.17664,-86.538496,LOCAL/CITY ROAD,N,URBAN,N,N,N,,DAYLIGHT,CLEAR,DRY,,T-INTERSECTION,STRAIGHT/LEVEL,ASPHALT,IMPROPER TURNING,RAN OFF ROAD,NROGERSSTW15THST,STOP SIGN,2021-05-11 16:09:00
2136,BLOOMINGTON PD,BLOOMINGTON,1,0.0,0.0,0,0,,,,N FAIRVIEW ST,W 11TH ST,,,,39.173152,-86.5408,LOCAL/CITY ROAD,N,URBAN,N,N,N,,DAYLIGHT,CLEAR,DRY,,T-INTERSECTION,CURVE/GRADE,ASPHALT,STEERING FAILURE,OTHER - EXPLAIN IN NARRATIVE,NORTHFAIRVIEWSTWEST11THST,LANE CONTROL,2021-05-10 01:29:00
2137,BLOOMINGTON PD,BLOOMINGTON,2,0.0,0.0,0,0,,,,E MAXWELL LN,S FESS AVE,,,,39.157936,-86.525888,LOCAL/CITY ROAD,Y,URBAN,N,N,N,,DARK (NOT LIGHTED),CLEAR,DRY,,FOUR-WAY INTERSECTION,STRAIGHT/GRADE,ASPHALT,UNSAFE LANE MOVEMENT,SAME DIRECTION SIDESWIPE,FESSAVEMAXWELLLN,NONE,2021-05-10 07:00:00
2138,ELLETTSVILLE PD,ELLETTSVILLE,2,0.0,0.0,0,0,,,,SR 46,N MATTHEWS DR (S),,,,39.234768,-86.626384,STATE ROAD,N,URBAN,N,N,N,,DAYLIGHT,CLEAR,DRY,,T-INTERSECTION,STRAIGHT/GRADE,ASPHALT,FAILURE TO YIELD RIGHT OF WAY,RIGHT ANGLE,MATTHEWSDRSR46W,STOP SIGN,2021-05-10 08:39:00
2139,ISP BLOOMINGTON 33,BLOOMINGTON,2,,1.0,0,0,,,,I-69 S,W TAPP RD,,0.0,,39.1391231,-86.57310895,INTERSTATE,,RURAL,N,N,N,,DAYLIGHT,CLEAR,DRY,,NO JUNCTION INVOLVED,,ASPHALT,DRIVER DISTRACTED - EXPLAIN IN NARRATIVE,REAR END,I-69S70ftnorthof116.5mm,,2021-05-10 08:42:00
2140,INDIANA UNIV BLOOMINGTON PD,BLOOMINGTON,2,0.0,0.0,0,0,,,,E 10TH ST,N SUNRISE DR,,,,39.171585,-86.512477,LOCAL/CITY ROAD,N,URBAN,N,N,N,,DAYLIGHT,CLEAR,DRY,,FOUR-WAY INTERSECTION,STRAIGHT/GRADE,ASPHALT,FOLLOWING TOO CLOSELY,REAR END,NSUNRISEDRTENTHST,TRAFFIC CONTROL SIGNAL,2021-05-10 15:03:00
2141,BLOOMINGTON PD,BLOOMINGTON,2,0.0,1.0,0,0,,,,SR 46,E 3RD ST,,,,39.1641814,-86.4959745,LOCAL/CITY ROAD,N,URBAN,N,N,N,,DAYLIGHT,CLEAR,DRY,,FOUR-WAY INTERSECTION,STRAIGHT/LEVEL,ASPHALT,FOLLOWING TOO CLOSELY,REAR END,3RDSTCOLLEGEMALLAVE,TRAFFIC CONTROL SIGNAL,2021-05-10 15:13:00
2142,MONROE SD,BLOOMINGTON,2,1.0,0.0,0,0,,,,SR 37,W DILLMAN RD,,300.0,N,39.1246303,-86.546052,STATE ROAD,N,RURAL,N,N,Y,LANE CLOSURE,DAYLIGHT,CLEAR,DRY,,NO JUNCTION INVOLVED,STRAIGHT/LEVEL,ASPHALT,UNSAFE LANE MOVEMENT,SAME DIRECTION SIDESWIPE,SR37NWDILLMANRD,NONE,2021-05-10 16:53:00
2143,MONROE SD,BLOOMINGTON,1,0.0,0.0,0,0,173,,,N WAYPORT RD,E SAMPLE RD,,,,39.266133,-86.521312,LOCAL/CITY ROAD,N,RURAL,N,N,N,,DAYLIGHT,CLEAR,DRY,,NO JUNCTION INVOLVED,CURVE/LEVEL,CONCRETE,UNSAFE SPEED,RAN OFF ROAD,ESAMPLERD,NONE,2021-05-10 18:12:00
2144,BLOOMINGTON PD,BLOOMINGTON,1,0.0,0.0,0,0,,,,N ADAMS ST,INDIANA RAILROAD BRIDGE,,100.0,N,39.168576,-86.5496,LOCAL/CITY ROAD,N,URBAN,N,N,N,,DAWN/DUSK,CLOUDY,DRY,,NO JUNCTION INVOLVED,STRAIGHT/LEVEL,ASPHALT,OTHER (DRIVER) - EXPLAIN IN NARRATIVE,OTHER - EXPLAIN IN NARRATIVE,7THSTNADAMSST,NONE,2021-05-10 18:22:00
2145,BLOOMINGTON PD,BLOOMINGTON,2,0.0,1.0,0,0,,,,W COUNTRY CLUB DR,ENTRANCE TO WALNUT PARK SHOPPINIG CENTER,,300.0,W,39.135932,-86.53106504,COUNTY ROAD,N,URBAN,N,N,N,,DARK (LIGHTED),CLEAR,DRY,,FOUR-WAY INTERSECTION,STRAIGHT/GRADE,ASPHALT,FAILURE TO YIELD RIGHT OF WAY,RIGHT ANGLE,SWALNUTSTWCOUNTRYCLUBRD,OTHER REGULATORY SIGN/MARKING,2021-05-10 21:15:00
2146,MONROE SD,BLOOMINGTON,1,0.0,0.0,0,0,,123,S,I-69 S,N SR 37 BUSINESS,,,,0.0,0.0,INTERSTATE,N,RURAL,N,N,N,,DAYLIGHT,CLOUDY,WET,,RAMP,CURVE/GRADE,ASPHALT,SPEED TOO FAST FOR WEATHER CONDITIONS,RAN OFF ROAD,I69S,NONE,2021-05-09 13:50:00
2147,ISP BLOOMINGTON 33,BLOOMINGTON,1,,0.0,0,0,,,,I-69 N,,,0.0,,39.05084863,-86.68004698,INTERSTATE,,RURAL,N,N,N,,DARK (NOT LIGHTED),CLEAR,DRY,,NO JUNCTION INVOLVED,,ASPHALT,DRIVER DISTRACTED - EXPLAIN IN NARRATIVE,RAN OFF ROAD,I-69105,,2021-05-09 18:30:00
2148,ELLETTSVILLE PD,ELLETTSVILLE,2,0.0,0.0,0,0,,,,S 3RD ST,W ASSOCIATION ST,,,,39.232032,-86.623808,LOCAL/CITY ROAD,N,URBAN,N,N,N,,DAYLIGHT,CLEAR,DRY,,NO JUNCTION INVOLVED,STRAIGHT/LEVEL,ASPHALT,FAILURE TO YIELD RIGHT OF WAY,OTHER - EXPLAIN IN NARRATIVE,ASSOCIATIONSTTHIRDST,STOP SIGN,2021-05-07 07:55:00
2149,BLOOMINGTON PD,BLOOMINGTON,2,0.0,0.0,0,0,,,,S COLLEGE AVE,W 3RD ST,,,,39.16464,-86.534816,LOCAL/CITY ROAD,N,URBAN,N,N,N,,DAYLIGHT,CLEAR,DRY,,NO JUNCTION INVOLVED,STRAIGHT/LEVEL,ASPHALT,DISREGARD SIGNAL/REG SIGN,RIGHT ANGLE,SCOLLEGEAVEW3RDST,TRAFFIC CONTROL SIGNAL,2021-05-07 08:01:00
2150,BLOOMINGTON PD,BLOOMINGTON,2,0.0,0.0,0,0,,,,S SARE RD,E ROGERS RD,,,,39.13584,-86.496288,LOCAL/CITY ROAD,N,URBAN,N,N,N,,DAYLIGHT,CLEAR,DRY,,TRAFFIC CIRCLE/ROUNDABOUT,CURVE/LEVEL,ASPHALT,FAILURE TO YIELD RIGHT OF WAY,RIGHT ANGLE,ROGERSRDSARERD,ROUNDABOUT INTERSECTION,2021-05-07 08:35:00
2151,BLOOMINGTON PD,BLOOMINGTON,2,0.0,1.0,0,0,,,,W 3RD ST,S KIMBLE DR,,50.0,W,39.16464,-86.568,LOCAL/CITY ROAD,N,URBAN,N,N,N,,DAYLIGHT,CLOUDY,DRY,,NO JUNCTION INVOLVED,STRAIGHT/GRADE,ASPHALT,FOLLOWING TOO CLOSELY,REAR END,SKIMBLEDRW3RDST,LANE CONTROL,2021-05-07 12:12:00
2152,ISP BLOOMINGTON 33,BLOOMINGTON,2,,0.0,0,0,,,,SR 45/46,N COLLEGE AVE,,100.0,,39.18623654,-86.53488583,STATE ROAD,,URBAN,N,N,N,,DAYLIGHT,CLOUDY,DRY,,NO JUNCTION INVOLVED,,ASPHALT,FAILURE TO YIELD RIGHT OF WAY,REAR END,SR45100FtwestofCollegeAve,,2021-05-07 13:10:00
2153,BLOOMINGTON PD,BLOOMINGTON,2,0.0,0.0,0,0,,,,N GRANT ST,E 10TH ST,,,,39.171696,-86.529696,,Y,URBAN,N,N,N,,UNKNOWN,CLEAR,DRY,,NO JUNCTION INVOLVED,STRAIGHT/LEVEL,ASPHALT,IMPROPER LANE USAGE,SAME DIRECTION SIDESWIPE,E10THSTNGRANTST,NONE,2021-05-07 13:30:00
2154,BLOOMINGTON PD,BLOOMINGTON,2,0.0,0.0,0,0,,,,E HILLSIDE DR,S HUNTINGTON DR,,40.0,E,39.150688,-86.520896,LOCAL/CITY ROAD,N,URBAN,N,N,N,,DAYLIGHT,CLOUDY,WET,,T-INTERSECTION,STRAIGHT/LEVEL,ASPHALT,FOLLOWING TOO CLOSELY,REAR END,EASTHILLSIDEDRSOUTHHUNTINGTONST,NONE,2021-05-07 16:55:00
2155,BLOOMINGTON PD,BLOOMINGTON,2,1.0,0.0,0,0,,,,S GRANT ST,E 3RD ST,,50.0,N,39.16464,-86.529728,LOCAL/CITY ROAD,N,URBAN,N,N,N,,DAYLIGHT,CLEAR,DRY,,NO JUNCTION INVOLVED,STRAIGHT/GRADE,ASPHALT,IMPROPER PASSING,OTHER - EXPLAIN IN NARRATIVE,E3RDSTSGRANTST,NONE,2021-05-07 16:59:00
2156,MONROE SD,BLOOMINGTON,2,0.0,1.0,0,0,,,,S WALNUT ST,W DILLMAN RD,,,,39.092976,-86.545648,STATE ROAD,N,URBAN,N,N,N,,DAYLIGHT,CLEAR,DRY,,FOUR-WAY INTERSECTION,CURVE/HILLCREST,ASPHALT,FAILURE TO YIELD RIGHT OF WAY,RIGHT ANGLE,DILLMANRDSR37S,STOP SIGN,2021-05-07 17:30:00
2157,MONROE SD,BLOOMINGTON,1,0.0,0.0,0,0,,,,I-69 N,,,100.0,S,0.0,0.0,INTERSTATE,N,RURAL,N,N,N,,DARK (NOT LIGHTED),CLEAR,DRY,,NO JUNCTION INVOLVED,STRAIGHT/HILLCREST,CONCRETE,ANIMAL/OBJECT IN ROADWAY,COLLISION WITH ANIMAL OTHER,I69N110.5,NONE,2021-05-07 22:38:00
2158,BLOOMINGTON PD,BLOOMINGTON,2,0.0,0.0,0,0,,,,S SARE RD,E CREEKS EDGE DR,,100.0,S,39.11935068,-86.49695025,LOCAL/CITY ROAD,N,URBAN,N,N,N,,DARK (NOT LIGHTED),CLEAR,DRY,,T-INTERSECTION,STRAIGHT/LEVEL,ASPHALT,OTHER (ENVIRONMENTAL) - EXPLAIN IN NARR,REAR END,ECREEKSEDGEDRSSARERD,NONE,2021-05-07 23:28:00
2159,ELLETTSVILLE PD,ELLETTSVILLE,2,0.0,0.0,0,0,,,,SR 46,,,400.0,E,39.266807,-86.66576866,STATE ROAD,N,RURAL,N,N,N,,DAYLIGHT,CLEAR,DRY,,NO JUNCTION INVOLVED,STRAIGHT/LEVEL,ASPHALT,IMPROPER PASSING,SAME DIRECTION SIDESWIPE,SR46WSTINESVILLERD,LANE CONTROL,2021-05-06 10:55:00
2160,BLOOMINGTON PD,BLOOMINGTON,2,0.0,0.0,0,0,,,,W 17TH ST,N COLLEGE AVE,,,,39.17896,-86.53472,LOCAL/CITY ROAD,N,URBAN,N,N,N,,DAYLIGHT,CLEAR,DRY,,FOUR-WAY INTERSECTION,STRAIGHT/LEVEL,ASPHALT,IMPROPER LANE USAGE,SAME DIRECTION SIDESWIPE,EAST17THSTNORTHCOLLEGEAVE,TRAFFIC CONTROL SIGNAL,2021-05-06 12:47:00
2161,MONROE SD,BLOOMINGTON,2,1.0,0.0,0,0,,,,N HARTSTRAIT RD,,,1000.0,N,39.33253013,-86.61641523,LOCAL/CITY ROAD,N,RURAL,N,N,N,,DAYLIGHT,CLOUDY,DRY,,NO JUNCTION INVOLVED,STRAIGHT/HILLCREST,ASPHALT,UNSAFE SPEED,REAR END,NHARTSTRAITRDNWELLNESSWAY,NONE,2021-05-06 14:58:00
2162,INDIANA UNIV BLOOMINGTON PD,BLOOMINGTON,2,0.0,0.0,0,0,,,,SR 45/46,E 17TH ST,,,,,,STATE ROAD,Y,URBAN,N,N,N,,DAYLIGHT,CLEAR,DRY,,T-INTERSECTION,STRAIGHT/LEVEL,ASPHALT,FOLLOWING TOO CLOSELY,REAR END,EAST17THSTSR46,TRAFFIC CONTROL SIGNAL,2021-05-06 15:20:00
2163,INDIANA UNIV BLOOMINGTON PD,BLOOMINGTON,2,0.0,0.0,0,0,,,,SR 45/46,E DISCOVERY PKWY,,,,0.0,0.0,STATE ROAD,N,URBAN,N,N,N,,DAYLIGHT,CLEAR,DRY,,NO JUNCTION INVOLVED,STRAIGHT/LEVEL,ASPHALT,FOLLOWING TOO CLOSELY,REAR END,DISCOVERYPKWYSR4546S,LANE CONTROL,2021-05-06 17:48:00
2164,INDIANA UNIV BLOOMINGTON PD,BLOOMINGTON,2,0.0,0.0,0,0,,,,SR 45/46,E DISCOVERY PKWY,,100.0,S,39.21654567,-86.61521799,LOCAL/CITY ROAD,N,URBAN,N,N,N,,DAYLIGHT,CLOUDY,DRY,,NO JUNCTION INVOLVED,STRAIGHT/LEVEL,ASPHALT,FOLLOWING TOO CLOSELY,REAR END,DISCOVERYPKWYSR46BYP,NONE,2021-05-06 17:53:00
2165,INDIANA UNIV BLOOMINGTON PD,BLOOMINGTON,2,0.0,0.0,0,0,,,,S SWAIN AVE,E 3RD ST,,,,,,LOCAL/CITY ROAD,N,URBAN,N,N,N,,DAYLIGHT,RAIN,WET,,T-INTERSECTION,STRAIGHT/LEVEL,ASPHALT,IMPROPER TURNING,LEFT TURN,SWAINAVETHIRDST,LANE CONTROL,2021-05-06 19:14:00
2166,MONROE SD,BLOOMINGTON,2,0.0,0.0,0,0,,,,N LINTEL DR,N CURRY PIKE,,,,39.1926083,-86.5757145,LOCAL/CITY ROAD,N,RURAL,N,N,N,,DAYLIGHT,CLEAR,DRY,,T-INTERSECTION,STRAIGHT/LEVEL,ASPHALT,IMPROPER TURNING,HEAD ON BETWEEN TWO MOTOR VEHICLES,NCURRYPIKENLINTELDR,NONE,2021-05-05 01:45:00
2167,INDIANA UNIV BLOOMINGTON PD,BLOOMINGTON,1,0.0,1.0,0,0,200,,,UNIVERSITY AVE,,,,,,,LOCAL/CITY ROAD,N,URBAN,N,N,N,,DARK (LIGHTED),RAIN,WET,,NO JUNCTION INVOLVED,CURVE/LEVEL,ASPHALT,UNSAFE SPEED,NON-COLLISION,SJORDANAVE,NONE,2021-05-05 03:10:00
2168,ELLETTSVILLE PD,ELLETTSVILLE,2,0.0,0.0,0,0,,,,SR 46,N HARTSTRAIT RD,,,,,,STATE ROAD,N,URBAN,N,N,N,,DAYLIGHT,CLEAR,DRY,,FOUR-WAY INTERSECTION,STRAIGHT/LEVEL,ASPHALT,FOLLOWING TOO CLOSELY,REAR END,HARTSTRAIGHTRDSR46W,TRAFFIC CONTROL SIGNAL,2021-05-05 04:50:00
2169,BLOOMINGTON PD,BLOOMINGTON,2,0.0,0.0,0,0,,,,S WALNUT ST,E GRIMES LN,,,,39.15344,-86.5336,LOCAL/CITY ROAD,N,URBAN,N,N,N,,DAYLIGHT,CLEAR,DRY,,FOUR-WAY INTERSECTION,STRAIGHT/LEVEL,ASPHALT,OTHER (DRIVER) - EXPLAIN IN NARRATIVE,REAR END,EGRIMESLNSWALNUTST,TRAFFIC CONTROL SIGNAL,2021-05-05 08:27:00
2170,ISP BLOOMINGTON 33,BLOOMINGTON,2,,0.0,0,0,,,,SR 45/46,N WALNUT ST,,0.0,,39.18624589,-86.53453178,STATE ROAD,,URBAN,N,N,N,,DAYLIGHT,CLEAR,DRY,,FOUR-WAY INTERSECTION,,ASPHALT,DISREGARD SIGNAL/REG SIGN,RIGHT ANGLE,SR45/SR46BypassNWalnutSt,,2021-05-05 08:39:00
2171,ISP BLOOMINGTON 33,BLOOMINGTON,2,,0.0,0,0,4638,,,SR 45,N PRAIRIE GREEN CT,,0.0,,39.17895976,-86.47480435,STATE ROAD,,RURAL,N,N,N,,DAYLIGHT,CLEAR,DRY,,T-INTERSECTION,,ASPHALT,FOLLOWING TOO CLOSELY,REAR END,StateRd45NPrairieGreenCt,,2021-05-05 12:55:00
2172,BLOOMINGTON PD,BLOOMINGTON,2,0.0,0.0,0,0,,,,W 14TH ST,N COLLEGE AVE,,,,39.175984,-86.534736,LOCAL/CITY ROAD,N,URBAN,N,N,N,,DAYLIGHT,CLEAR,DRY,,FOUR-WAY INTERSECTION,STRAIGHT/GRADE,ASPHALT,FAILURE TO YIELD RIGHT OF WAY,RIGHT ANGLE,NORTHCOLLEGEAVEWEST14THST,STOP SIGN,2021-05-05 15:25:00
2173,MONROE SD,BLOOMINGTON,2,0.0,0.0,0,0,,,,SR 45,W AIRPORT RD,,150.0,E,39.13709864,-86.59337215,STATE ROAD,N,RURAL,N,N,N,,DAYLIGHT,CLEAR,DRY,,T-INTERSECTION,STRAIGHT/LEVEL,ASPHALT,FOLLOWING TOO CLOSELY,REAR END,SR45WWAIRPORTRD,TRAFFIC CONTROL SIGNAL,2021-05-05 15:51:00
2174,BLOOMINGTON PD,BLOOMINGTON,2,0.0,2.0,0,0,,,,N ADAMS ST,W KIRKWOOD AVE,,,,39.166816,-86.549488,LOCAL/CITY ROAD,N,URBAN,N,N,N,,DAYLIGHT,CLEAR,DRY,,FOUR-WAY INTERSECTION,STRAIGHT/GRADE,ASPHALT,FAILURE TO YIELD RIGHT OF WAY,LEFT/RIGHT TURN,NORTHADAMSSTWESTKIRKWOODAVE,TRAFFIC CONTROL SIGNAL,2021-05-05 16:59:00
2175,ELLETTSVILLE PD,ELLETTSVILLE,2,0.0,1.0,0,0,,,,SR 46,N DEER PARK DR,,,,39.212048,-86.5872,STATE ROAD,N,URBAN,N,N,N,,DAYLIGHT,CLEAR,DRY,,T-INTERSECTION,STRAIGHT/LEVEL,ASPHALT,FAILURE TO YIELD RIGHT OF WAY,LEFT TURN,DEERPARKDRSR46W,LANE CONTROL,2021-05-05 17:18:00
2176,MONROE SD,BLOOMINGTON,2,0.0,0.0,0,0,,,,SR 48,,,500.0,W,0.0,0.0,STATE ROAD,N,RURAL,N,N,N,,DAYLIGHT,CLOUDY,DRY,,NO JUNCTION INVOLVED,CURVE/LEVEL,ASPHALT,IMPROPER LANE USAGE,SAME DIRECTION SIDESWIPE,SR48WVERNALPIKE,NONE,2021-05-05 18:07:00
2177,MONROE SD,BLOOMINGTON,1,0.0,0.0,0,0,,,,SR 45,S ISON RD,,,,,,STATE ROAD,N,RURAL,N,N,N,,DAWN/DUSK,CLEAR,DRY,,T-INTERSECTION,STRAIGHT/GRADE,ASPHALT,RAN OFF ROAD RIGHT,RAN OFF ROAD,ISONRDSR45W,NONE,2021-05-05 20:04:00
2178,INDIANA UNIV BLOOMINGTON PD,BLOOMINGTON,2,0.0,0.0,0,0,,,,N UNION ST,E 10TH ST,,,,,,LOCAL/CITY ROAD,Y,URBAN,N,N,N,,DARK (NOT LIGHTED),CLEAR,DRY,,FOUR-WAY INTERSECTION,STRAIGHT/LEVEL,ASPHALT,LEFT OF CENTER,HEAD ON BETWEEN TWO MOTOR VEHICLES,TENTHSTUNIONST,TRAFFIC CONTROL SIGNAL,2021-05-05 23:43:00
2179,BLOOMINGTON PD,BLOOMINGTON,2,0.0,1.0,0,0,,,,S WALNUT ST,E MILLER DR,,,,,,LOCAL/CITY ROAD,N,URBAN,N,N,N,,DAYLIGHT,CLOUDY,DRY,,T-INTERSECTION,STRAIGHT/LEVEL,ASPHALT,FAILURE TO YIELD RIGHT OF WAY,RIGHT ANGLE,EASTMILLERDRSOUTHWALNUTST,TRAFFIC CONTROL SIGNAL,2021-05-04 10:35:00
2180,MONROE SD,ELLETTSVILLE,2,0.0,1.0,0,0,,,,SR 46,N CENTENNIAL DR,,,,,,STATE ROAD,N,URBAN,N,N,N,,DAYLIGHT,CLOUDY,WET,,FOUR-WAY INTERSECTION,STRAIGHT/GRADE,ASPHALT,SPEED TOO FAST FOR WEATHER CONDITIONS,REAR END,NCENTENNIALDRSR46W,TRAFFIC CONTROL SIGNAL,2021-05-04 10:55:00
2181,BLOOMINGTON PD,BLOOMINGTON,2,0.0,0.0,0,0,,,,SR 45/46,N KINSER PIKE,,,,39.186544,-86.537888,STATE ROAD,N,URBAN,N,N,N,,DAYLIGHT,RAIN,WET,,FOUR-WAY INTERSECTION,STRAIGHT/LEVEL,ASPHALT,FAILURE TO YIELD RIGHT OF WAY,RIGHT ANGLE,NKINSERPIKESR45W,TRAFFIC CONTROL SIGNAL,2021-05-04 14:40:00
2182,BLOOMINGTON PD,BLOOMINGTON,2,0.0,0.0,0,0,,,,S HENDERSON ST,E MAXWELL LN,,,,39.157952,-86.527088,LOCAL/CITY ROAD,N,URBAN,N,N,N,,DAYLIGHT,RAIN,WET,,T-INTERSECTION,CURVE/GRADE,ASPHALT,UNSAFE BACKING,BACKING CRASH,EMAXWELLLNHENDERSONST,STOP SIGN,2021-05-04 16:39:00
2183,MONROE SD,BLOOMINGTON,1,0.0,0.0,0,0,,,,S FAIRFAX RD,E SCHACHT RD,,,,,,LOCAL/CITY ROAD,N,RURAL,N,N,N,,DAYLIGHT,CLOUDY,WET,,T-INTERSECTION,CURVE/GRADE,ASPHALT,SPEED TOO FAST FOR WEATHER CONDITIONS,RAN OFF ROAD,ESCHACHTRDSFAIRFAXRD,NONE,2021-05-04 18:24:00
2184,MONROE SD,BLOOMINGTON,1,1.0,0.0,0,0,,,,N OARD RD,,,5500.0,N,39.181344,-86.637104,LOCAL/CITY ROAD,N,RURAL,N,N,N,,DAYLIGHT,CLOUDY,DRY,,NO JUNCTION INVOLVED,STRAIGHT/LEVEL,ASPHALT,RAN OFF ROAD RIGHT,RAN OFF ROAD,NOARDRDWVERNALPIKE,NONE,2021-05-04 19:38:00
2185,ISP BLOOMINGTON 33,BLOOMINGTON,2,,0.0,0,0,,,,N WALNUT ST,SR 45/46,,375.0,N,39.1871635,-86.53416309,LOCAL/CITY ROAD,,URBAN,N,N,N,,DARK (NOT LIGHTED),RAIN,WET,,NO JUNCTION INVOLVED,,ASPHALT,SPEED TOO FAST FOR WEATHER CONDITIONS,OPPOSITE DIRECTION SIDESWIPE,NWalnutSt375ftN/SR45/SR46Bypass,,2021-05-04 23:50:00
2186,ELLETTSVILLE PD,ELLETTSVILLE,2,0.0,0.0,0,0,,,,N SALE ST (N),SR 46,,,,,,LOCAL/CITY ROAD,N,URBAN,N,N,N,,DAYLIGHT,RAIN,WET,,NO JUNCTION INVOLVED,STRAIGHT/GRADE,ASPHALT,FOLLOWING TOO CLOSELY,REAR END,SALESTSTATEROAD46RD,TRAFFIC CONTROL SIGNAL,2021-05-03 08:37:00
2187,BLOOMINGTON PD,BLOOMINGTON,3,0.0,0.0,0,0,,,,E 3RD ST,S ROOSEVELT ST,,75.0,E,39.164304,-86.505792,LOCAL/CITY ROAD,N,URBAN,N,N,N,,DAYLIGHT,CLOUDY,DRY,,NO JUNCTION INVOLVED,STRAIGHT/GRADE,ASPHALT,FOLLOWING TOO CLOSELY,REAR END,EASTTHIRDSTSOUTHROOSEVELTST,LANE CONTROL,2021-05-03 12:21:00
2188,BLOOMINGTON PD,BLOOMINGTON,2,0.0,0.0,0,0,,Y,,I-69 N,W 3RD ST,,,,,,INTERSTATE,N,URBAN,N,Y,N,,DAYLIGHT,CLOUDY,WET,,RAMP,CURVE/GRADE,ASPHALT,IMPROPER LANE USAGE,REAR END,E3RDSTI69N,YIELD SIGN,2021-05-03 13:10:00
2189,BLOOMINGTON PD,BLOOMINGTON,2,0.0,4.0,0,0,3103,,,E STRATUM WAY,,,,,39.1565109,-86.49447165,LOCAL/CITY ROAD,N,URBAN,N,N,N,,DAYLIGHT,CLOUDY,DRY,,NO JUNCTION INVOLVED,CURVE/LEVEL,ASPHALT,UNSAFE SPEED,RIGHT ANGLE,EASTSTRATUMWAY,LANE CONTROL,2021-05-03 13:16:00