_id,Agency,City,Vehicles Involved,Trailers Involved,Number Injured,Number Dead,Number Deer,House Number,Roadway Interchange,Roadway Ramp,Roadway Id,Intersecting Road,Interchange,Feet From,Direction,Latitude,Longitude,Roadway Class,Hit and Run?,Locality,School Zone?,Rumble Strips?,Construction?,Construction Type,Light Condition,Weather Conditions,Surface Condition,Type of Median,Roadway Junction Type,Road Character,Roadway Surface,Primary Factor,Manner of Collision,Unique Location Id,Traffic Control,DateTime
2190,INDIANA UNIV BLOOMINGTON PD,BLOOMINGTON,2,0.0,0.0,0,0,,,,SR 45/46,E DISCOVERY PKWY,,,,,,STATE ROAD,N,URBAN,N,N,N,,DAYLIGHT,CLOUDY,DRY,,T-INTERSECTION,STRAIGHT/LEVEL,ASPHALT,FOLLOWING TOO CLOSELY,REAR END,DISCOVERYPKWYSR46W,TRAFFIC CONTROL SIGNAL,2021-05-03 14:15:00
2191,BLOOMINGTON PD,BLOOMINGTON,3,0.0,2.0,0,0,,,,SR 45,S LIBERTY DR,,200.0,E,,,LOCAL/CITY ROAD,N,URBAN,N,N,N,,DAYLIGHT,CLOUDY,DRY,,NO JUNCTION INVOLVED,STRAIGHT/LEVEL,ASPHALT,RAN OFF ROAD RIGHT,RAN OFF ROAD,SLIBERTYDRWSTATEROAD45HWY,LANE CONTROL,2021-05-03 15:33:00
2192,BLOOMINGTON PD,BLOOMINGTON,2,0.0,1.0,0,0,,,,W BLOOMFIELD RD,I-69 N,,,,,,LOCAL/CITY ROAD,N,URBAN,N,N,N,,DAYLIGHT,CLOUDY,DRY,,FOUR-WAY INTERSECTION,STRAIGHT/LEVEL,ASPHALT,FOLLOWING TOO CLOSELY,REAR END,INTERSTATE69NBHWYWBLOOMFIELDRD,TRAFFIC CONTROL SIGNAL,2021-05-03 16:25:00
2193,BLOOMINGTON PD,BLOOMINGTON,2,0.0,0.0,0,0,,,,RIDGE RD,N LONGFELLOW RD,,50.0,W,,,LOCAL/CITY ROAD,Y,URBAN,N,N,N,,DARK (NOT LIGHTED),CLEAR,DRY,,T-INTERSECTION,STRAIGHT/GRADE,ASPHALT,DRIVER DISTRACTED - EXPLAIN IN NARRATIVE,SAME DIRECTION SIDESWIPE,1600NWILLISDRLOT11DRNLONGFELLOWDR,NONE,2021-05-02 06:40:00
2194,ISP BLOOMINGTON 33,BLOOMINGTON,2,,0.0,0,0,9611,,,SR 46,,,0.0,,39.15264071,-86.37548167,STATE ROAD,,RURAL,N,N,N,,DAYLIGHT,CLEAR,DRY,,NO JUNCTION INVOLVED,,ASPHALT,FAILURE TO YIELD RIGHT OF WAY,REAR END,StateRd462000FteastofSewellRd,,2021-05-02 13:00:00
2195,MONROE SD,BLOOMINGTON,1,0.0,0.0,0,0,,,,SR 45,,,3000.0,W,39.23405781,-86.39345239,STATE ROAD,N,RURAL,N,N,N,,DAYLIGHT,CLOUDY,DRY,,NO JUNCTION INVOLVED,CURVE/HILLCREST,CONCRETE,RAN OFF ROAD RIGHT,RAN OFF ROAD,NRICHARDSONRDSR45E,NONE,2021-05-02 14:38:00
2196,MONROE SD,BLOOMINGTON,1,0.0,0.0,0,1,,,,I-69 N,,,10.0,N,,,INTERSTATE,N,RURAL,N,N,N,,DAYLIGHT,CLEAR,DRY,,NO JUNCTION INVOLVED,STRAIGHT/LEVEL,ASPHALT,ANIMAL/OBJECT IN ROADWAY,COLLISION WITH DEER,I69N108.5,NONE,2021-05-02 15:34:00
2197,BLOOMINGTON PD,BLOOMINGTON,1,0.0,2.0,0,0,1500,,,S WALNUT ST,W HILLSIDE DR,,,,39.150544,-86.5336,LOCAL/CITY ROAD,N,URBAN,N,N,N,,DAYLIGHT,CLOUDY,DRY,,FOUR-WAY INTERSECTION,CURVE/LEVEL,ASPHALT,RAN OFF ROAD RIGHT,RAN OFF ROAD,SWALNUTST,TRAFFIC CONTROL SIGNAL,2021-05-02 16:40:00
2198,BLOOMINGTON PD,BLOOMINGTON,2,0.0,0.0,0,0,,,,S COLLEGE AVE,W 2ND ST,,,,39.16144,-86.534848,LOCAL/CITY ROAD,N,URBAN,N,N,N,,DARK (LIGHTED),RAIN,WET,,FOUR-WAY INTERSECTION,STRAIGHT/GRADE,ASPHALT,DRIVER DISTRACTED - EXPLAIN IN NARRATIVE,REAR END,2NDSTCOLLEGEAVE,TRAFFIC CONTROL SIGNAL,2021-05-02 22:21:00
2199,MONROE SD,BLOOMINGTON,2,0.0,0.0,0,0,,,,E MOFFETT LN,S FAIRFAX RD,,,,,,LOCAL/CITY ROAD,N,RURAL,N,N,N,,DARK (NOT LIGHTED),CLOUDY,WET,,T-INTERSECTION,STRAIGHT/GRADE,ASPHALT,FAILURE TO YIELD RIGHT OF WAY,RIGHT ANGLE,EMOFFETTLNSFAIRFAXRD,STOP SIGN,2021-05-02 22:30:00
2200,BLOOMINGTON PD,BLOOMINGTON,2,0.0,0.0,0,0,,,,S WALNUT ST,E VERMILYA AVE,,,,39.148928,-86.53312,LOCAL/CITY ROAD,Y,URBAN,N,N,N,,DARK (LIGHTED),CLEAR,WET,,NO JUNCTION INVOLVED,STRAIGHT/GRADE,ASPHALT,UNSAFE LANE MOVEMENT,SAME DIRECTION SIDESWIPE,EVERMILYAAVESWALNUTST,NONE,2021-05-02 23:30:00
2201,BLOOMINGTON PD,BLOOMINGTON,2,0.0,0.0,0,0,,,,W 3RD ST,I-69,,100.0,W,,,LOCAL/CITY ROAD,N,URBAN,N,N,N,,DAYLIGHT,CLEAR,DRY,,NO JUNCTION INVOLVED,STRAIGHT/LEVEL,ASPHALT,DRIVER DISTRACTED - EXPLAIN IN NARRATIVE,REAR END,3RDSTI69RAMP,LANE CONTROL,2021-05-01 00:47:00
2202,BLOOMINGTON PD,BLOOMINGTON,2,0.0,0.0,0,0,,,,S CURRY PIKE,SR 48,,,,,,LOCAL/CITY ROAD,N,URBAN,N,N,N,,DAYLIGHT,CLEAR,DRY,,FOUR-WAY INTERSECTION,STRAIGHT/LEVEL,ASPHALT,FOLLOWING TOO CLOSELY,REAR END,3RDSTCURRYPIKE,TRAFFIC CONTROL SIGNAL,2021-05-01 12:27:00
2203,INDIANA UNIV BLOOMINGTON PD,BLOOMINGTON,2,0.0,1.0,0,0,,,,SR 45/46,E 17TH ST,,,,,,STATE ROAD,N,URBAN,N,N,N,,DAYLIGHT,CLEAR,DRY,,FOUR-WAY INTERSECTION,STRAIGHT/LEVEL,ASPHALT,FAILURE TO YIELD RIGHT OF WAY,RIGHT ANGLE,EAST17THSTSR46,TRAFFIC CONTROL SIGNAL,2021-05-01 14:25:00
2204,INDIANA UNIV BLOOMINGTON PD,BLOOMINGTON,2,0.0,0.0,0,0,,,,SR 45/46,E 17TH ST,,,,,,STATE ROAD,N,URBAN,N,N,N,,DAYLIGHT,CLEAR,DRY,,T-INTERSECTION,STRAIGHT/LEVEL,ASPHALT,FOLLOWING TOO CLOSELY,REAR END,EAST17THSTSR46,NONE,2021-05-01 16:20:00
2205,INDIANA UNIV BLOOMINGTON PD,BLOOMINGTON,2,0.0,0.0,0,0,,,,S SWAIN AVE,E 3RD ST,,,,,,LOCAL/CITY ROAD,N,URBAN,N,N,N,,DAYLIGHT,CLEAR,DRY,,T-INTERSECTION,STRAIGHT/LEVEL,ASPHALT,IMPROPER TURNING,LEFT TURN,SWAINAVETHIRDST,LANE CONTROL,2021-05-01 19:12:00
2206,BLOOMINGTON PD,BLOOMINGTON,2,0.0,1.0,0,0,,,,S WALNUT ST,ENTRANCE TO WAGON WHEEL/BIG RED LIQUORS,,100.0,S,39.146944,-86.532544,LOCAL/CITY ROAD,N,URBAN,N,N,N,,DARK (LIGHTED),CLEAR,DRY,,T-INTERSECTION,STRAIGHT/LEVEL,ASPHALT,UNSAFE LANE MOVEMENT,RIGHT ANGLE,EMILLERDRSWALNUTST,NONE,2021-05-01 20:56:00
2207,BLOOMINGTON PD,BLOOMINGTON,1,0.0,1.0,0,0,,,,E 2ND ST,S WALNUT ST,,45.0,E,39.16144,-86.5336,LOCAL/CITY ROAD,N,URBAN,N,N,N,,DAYLIGHT,CLEAR,DRY,,FOUR-WAY INTERSECTION,STRAIGHT/GRADE,ASPHALT,FAILURE TO YIELD RIGHT OF WAY,HEAD ON BETWEEN TWO MOTOR VEHICLES,E2NDSTSWALNUTST,NONE,2021-04-30 08:48:00
2208,BLOOMINGTON PD,BLOOMINGTON,2,0.0,0.0,0,0,,,,S COLLEGE MALL RD,E 2ND ST,,,,39.160944,-86.497696,LOCAL/CITY ROAD,N,URBAN,N,N,N,,DAYLIGHT,CLEAR,DRY,,FOUR-WAY INTERSECTION,STRAIGHT/LEVEL,ASPHALT,FAILURE TO YIELD RIGHT OF WAY,RIGHT ANGLE,E2NDSTSCOLLEGEMALLRD,TRAFFIC CONTROL SIGNAL,2021-04-30 12:43:00
2209,BLOOMINGTON PD,BLOOMINGTON,2,0.0,0.0,0,0,,,,SR 46,S PETE ELLIS DR,,,,39.16424,-86.495088,LOCAL/CITY ROAD,N,URBAN,N,N,N,,DAYLIGHT,CLEAR,DRY,,FOUR-WAY INTERSECTION,STRAIGHT/LEVEL,ASPHALT,FOLLOWING TOO CLOSELY,REAR END,E3RDSTSPETEELLISDR,NONE,2021-04-30 12:50:00
2210,BLOOMINGTON PD,BLOOMINGTON,1,0.0,0.0,0,1,,,,W TAPP RD,S DEBORAH DR,,,,,,LOCAL/CITY ROAD,N,URBAN,N,N,N,,DAYLIGHT,CLEAR,DRY,,FOUR-WAY INTERSECTION,STRAIGHT/LEVEL,ASPHALT,ANIMAL/OBJECT IN ROADWAY,COLLISION WITH DEER,DEBORAHDRTAPPRD,LANE CONTROL,2021-04-30 14:12:00
2211,MONROE SD,BLOOMINGTON,2,0.0,1.0,0,0,,,,E RHORER RD,S GRAN HAVEN DR,,,,,,LOCAL/CITY ROAD,N,URBAN,N,N,N,,DAYLIGHT,CLEAR,DRY,,NO JUNCTION INVOLVED,STRAIGHT/LEVEL,ASPHALT,FOLLOWING TOO CLOSELY,REAR END,ERHORERRDSGRANHAVENDR,NONE,2021-04-30 15:23:00
2212,BLOOMINGTON PD,BLOOMINGTON,2,0.0,1.0,0,0,,,,SR 45/46,N COLLEGE AVE,,150.0,W,,,LOCAL/CITY ROAD,N,URBAN,N,N,N,,DAYLIGHT,CLEAR,DRY,,NO JUNCTION INVOLVED,STRAIGHT/GRADE,ASPHALT,FOLLOWING TOO CLOSELY,REAR END,NORTHCOLLEGEAVEWESTSTATEROAD46RD,TRAFFIC CONTROL SIGNAL,2021-04-30 16:05:00
2213,MONROE SD,BLOOMINGTON,3,0.0,0.0,0,0,,,,S WALNUT ST,S ORCHARD LN,,100.0,S,39.11584,-86.5312,COUNTY ROAD,N,RURAL,N,N,N,,DAYLIGHT,CLEAR,DRY,,T-INTERSECTION,STRAIGHT/HILLCREST,ASPHALT,FOLLOWING TOO CLOSELY,REAR END,SOLDSTATE37RDSORCHARDLN,NONE,2021-04-30 16:23:00
2214,MONROE SD,BLOOMINGTON,1,0.0,1.0,0,0,,,,S GARRISON CHAPEL RD,,,1621.0,S,39.122416,-86.64296,LOCAL/CITY ROAD,N,URBAN,N,N,N,,DAYLIGHT,CLEAR,LOOSE MATERIAL ON ROAD,,NO JUNCTION INVOLVED,CURVE/GRADE,ASPHALT,UNSAFE SPEED,RAN OFF ROAD,SGARRISONCHAPELRDWELLERRD,NONE,2021-04-30 16:58:00
2215,ISP BLOOMINGTON 33,BLOOMINGTON,2,,0.0,0,0,,,,SR 46,N CURRY PIKE,,0.0,,39.19490565,-86.57221239,STATE ROAD,,RURAL,N,N,N,,DAYLIGHT,RAIN,WET,,FOUR-WAY INTERSECTION,,ASPHALT,FOLLOWING TOO CLOSELY,REAR END,StateRd46NCurryPike,,2021-04-29 07:50:00
2216,MONROE SD,STINESVILLE,1,0.0,0.0,0,0,,,,N STINESVILLE RD,,,400.0,W,,,COUNTY ROAD,N,RURAL,N,N,N,,DAYLIGHT,CLOUDY,DRY,,NO JUNCTION INVOLVED,CURVE/GRADE,ASPHALT,RAN OFF ROAD RIGHT,RAN OFF ROAD,NORTHRAILROADSTNORTHSTINESVILLERD,NONE,2021-04-29 10:59:00
2217,BLOOMINGTON PD,BLOOMINGTON,2,0.0,3.0,0,0,,,,W 2ND ST,ENTRANCE TO IU HEALTH BLOOMINGTON HOSPITAL,,200.0,W,39.16152,-86.538592,LOCAL/CITY ROAD,N,URBAN,N,N,N,,DAYLIGHT,CLOUDY,WET,,T-INTERSECTION,STRAIGHT/GRADE,ASPHALT,FAILURE TO YIELD RIGHT OF WAY,LEFT TURN,SROGERSSTW2NDST,NONE,2021-04-29 12:49:00
2218,BLOOMINGTON PD,BLOOMINGTON,2,0.0,0.0,0,0,,,,S CURRY PIKE,ALLEY,,150.0,N,39.163552,-86.582896,LOCAL/CITY ROAD,N,URBAN,N,N,N,,DAYLIGHT,CLOUDY,DRY,,T-INTERSECTION,STRAIGHT/LEVEL,ASPHALT,FAILURE TO YIELD RIGHT OF WAY,RIGHT ANGLE,SOUTHCURRYPIKEWESTBELLEAVE,LANE CONTROL,2021-04-29 16:15:00
2219,INDIANA UNIV BLOOMINGTON PD,BLOOMINGTON,2,0.0,0.0,0,0,,,,N FEE LN,FOSTER CIRCLE,,193.0,S,38.84429468,-86.4842555,LOCAL/CITY ROAD,N,URBAN,N,N,N,,DAYLIGHT,CLOUDY,DRY,,T-INTERSECTION,STRAIGHT/GRADE,ASPHALT,FOLLOWING TOO CLOSELY,REAR END,FEELNTHIRTEENTHST,NONE,2021-04-29 16:30:00
2220,MONROE SD,BLOOMINGTON,2,0.0,0.0,0,0,,,,N MATTHEWS DR,,,2000.0,S,,,LOCAL/CITY ROAD,N,RURAL,N,N,N,,DAYLIGHT,CLEAR,DRY,,NO JUNCTION INVOLVED,CURVE/GRADE,ASPHALT,LEFT OF CENTER,OPPOSITE DIRECTION SIDESWIPE,MTTABORRDNMATTHEWSDR,NONE,2021-04-29 16:36:00
2221,MONROE SD,ELLETTSVILLE,1,0.0,0.0,0,0,6226,,,N UNION VALLEY RD,,,1000.0,N,39.34343523,-86.592763,LOCAL/CITY ROAD,N,RURAL,N,N,N,,DAWN/DUSK,CLEAR,DRY,,NO JUNCTION INVOLVED,STRAIGHT/HILLCREST,ASPHALT,RAN OFF ROAD RIGHT,RAN OFF ROAD,NUNIONVALLEYRDWMCNEELYST,NONE,2021-04-28 06:45:00
2222,INDIANA UNIV BLOOMINGTON PD,BLOOMINGTON,1,1.0,0.0,0,0,,,,E MATLOCK RD,,,151.0,N,0.0,0.0,LOCAL/CITY ROAD,N,URBAN,N,N,N,,DAYLIGHT,CLOUDY,DRY,,T-INTERSECTION,STRAIGHT/LEVEL,ASPHALT,OTHER (ENVIRONMENTAL) - EXPLAIN IN NARR,OTHER - EXPLAIN IN NARRATIVE,MATLOCKRDSR46,NONE,2021-04-28 13:45:00
2223,ELLETTSVILLE PD,ELLETTSVILLE,2,0.0,0.0,0,0,200,,,N SALE ST (N),SR 46,,,,39.234338,-86.623818,UNKNOWN,N,URBAN,N,N,N,,DAYLIGHT,RAIN,WET,,NO JUNCTION INVOLVED,NON-ROADWAY CRASH,ASPHALT,UNSAFE BACKING,BACKING CRASH,SALEST,NONE,2021-04-28 14:50:00
2224,MONROE SD,BLOOMINGTON,2,0.0,0.0,0,0,,,,W CHRUCH LN,S ROGERS ST,,,,39.107456,-86.540064,COUNTY ROAD,N,RURAL,Y,N,N,,DAYLIGHT,RAIN,WET,,T-INTERSECTION,STRAIGHT/LEVEL,ASPHALT,FAILURE TO YIELD RIGHT OF WAY,RIGHT ANGLE,CHRUCHLNROGERSST,STOP SIGN,2021-04-28 14:50:00
2225,MONROE SD,BLOOMINGTON,2,0.0,0.0,0,0,,,,SR 45,S DARRELL DR,,500.0,W,,,STATE ROAD,N,URBAN,N,Y,N,,DAYLIGHT,RAIN,WET,,NO JUNCTION INVOLVED,STRAIGHT/GRADE,ASPHALT,FOLLOWING TOO CLOSELY,RIGHT TURN,SOUTHDARELLDRSR45W,NONE,2021-04-28 15:49:00
2226,MONROE SD,BLOOMINGTON,2,0.0,0.0,0,0,,,,SR 46,W ARLINGTON RD,,,,39.209808,-86.582672,STATE ROAD,N,URBAN,N,N,N,,DAYLIGHT,CLOUDY,WET,,FOUR-WAY INTERSECTION,STRAIGHT/LEVEL,ASPHALT,SPEED TOO FAST FOR WEATHER CONDITIONS,SAME DIRECTION SIDESWIPE,ARLINGTONRDSR46W,TRAFFIC CONTROL SIGNAL,2021-04-28 16:00:00
2227,MONROE SD,BLOOMINGTON,1,0.0,0.0,0,0,,,,S LEONARD SPRINGS RD,W FOWLER RD,,1000.0,N,39.10349799,-86.59357838,COUNTY ROAD,N,RURAL,N,N,N,,DAYLIGHT,RAIN,WET,,NO JUNCTION INVOLVED,STRAIGHT/GRADE,ASPHALT,SPEED TOO FAST FOR WEATHER CONDITIONS,RAN OFF ROAD,FOWLERRDLEONARDSPRINGSRD,NONE,2021-04-28 16:11:00
2228,MONROE SD,BLOOMINGTON,1,0.0,0.0,0,0,,,,SR 48,,,457.0,E,39.17053958,-86.67928866,STATE ROAD,N,RURAL,N,Y,N,,DAYLIGHT,RAIN,WET,,NO JUNCTION INVOLVED,CURVE/LEVEL,ASPHALT,RAN OFF ROAD RIGHT,RAN OFF ROAD,SR48WWSTATE43RD,NONE,2021-04-28 17:07:00
2229,BLOOMINGTON PD,BLOOMINGTON,2,0.0,2.0,0,0,,,,E WINSLOW RD,S WALNUT ST,,,,39.135932,-86.531091,LOCAL/CITY ROAD,N,URBAN,N,N,N,,DARK (LIGHTED),RAIN,WET,,FOUR-WAY INTERSECTION,STRAIGHT/LEVEL,ASPHALT,FAILURE TO YIELD RIGHT OF WAY,RIGHT ANGLE,EWINSLOWRDSWALNUTST,TRAFFIC CONTROL SIGNAL,2021-04-28 22:00:00
2230,BLOOMINGTON PD,BLOOMINGTON,2,0.0,0.0,0,0,,,,W TAPP RD,S ROCKPORT RD,,,,39.136448,-86.548704,LOCAL/CITY ROAD,N,URBAN,N,N,N,,DAYLIGHT,CLEAR,DRY,,FOUR-WAY INTERSECTION,STRAIGHT/GRADE,ASPHALT,FOLLOWING TOO CLOSELY,REAR END,ROCKPORTRDTAPPRD,TRAFFIC CONTROL SIGNAL,2021-04-27 07:14:00
2231,BLOOMINGTON PD,BLOOMINGTON,2,0.0,1.0,0,0,1870,,,S WALNUT ST,ENTRANCE TO WAGON WHEEL/BIG RED LIQUORS,,100.0,S,39.146944,-86.532544,LOCAL/CITY ROAD,N,URBAN,N,N,N,,DAYLIGHT,CLEAR,DRY,,NO JUNCTION INVOLVED,STRAIGHT/LEVEL,ASPHALT,FAILURE TO YIELD RIGHT OF WAY,LEFT TURN,MILLERDRSWALNUTST,LANE CONTROL,2021-04-27 12:00:00
2232,BLOOMINGTON PD,BLOOMINGTON,2,0.0,0.0,0,0,,,,W 3RD ST,S YANCY LN,,250.0,E,39.164688,-86.5712,LOCAL/CITY ROAD,N,URBAN,N,N,N,,DAYLIGHT,CLEAR,DRY,,NO JUNCTION INVOLVED,STRAIGHT/LEVEL,ASPHALT,UNSAFE LANE MOVEMENT,SAME DIRECTION SIDESWIPE,FRANKLINRDW3RDST,NONE,2021-04-27 15:15:00
2233,BLOOMINGTON PD,BLOOMINGTON,2,0.0,2.0,0,0,,,,N WALNUT ST,E 7TH ST,,,,39.16864,-86.533568,LOCAL/CITY ROAD,N,URBAN,N,N,N,,DAYLIGHT,CLEAR,DRY,,FOUR-WAY INTERSECTION,STRAIGHT/LEVEL,ASPHALT,DISREGARD SIGNAL/REG SIGN,OTHER - EXPLAIN IN NARRATIVE,7THSTWALNUTST,TRAFFIC CONTROL SIGNAL,2021-04-27 15:50:00
2234,BLOOMINGTON PD,BLOOMINGTON,2,0.0,0.0,0,0,,,,W 13TH ST,N ILLINOIS ST,,50.0,E,39.175152,-86.55152,LOCAL/CITY ROAD,Y,URBAN,N,N,N,,DAYLIGHT,CLEAR,DRY,,NO JUNCTION INVOLVED,STRAIGHT/LEVEL,CONCRETE,DRIVER DISTRACTED - EXPLAIN IN NARRATIVE,OPPOSITE DIRECTION SIDESWIPE,NILLINOISSTW13THST,NONE,2021-04-27 18:07:00
2235,INDIANA UNIV BLOOMINGTON PD,BLOOMINGTON,2,0.0,0.0,0,0,,,,E 10TH ST,N FEE LN,,,,39.171606,-86.519002,LOCAL/CITY ROAD,N,URBAN,N,N,N,,DAYLIGHT,CLEAR,DRY,,T-INTERSECTION,STRAIGHT/LEVEL,ASPHALT,DISREGARD SIGNAL/REG SIGN,REAR END,FEELNTENTHST,TRAFFIC CONTROL SIGNAL,2021-04-27 19:00:00
2236,BLOOMINGTON PD,BLOOMINGTON,1,0.0,0.0,0,0,,,,N PROW RD,ENTRANCE TO BLOOMINGTON HIGH SCHOOL NORTH,,500.0,N,39.192352,-86.552592,LOCAL/CITY ROAD,Y,URBAN,Y,N,N,,DAYLIGHT,CLEAR,DRY,,NO JUNCTION INVOLVED,STRAIGHT/GRADE,ASPHALT,RAN OFF ROAD RIGHT,RAN OFF ROAD,ARLINGTONRDNPROWRD,LANE CONTROL,2021-04-26 09:30:00
2237,BLOOMINGTON PD,BLOOMINGTON,2,0.0,0.0,0,0,,,,S PATTERSON DR,S FAIRVIEW ST,,,,39.153819,-86.541097,LOCAL/CITY ROAD,N,URBAN,N,N,N,,DAYLIGHT,CLEAR,DRY,,FOUR-WAY INTERSECTION,CURVE/LEVEL,ASPHALT,DISREGARD SIGNAL/REG SIGN,HEAD ON BETWEEN TWO MOTOR VEHICLES,FAIRVIEWSTPATTERSONDR,TRAFFIC CONTROL SIGNAL,2021-04-26 09:35:00
2238,BLOOMINGTON PD,BLOOMINGTON,2,0.0,0.0,0,0,,,,S COLLEGE MALL RD,E 2ND ST,,,,39.1609319,-86.4977835,LOCAL/CITY ROAD,Y,URBAN,N,N,Y,LANE CLOSURE,DAYLIGHT,CLEAR,DRY,,NO JUNCTION INVOLVED,STRAIGHT/LEVEL,ASPHALT,IMPROPER TURNING,LEFT TURN,EAST2NDSTSOUTHCOLLEGEMALLRD,NONE,2021-04-26 16:25:00
2239,BLOOMINGTON PD,BLOOMINGTON,2,0.0,0.0,0,0,,,,S WALNUT ST,E DODDS ST,,,,0.0,0.0,LOCAL/CITY ROAD,N,URBAN,N,N,N,,DAYLIGHT,CLEAR,DRY,,FOUR-WAY INTERSECTION,STRAIGHT/LEVEL,ASPHALT,FAILURE TO YIELD RIGHT OF WAY,RIGHT ANGLE,EASTDODDSSTSOUTHWALNUTST,STOP SIGN,2021-04-26 19:09:00
2240,BLOOMINGTON PD,BLOOMINGTON,2,0.0,2.0,0,0,,,,W BLOOMFIELD RD,S BASSWOOD DR,,,,39.1498172,-86.5689428,LOCAL/CITY ROAD,N,URBAN,N,N,N,,DAYLIGHT,CLEAR,DRY,,FOUR-WAY INTERSECTION,STRAIGHT/GRADE,ASPHALT,FAILURE TO YIELD RIGHT OF WAY,LEFT TURN,SBASSWOODDRWBLOOMFIELDRD,TRAFFIC CONTROL SIGNAL,2021-04-25 14:10:00
2241,BLOOMINGTON PD,BLOOMINGTON,1,0.0,0.0,0,1,,,,SR 45,N GRANDVIEW DR,,100.0,E,39.17187203,-86.48713756,STATE ROAD,N,RURAL,N,N,N,,DARK (LIGHTED),CLEAR,DRY,,NO JUNCTION INVOLVED,STRAIGHT/GRADE,ASPHALT,ANIMAL/OBJECT IN ROADWAY,COLLISION WITH DEER,GRANDVIEWDRSR45E,NONE,2021-04-25 21:43:00
2242,BLOOMINGTON PD,BLOOMINGTON,2,0.0,1.0,0,0,,,,N DUNN ST,,,400.0,S,,,LOCAL/CITY ROAD,N,URBAN,N,N,N,,DARK (LIGHTED),CLEAR,DRY,,NO JUNCTION INVOLVED,STRAIGHT/LEVEL,ASPHALT,UNSAFE SPEED,REAR END,E4546BYPNDUNNST,LANE CONTROL,2021-04-24 00:12:00
2243,BLOOMINGTON PD,BLOOMINGTON,2,0.0,1.0,0,0,,,,S HENDERSON ST,E WYLIE FARM RD,,,,39.141903,-86.526957,LOCAL/CITY ROAD,N,URBAN,N,N,N,,DAYLIGHT,RAIN,WET,,NO JUNCTION INVOLVED,STRAIGHT/LEVEL,ASPHALT,SPEED TOO FAST FOR WEATHER CONDITIONS,REAR END,HENDERSONSTWYLIEFARMRD,STOP SIGN,2021-04-24 12:28:00
2244,ISP BLOOMINGTON 33,ELLETTSVILLE,2,,0.0,0,0,,,,SR 46,N OUTBACK RD,,0.0,,39.21513489,-86.59268942,STATE ROAD,,URBAN,N,N,N,,DAYLIGHT,RAIN,WET,,FOUR-WAY INTERSECTION,,ASPHALT,SPEED TOO FAST FOR WEATHER CONDITIONS,REAR TO REAR,WRichlandPlzStateRd.46,,2021-04-24 13:28:00
2245,BLOOMINGTON PD,BLOOMINGTON,1,0.0,0.0,0,0,,,,N DUNN ST,E 20TH ST,,50.0,N,39.18184,-86.5284,LOCAL/CITY ROAD,N,URBAN,N,N,N,,DAYLIGHT,CLOUDY,WATER (STANDING OR MOVING),,NO JUNCTION INVOLVED,STRAIGHT/LEVEL,ASPHALT,RAN OFF ROAD RIGHT,RAN OFF ROAD,E20THSTNDUNNST,NONE,2021-04-24 13:58:00
2246,MONROE SD,BLOOMINGTON,1,0.0,0.0,0,0,,,,W REEVES RD,N STARNES RD,,800.0,W,39.231536,-86.6588,LOCAL/CITY ROAD,N,RURAL,N,N,N,,DAYLIGHT,CLEAR,DRY,,NO JUNCTION INVOLVED,STRAIGHT/LEVEL,ASPHALT,RAN OFF ROAD RIGHT,RAN OFF ROAD,NSTARNESRDWREEVESRD,NONE,2021-04-24 14:40:00
2247,BLOOMINGTON PD,BLOOMINGTON,2,0.0,0.0,0,0,,,,S PATTERSON DR,W ALLEN ST,,,,39.155641,-86.543337,LOCAL/CITY ROAD,N,URBAN,N,N,N,,DAYLIGHT,RAIN,WET,,FOUR-WAY INTERSECTION,STRAIGHT/LEVEL,ASPHALT,FOLLOWING TOO CLOSELY,REAR END,SPATTERSONDRWALLENST,TRAFFIC CONTROL SIGNAL,2021-04-24 16:44:00
2248,BLOOMINGTON PD,BLOOMINGTON,2,0.0,0.0,0,0,,,,N KINSER PIKE,W 17TH ST,,,,39.178992,-86.537792,LOCAL/CITY ROAD,N,URBAN,N,N,N,,DAYLIGHT,RAIN,WET,,FOUR-WAY INTERSECTION,STRAIGHT/LEVEL,ASPHALT,FAILURE TO YIELD RIGHT OF WAY,RIGHT ANGLE,NKINSERPIKEW17THST,TRAFFIC CONTROL SIGNAL,2021-04-24 18:29:00
2249,MONROE SD,BLOOMINGTON,1,0.0,0.0,0,0,,,,S FAIRFAX RD,E SANDERS THIRD AVE,,,,39.08036,-86.514547,LOCAL/CITY ROAD,N,RURAL,N,N,N,,DAWN/DUSK,CLOUDY,WET,,NO JUNCTION INVOLVED,CURVE/GRADE,ASPHALT,SPEED TOO FAST FOR WEATHER CONDITIONS,RAN OFF ROAD,3RDSANDERSAVESOUTHFAIRFAXRD,NONE,2021-04-24 20:20:00
2250,MONROE SD,ELLETTSVILLE,1,0.0,0.0,0,1,,,,N SMITH PIKE,,,150.0,S,39.18331233,-86.58312,LOCAL/CITY ROAD,N,RURAL,N,N,N,,DARK (NOT LIGHTED),CLEAR,DRY,,T-INTERSECTION,STRAIGHT/LEVEL,ASPHALT,ANIMAL/OBJECT IN ROADWAY,COLLISION WITH ANIMAL OTHER,NSMITHPIKEWNELSONLN,NONE,2021-04-24 20:46:00
2251,INDIANA UNIV BLOOMINGTON PD,BLOOMINGTON,2,0.0,0.0,0,0,,,,N JORDAN AVE,E 10TH ST,,,,,,LOCAL/CITY ROAD,N,URBAN,N,N,N,,DARK (LIGHTED),CLEAR,DRY,,NO JUNCTION INVOLVED,STRAIGHT/GRADE,ASPHALT,UNSAFE BACKING,BACKING CRASH,JORDANAVETENTHST,NONE,2021-04-23 03:22:00