_id,Agency,City,Vehicles Involved,Trailers Involved,Number Injured,Number Dead,Number Deer,House Number,Roadway Interchange,Roadway Ramp,Roadway Id,Intersecting Road,Interchange,Feet From,Direction,Latitude,Longitude,Roadway Class,Hit and Run?,Locality,School Zone?,Rumble Strips?,Construction?,Construction Type,Light Condition,Weather Conditions,Surface Condition,Type of Median,Roadway Junction Type,Road Character,Roadway Surface,Primary Factor,Manner of Collision,Unique Location Id,Traffic Control,DateTime
2252,BLOOMINGTON PD,BLOOMINGTON,2,0.0,0.0,0,0,,,,N WILLIS DR,W 17TH ST,,,,39.179104,-86.544016,LOCAL/CITY ROAD,Y,URBAN,N,N,N,,DARK (NOT LIGHTED),CLEAR,DRY,,T-INTERSECTION,STRAIGHT/LEVEL,ASPHALT,IMPROPER LANE USAGE,HEAD ON BETWEEN TWO MOTOR VEHICLES,NWILLISDRW17THST,LANE CONTROL,2021-04-23 03:53:00
2253,BLOOMINGTON PD,BLOOMINGTON,1,0.0,0.0,0,1,,,,SR 45/46,N MILO B SAMPSON LN,,,,39.186352,-86.522192,STATE ROAD,N,URBAN,N,N,N,,DARK (NOT LIGHTED),CLOUDY,DRY,,T-INTERSECTION,STRAIGHT/GRADE,ASPHALT,ANIMAL/OBJECT IN ROADWAY,COLLISION WITH DEER,MILOSAMPSONLNSR46E,LANE CONTROL,2021-04-23 06:09:00
2254,MONROE SD,BLOOMINGTON,2,0.0,0.0,0,0,,,,SR 48,N PROFILE PKWY,,,,39.1745854,-86.58441064,STATE ROAD,N,URBAN,N,N,N,,DAYLIGHT,CLEAR,DRY,,FOUR-WAY INTERSECTION,STRAIGHT/LEVEL,ASPHALT,FOLLOWING TOO CLOSELY,REAR END,SPROFILEPKWYSR48W,TRAFFIC CONTROL SIGNAL,2021-04-23 07:59:00
2255,MONROE SD,BLOOMINGTON,1,0.0,0.0,0,0,,,,S ROCKPORT RD,S VICTOR PIKE,,,,39.053802,-86.6065491,COUNTY ROAD,N,RURAL,N,N,N,,DAWN/DUSK,CLEAR,DRY,,NO JUNCTION INVOLVED,CURVE/GRADE,ASPHALT,RAN OFF ROAD RIGHT,RAN OFF ROAD,SROCKPORTRDSVICTORPIKE,NONE,2021-04-23 08:00:00
2256,BLOOMINGTON PD,BLOOMINGTON,3,0.0,1.0,0,0,,,,N CURRY PIKE,W PROFILE PKWY,,,,39.171961,-86.582982,LOCAL/CITY ROAD,N,URBAN,N,N,N,,DAYLIGHT,CLEAR,DRY,,FOUR-WAY INTERSECTION,STRAIGHT/LEVEL,ASPHALT,FOLLOWING TOO CLOSELY,REAR END,NCURRYPIKEWPROFILEPKWY,TRAFFIC CONTROL SIGNAL,2021-04-23 13:00:00
2257,BLOOMINGTON PD,BLOOMINGTON,2,0.0,0.0,0,0,418,,,N COLLEGE AVE,ENTRANCE TO BIG RED LIQUORS,,,,39.1697342,-86.53478106,UNKNOWN,N,URBAN,N,N,N,,DAYLIGHT,CLOUDY,DRY,,NO JUNCTION INVOLVED,NON-ROADWAY CRASH,ASPHALT,FAILURE TO YIELD RIGHT OF WAY,OPPOSITE DIRECTION SIDESWIPE,NCOLLEGEAVE,NONE,2021-04-23 13:22:00
2258,ISP INDIANAPOLIS 52,BLOOMINGTON,2,,0.0,0,0,,,,I-69 N,,,264.0,,39.07205247,-86.62832788,INTERSTATE,,RURAL,N,N,N,,DAYLIGHT,CLOUDY,DRY,,NO JUNCTION INVOLVED,,CONCRETE,OTHER (DRIVER) - EXPLAIN IN NARRATIVE,REAR END,I-69109,,2021-04-23 15:00:00
2259,INDIANA UNIV BLOOMINGTON PD,BLOOMINGTON,1,0.0,0.0,0,1,,,,SR 45/46,N HEADLEY RD,,365.0,N,39.21835474,-86.5073177,STATE ROAD,N,URBAN,N,N,N,,DAYLIGHT,CLEAR,DRY,,NO JUNCTION INVOLVED,STRAIGHT/LEVEL,ASPHALT,ANIMAL/OBJECT IN ROADWAY,COLLISION WITH DEER,EAST17THSTSR46,NONE,2021-04-23 15:35:00
2260,INDIANA UNIV BLOOMINGTON PD,BLOOMINGTON,1,0.0,0.0,0,1,,,,SR 45/46,E 17TH ST,,,,0.0,0.0,STATE ROAD,N,URBAN,N,N,N,,DAYLIGHT,CLEAR,DRY,,T-INTERSECTION,CURVE/LEVEL,ASPHALT,ANIMAL/OBJECT IN ROADWAY,COLLISION WITH DEER,17THSTSR46S,TRAFFIC CONTROL SIGNAL,2021-04-23 15:38:00
2261,BLOOMINGTON PD,BLOOMINGTON,2,0.0,0.0,0,0,,,,N SMITH RD,E GRANDVIEW DR,,,,39.168848,-86.481296,LOCAL/CITY ROAD,N,URBAN,N,N,N,,DAYLIGHT,CLOUDY,DRY,,T-INTERSECTION,STRAIGHT/GRADE,ASPHALT,FOLLOWING TOO CLOSELY,REAR END,EASTGRANDVIEWSTNORTHSMITHRD,NONE,2021-04-23 17:16:00
2262,ISP BLOOMINGTON 33,BLOOMINGTON,2,,0.0,0,0,,,,SR 46,S FRIENDSHIP RD,,0.0,,39.153872,-86.40691227,STATE ROAD,,RURAL,N,N,N,,DAYLIGHT,CLOUDY,DRY,,T-INTERSECTION,,ASPHALT,FAILURE TO YIELD RIGHT OF WAY,RIGHT ANGLE,SR46FriendshipRoad,,2021-04-23 19:57:00
2263,BLOOMINGTON PD,BLOOMINGTON,1,0.0,0.0,0,0,,,,E HILLSIDE DR,S HENDERSON ST,,,,39.15064,-86.52696,LOCAL/CITY ROAD,N,URBAN,Y,N,N,,DARK (NOT LIGHTED),CLOUDY,DRY,,FOUR-WAY INTERSECTION,STRAIGHT/GRADE,ASPHALT,RAN OFF ROAD RIGHT,RAN OFF ROAD,HENDERSONSTHILLSIDERD,NONE,2021-04-23 21:50:00
2264,BLOOMINGTON PD,BLOOMINGTON,1,0.0,0.0,0,0,,,,E WINSLOW RD,E WINSLOW FARM DR,,,,39.135988,-86.521047,LOCAL/CITY ROAD,N,URBAN,N,N,N,,DARK (LIGHTED),CLEAR,DRY,,NO JUNCTION INVOLVED,STRAIGHT/LEVEL,ASPHALT,OTHER (DRIVER) - EXPLAIN IN NARRATIVE,RAN OFF ROAD,EWINSLOWFARMDREWINSLOWRD,LANE CONTROL,2021-04-22 04:45:00
2265,BLOOMINGTON PD,BLOOMINGTON,2,0.0,1.0,0,0,,,,S WALNUT ST,E NORTH DR,,,,39.144752,-86.531888,LOCAL/CITY ROAD,N,URBAN,N,N,N,,DAYLIGHT,CLEAR,DRY,,FOUR-WAY INTERSECTION,STRAIGHT/LEVEL,CONCRETE,UNSAFE LANE MOVEMENT,SAME DIRECTION SIDESWIPE,ENORTHDRSWALNUTST,TRAFFIC CONTROL SIGNAL,2021-04-22 14:07:00
2266,ISP BLOOMINGTON 33,ELLETTSVILLE,2,,0.0,0,0,5920,,,SR 46,ENTRANCE TO CUMMINS BOOKKEEPING,,0.0,,39.225725,-86.61316822,STATE ROAD,,URBAN,N,N,N,,DAYLIGHT,CLEAR,DRY,,NO JUNCTION INVOLVED,,ASPHALT,FOLLOWING TOO CLOSELY,REAR END,StateRd46ETemperanceSt,,2021-04-22 14:30:00
2267,MONROE SD,BLOOMINGTON,2,0.0,0.0,0,0,,,Y,I-69 N,SR 45/46,,500.0,S,39.17418037,-86.61521799,STATE ROAD,N,RURAL,N,N,N,,DAYLIGHT,CLEAR,DRY,,NO JUNCTION INVOLVED,STRAIGHT/GRADE,CONCRETE,UNSAFE LANE MOVEMENT,SAME DIRECTION SIDESWIPE,SR46WSR69N,NONE,2021-04-22 17:03:00
2268,ELLETTSVILLE PD,ELLETTSVILLE,2,0.0,0.0,0,0,,,,SR 46,N UNION VALLEY RD,,,,39.215152,-86.5928,STATE ROAD,N,URBAN,N,N,N,,DAWN/DUSK,CLEAR,DRY,,FOUR-WAY INTERSECTION,STRAIGHT/LEVEL,ASPHALT,FAILURE TO YIELD RIGHT OF WAY,LEFT TURN,SR46WUNIONVALLEYRD,TRAFFIC CONTROL SIGNAL,2021-04-22 19:48:00
2269,BLOOMINGTON PD,BLOOMINGTON,2,0.0,0.0,0,0,,,,W 3RD ST,S FRANKLIN RD,,,,39.164688,-86.5712,LOCAL/CITY ROAD,N,URBAN,N,N,N,,DAYLIGHT,CLOUDY,DRY,,FOUR-WAY INTERSECTION,CURVE/GRADE,ASPHALT,VIEW OBSTRUCTED,HEAD ON BETWEEN TWO MOTOR VEHICLES,FRANKLINRDWESTTHIRDST,TRAFFIC CONTROL SIGNAL,2021-04-21 06:40:00
2270,MONROE SD,ELLETTSVILLE,2,0.0,0.0,0,0,6226,,,N UNION VALLEY RD,,,1100.0,N,39.35402936,-86.592763,LOCAL/CITY ROAD,N,RURAL,N,N,N,,DAYLIGHT,SNOW,DRY,,NO JUNCTION INVOLVED,STRAIGHT/GRADE,ASPHALT,ANIMAL/OBJECT IN ROADWAY,REAR END,NUNIONVALLEYRDWMCNEELYST,NO PASSING ZONE,2021-04-21 08:12:00
2271,BLOOMINGTON PD,BLOOMINGTON,2,0.0,0.0,0,0,,,,E MOORES PIKE,S SMITH RD,,,,39.150224,-86.480464,LOCAL/CITY ROAD,N,URBAN,N,N,N,,DAYLIGHT,CLOUDY,WET,,FOUR-WAY INTERSECTION,STRAIGHT/LEVEL,ASPHALT,DISREGARD SIGNAL/REG SIGN,RIGHT ANGLE,EMOORESPIKESSMITHRD,STOP SIGN,2021-04-21 08:24:00
2272,MONROE SD,BLOOMINGTON,2,0.0,0.0,0,0,,,,N SMITH PIKE,W COFFEY LN,,10.0,N,39.20807359,-86.583146,COUNTY ROAD,N,RURAL,N,N,N,,DAYLIGHT,CLEAR,DRY,,T-INTERSECTION,STRAIGHT/LEVEL,ASPHALT,FOLLOWING TOO CLOSELY,REAR END,NSMITHPIKEWCOFFEYLN,NONE,2021-04-21 15:41:00
2273,BLOOMINGTON PD,BLOOMINGTON,2,0.0,0.0,0,0,4001,,,SR 48,S CURRY PIKE,,,,39.164346,-86.5834,UNKNOWN,N,URBAN,N,N,N,,DAYLIGHT,CLOUDY,DRY,,NO JUNCTION INVOLVED,STRAIGHT/LEVEL,CONCRETE,IMPROPER TURNING,RIGHT ANGLE,W3RDST,NONE,2021-04-21 16:08:00
2274,BLOOMINGTON PD,BLOOMINGTON,2,0.0,0.0,0,0,,,,SR 48,S GATES DR,,,,39.1645631,-86.5761678,LOCAL/CITY ROAD,N,URBAN,N,N,N,,DAYLIGHT,CLEAR,DRY,,FOUR-WAY INTERSECTION,STRAIGHT/LEVEL,CONCRETE,IMPROPER LANE USAGE,LEFT TURN,SOUTHGATESDRWEST3RDST,TRAFFIC CONTROL SIGNAL,2021-04-21 17:25:00
2275,BLOOMINGTON PD,BLOOMINGTON,3,0.0,0.0,0,0,,,,E 2ND ST,S DUNN ST,,,,39.161348,-86.52839,LOCAL/CITY ROAD,Y,URBAN,N,N,N,,DAYLIGHT,CLEAR,DRY,,NO JUNCTION INVOLVED,STRAIGHT/LEVEL,ASPHALT,RAN OFF ROAD RIGHT,SAME DIRECTION SIDESWIPE,E2NDSTSDUNNST,NONE,2021-04-20 13:45:00
2276,BLOOMINGTON PD,BLOOMINGTON,2,0.0,0.0,0,0,,,,S WASHINGTON ST,ALLEY,,75.0,N,39.165648,-86.5324,LOCAL/CITY ROAD,N,URBAN,N,N,N,,DAYLIGHT,CLEAR,DRY,,FOUR-WAY INTERSECTION,STRAIGHT/LEVEL,ASPHALT,FAILURE TO YIELD RIGHT OF WAY,RIGHT TURN,EAST4THSTSOUTHWASHINGTONST,NONE,2021-04-20 13:55:00
2277,BLOOMINGTON PD,BLOOMINGTON,2,0.0,1.0,0,0,,,,S SMITH RD,SR 46,,,,39.16424,-86.480688,LOCAL/CITY ROAD,N,URBAN,N,N,N,,DAYLIGHT,CLEAR,DRY,,NO JUNCTION INVOLVED,STRAIGHT/LEVEL,ASPHALT,FOLLOWING TOO CLOSELY,REAR END,E3RDSTSOUTHSMITHRD,NONE,2021-04-20 14:50:00
2278,INDIANA UNIV BLOOMINGTON PD,BLOOMINGTON,1,0.0,0.0,0,0,,,,E 10TH ST,N JEFFERSON ST,,,,0.0,0.0,LOCAL/CITY ROAD,N,URBAN,N,N,N,,DAYLIGHT,RAIN,WET,,NO JUNCTION INVOLVED,CURVE/LEVEL,ASPHALT,SPEED TOO FAST FOR WEATHER CONDITIONS,RAN OFF ROAD,JEFFERSONSTUNIONVILLERD,NONE,2021-04-20 18:27:00
2279,BLOOMINGTON PD,BLOOMINGTON,2,0.0,0.0,0,0,,,,S COLLEGE AVE,W KIRKWOOD AVE,,,,39.16664,-86.5348,LOCAL/CITY ROAD,N,URBAN,N,N,N,,DARK (LIGHTED),SLEET/HAIL/FREEZING RAIN,WET,,FOUR-WAY INTERSECTION,STRAIGHT/LEVEL,ASPHALT,UNSAFE LANE MOVEMENT,LEFT TURN,EKIRKWOODAVESCOLLEGEAVE,TRAFFIC CONTROL SIGNAL,2021-04-20 21:21:00
2280,BLOOMINGTON PD,BLOOMINGTON,2,0.0,0.0,0,0,,,,SR 45,I-69 S,,,,39.0227067,-86.7230867,STATE ROAD,N,URBAN,N,N,N,,DAYLIGHT,CLEAR,DRY,,FOUR-WAY INTERSECTION,STRAIGHT/LEVEL,ASPHALT,FAILURE TO YIELD RIGHT OF WAY,RIGHT ANGLE,INTERSTATE69SBRAMPSR45W,TRAFFIC CONTROL SIGNAL,2021-04-19 16:23:00
2281,BLOOMINGTON PD,BLOOMINGTON,1,0.0,1.0,0,0,,,,S LIBERTY DR,SR 48,,,,39.164606,-86.579131,LOCAL/CITY ROAD,N,URBAN,N,N,N,,DAYLIGHT,CLEAR,DRY,,FOUR-WAY INTERSECTION,STRAIGHT/LEVEL,CONCRETE,FAILURE TO YIELD RIGHT OF WAY,RIGHT ANGLE,SLIBERTYDRW3RDST,TRAFFIC CONTROL SIGNAL,2021-04-19 16:26:00
2282,MONROE SD,ELLETTSVILLE,2,1.0,1.0,0,0,,,,N UNION VALLEY RD,W MAPLE GROVE RD,,,,39.244752,-86.5928,LOCAL/CITY ROAD,N,RURAL,N,N,N,,DAYLIGHT,CLEAR,DRY,,FOUR-WAY INTERSECTION,STRAIGHT/HILLCREST,ASPHALT,DISREGARD SIGNAL/REG SIGN,RIGHT ANGLE,NORTHUNIONVALLEYRDWESTMAPLEGROVERD,STOP SIGN,2021-04-19 18:06:00
2283,BLOOMINGTON PD,BLOOMINGTON,2,0.0,1.0,0,0,,,,SR 46,S PETE ELLIS DR,,100.0,E,39.16424,-86.495088,LOCAL/CITY ROAD,N,URBAN,N,N,N,,DAYLIGHT,CLEAR,DRY,,FOUR-WAY INTERSECTION,STRAIGHT/LEVEL,ASPHALT,FAILURE TO YIELD RIGHT OF WAY,RIGHT ANGLE,EAST3RDSTSOUTHPETEELLISDR,NONE,2021-04-19 18:23:00
2284,BLOOMINGTON PD,BLOOMINGTON,2,0.0,0.0,0,0,,,,S ROGERS ST,W 3RD ST,,,,39.16472,-86.538592,LOCAL/CITY ROAD,N,URBAN,N,N,N,,DARK (LIGHTED),CLEAR,DRY,,FOUR-WAY INTERSECTION,STRAIGHT/GRADE,ASPHALT,FAILURE TO YIELD RIGHT OF WAY,HEAD ON BETWEEN TWO MOTOR VEHICLES,SROGERSSTW3RDST,TRAFFIC CONTROL SIGNAL,2021-04-19 21:45:00
2285,MONROE SD,BLOOMINGTON,1,0.0,0.0,0,0,,,,SR 48,,,700.0,W,39.163144,-86.62907335,STATE ROAD,N,RURAL,N,N,N,,DARK (NOT LIGHTED),CLEAR,DRY,,T-INTERSECTION,STRAIGHT/GRADE,ASPHALT,RAN OFF ROAD RIGHT,RAN OFF ROAD,SOUTHCAVERDSR48W,NONE,2021-04-19 23:26:00
2286,MONROE SD,BLOOMINGTON,1,0.0,0.0,0,1,,,,SR 446,,,5280.0,E,0.0,0.0,STATE ROAD,N,RURAL,N,N,N,,DARK (NOT LIGHTED),CLEAR,DRY,,NO JUNCTION INVOLVED,STRAIGHT/LEVEL,ASPHALT,ANIMAL/OBJECT IN ROADWAY,COLLISION WITH DEER,SDUTCHRIDGERDSR46,LANE CONTROL,2021-04-18 02:12:00
2287,INDIANA UNIV BLOOMINGTON PD,BLOOMINGTON,2,0.0,1.0,0,0,,,,E 17TH ST,N FEE LN,,,,39.179061,-86.51897,LOCAL/CITY ROAD,N,URBAN,N,N,N,,DARK (LIGHTED),CLEAR,DRY,,FOUR-WAY INTERSECTION,STRAIGHT/LEVEL,ASPHALT,DISREGARD SIGNAL/REG SIGN,RIGHT ANGLE,EAST17THSTFEELN,TRAFFIC CONTROL SIGNAL,2021-04-18 02:40:00
2288,ISP BLOOMINGTON 33,BLOOMINGTON,2,,1.0,0,0,,,,I-69,,,0.0,,39.17936229,-86.55855364,INTERSTATE,,URBAN,N,N,N,,DAYLIGHT,CLEAR,DRY,,NO JUNCTION INVOLVED,,ASPHALT,TIRE FAILURE OR DEFECTIVE,,69119.5,,2021-04-18 14:12:00
2289,INDIANA UNIV BLOOMINGTON PD,BLOOMINGTON,2,0.0,0.0,0,0,2815,,,SR 45,E UNIVERSITY RD,,,,,,STATE ROAD,N,URBAN,N,N,N,,DAYLIGHT,CLEAR,DRY,,NO JUNCTION INVOLVED,STRAIGHT/HILLCREST,CONCRETE,LEFT OF CENTER,HEAD ON BETWEEN TWO MOTOR VEHICLES,SR45SR46,NONE,2021-04-18 15:34:00
2290,BLOOMINGTON PD,BLOOMINGTON,2,0.0,0.0,0,0,,,,W TAPP RD,S ADAMS ST,,100.0,W,39.136676,-86.55439134,LOCAL/CITY ROAD,N,URBAN,N,N,N,,DAYLIGHT,CLOUDY,DRY,,T-INTERSECTION,STRAIGHT/GRADE,ASPHALT,ANIMAL/OBJECT IN ROADWAY,REAR END,SADAMSSTWTAPPRD,ROUNDABOUT INTERSECTION,2021-04-18 18:12:00
2291,MONROE SD,BLOOMINGTON,1,0.0,0.0,1,0,,,,W DINSMORE RD (E),SR 45,,,,39.1132231,-86.6347686,LOCAL/CITY ROAD,N,RURAL,N,N,N,,DARK (NOT LIGHTED),CLEAR,DRY,,NO JUNCTION INVOLVED,STRAIGHT/LEVEL,ASPHALT,RAN OFF ROAD RIGHT,RAN OFF ROAD,WDINSMORERDWSTATEROAD45RD,NONE,2021-04-18 20:51:00
2292,MONROE SD,BLOOMINGTON,1,0.0,0.0,0,1,,,,W VERNAL PIKE,N SUNRISE GREETING CT,,,,39.179142,-86.576399,COUNTY ROAD,N,RURAL,N,N,N,,DARK (NOT LIGHTED),CLEAR,DRY,,NO JUNCTION INVOLVED,STRAIGHT/HILLCREST,ASPHALT,ANIMAL/OBJECT IN ROADWAY,COLLISION WITH DEER,SUNRISEGREETINGSCTVERNALPIKE,NONE,2021-04-17 00:03:00
2293,BLOOMINGTON PD,BLOOMINGTON,2,0.0,0.0,0,0,,,,E 2ND ST,S HENDERSON ST,,,,39.16144,-86.527152,LOCAL/CITY ROAD,Y,URBAN,N,N,N,,UNKNOWN,CLEAR,DRY,,FOUR-WAY INTERSECTION,STRAIGHT/LEVEL,ASPHALT,IMPROPER LANE USAGE,SAME DIRECTION SIDESWIPE,EAST2NDSTSOUTHHENDERSONST,STOP SIGN,2021-04-17 12:00:00
2294,BLOOMINGTON PD,BLOOMINGTON,2,0.0,0.0,0,0,,,,E WINSLOW RD,S WALNUT ST PIKE,,,,39.136144,-86.528688,LOCAL/CITY ROAD,N,URBAN,N,N,N,,DAYLIGHT,CLOUDY,WET,,FOUR-WAY INTERSECTION,STRAIGHT/GRADE,ASPHALT,FAILURE TO YIELD RIGHT OF WAY,RIGHT ANGLE,WALNUTSTREETPIKEWINSLOWRD,LANE CONTROL,2021-04-17 12:34:00
2295,MONROE SD,BLOOMINGTON,1,0.0,1.0,0,0,,,,S VALLEY MISSION RD,E PEDIGO BAY DR,,200.0,N,39.02464413,-86.5012091,COUNTY ROAD,N,RURAL,N,N,N,,DAYLIGHT,CLEAR,DRY,,NO JUNCTION INVOLVED,CURVE/GRADE,ASPHALT,OTHER (DRIVER) - EXPLAIN IN NARRATIVE,REAR END,EPEDIGOBAYDRSVALLEYMISSIONRD,NONE,2021-04-17 12:52:00
2296,INDIANA UNIV BLOOMINGTON PD,BLOOMINGTON,2,0.0,0.0,0,0,,,,SR 45/46,E DISCOVERY PKWY,,100.0,S,39.21654567,-86.61521799,STATE ROAD,N,URBAN,N,N,N,,DAYLIGHT,RAIN,WET,,NO JUNCTION INVOLVED,STRAIGHT/GRADE,ASPHALT,FOLLOWING TOO CLOSELY,REAR END,DISCOVERYPKWYSR46S,NONE,2021-04-17 12:55:00
2297,ELLETTSVILLE PD,ELLETTSVILLE,2,0.0,0.0,0,0,,,,SR 46,BRIAR GATE DR,,,,39.216569,-86.596334,STATE ROAD,N,URBAN,N,N,N,,DAYLIGHT,CLEAR,DRY,,NO JUNCTION INVOLVED,STRAIGHT/LEVEL,ASPHALT,UNSAFE LANE MOVEMENT,SAME DIRECTION SIDESWIPE,BRIARGATEDRSR46W,LANE CONTROL,2021-04-17 18:01:00
2298,MONROE SD,,2,0.0,0.0,0,0,,,,SR 45,W AIRPORT RD,,,,0.0,0.0,STATE ROAD,Y,RURAL,N,N,N,,DARK (NOT LIGHTED),CLEAR,DRY,,T-INTERSECTION,STRAIGHT/GRADE,ASPHALT,DISREGARD SIGNAL/REG SIGN,REAR END,AIRPORTRDSR45,TRAFFIC CONTROL SIGNAL,2021-04-17 20:45:00
2299,BLOOMINGTON PD,BLOOMINGTON,2,0.0,0.0,0,0,,,,W KIRKWOOD AVE,N COLLEGE AVE,,,,39.16664,-86.5348,LOCAL/CITY ROAD,Y,URBAN,N,N,N,,DARK (LIGHTED),CLEAR,DRY,,NO JUNCTION INVOLVED,STRAIGHT/GRADE,CONCRETE,FOLLOWING TOO CLOSELY,REAR END,SCOLLEGEAVEWKIRKWOODAVE,NONE,2021-04-17 23:50:00
2300,MONROE SD,BLOOMINGTON,1,0.0,0.0,0,0,,,,S ROCKPORT RD,,,1500.0,N,39.101776,-86.576864,LOCAL/CITY ROAD,N,RURAL,N,N,N,,DAYLIGHT,CLEAR,DRY,,T-INTERSECTION,STRAIGHT/HILLCREST,ASPHALT,RAN OFF ROAD RIGHT,RAN OFF ROAD,COCKRELLRDSROCKPORTRD,NONE,2021-04-16 01:24:00
2301,MONROE SD,BLOOMINGTON,1,0.0,0.0,0,0,,,,S HARMONY RD,,,2000.0,E,39.06822,-86.62629685,LOCAL/CITY ROAD,N,RURAL,N,N,N,,DARK (NOT LIGHTED),CLEAR,DRY,,NO JUNCTION INVOLVED,CURVE/LEVEL,ASPHALT,DRIVER ASLEEP OR FATIGUED,RAN OFF ROAD,HARMONYRDMOUNTZIONRD,LANE CONTROL,2021-04-16 05:10:00
2302,BLOOMINGTON PD,BLOOMINGTON,2,0.0,0.0,0,0,,,,N INDIANA AVE,E 14TH ST,,,,39.176192,-86.52712,LOCAL/CITY ROAD,N,URBAN,N,N,N,,DAYLIGHT,CLEAR,DRY,,FOUR-WAY INTERSECTION,STRAIGHT/LEVEL,ASPHALT,FAILURE TO YIELD RIGHT OF WAY,RIGHT ANGLE,14THSTINDIANAAVE,STOP SIGN,2021-04-16 09:25:00
2303,BLOOMINGTON PD,BLOOMINGTON,2,0.0,0.0,0,0,,,,SR 45,I-69 S,,,,39.148144,-86.572992,STATE ROAD,Y,URBAN,N,N,N,,DAYLIGHT,CLEAR,DRY,,FOUR-WAY INTERSECTION,STRAIGHT/GRADE,ASPHALT,DISREGARD SIGNAL/REG SIGN,LEFT TURN,SR37SSR45W,TRAFFIC CONTROL SIGNAL,2021-04-16 11:00:00
2304,ELLETTSVILLE PD,ELLETTSVILLE,2,0.0,0.0,0,0,,,,SR 46,W FORREST PARK DR,,,,39.212096,-86.587196,STATE ROAD,Y,,N,N,N,,DAYLIGHT,CLEAR,DRY,,NO JUNCTION INVOLVED,STRAIGHT/LEVEL,ASPHALT,FAILURE TO YIELD RIGHT OF WAY,RIGHT ANGLE,FORRESTPARKFARMSDRSR46W,STOP SIGN,2021-04-16 12:47:00
2305,MONROE SD,BLOOMINGTON,2,0.0,1.0,0,0,6072,,,SR 46,E TRAILWOOD DR,,250.0,W,0.0,0.0,STATE ROAD,N,RURAL,N,N,N,,DAYLIGHT,CLEAR,DRY,,NO JUNCTION INVOLVED,CURVE/GRADE,ASPHALT,LEFT OF CENTER,HEAD ON BETWEEN TWO MOTOR VEHICLES,SR46ETWINLEAFTR,NONE,2021-04-16 14:54:00
2306,INDIANA UNIV BLOOMINGTON PD,BLOOMINGTON,3,0.0,0.0,0,0,,,,E 3RD ST,S INDIANA AVE,,150.0,E,39.164281,-86.52588397,LOCAL/CITY ROAD,N,URBAN,N,N,N,,DAYLIGHT,CLEAR,DRY,,NO JUNCTION INVOLVED,STRAIGHT/LEVEL,ASPHALT,FOLLOWING TOO CLOSELY,REAR END,FESSAVETHIRDST,LANE CONTROL,2021-04-16 15:18:00
2307,BLOOMINGTON PD,BLOOMINGTON,2,0.0,0.0,0,0,,,,SR 48,S CURRY PIKE,,,,39.16465,-86.582939,LOCAL/CITY ROAD,N,URBAN,N,N,N,,DAYLIGHT,CLEAR,DRY,,NO JUNCTION INVOLVED,STRAIGHT/LEVEL,CONCRETE,FAILURE TO YIELD RIGHT OF WAY,LEFT TURN,SCURRYPIKEW3RDST,NONE,2021-04-16 15:29:00
2308,BLOOMINGTON PD,BLOOMINGTON,2,0.0,0.0,0,0,,,,E 10TH ST,N DUNN ST,,,,39.17168,-86.528256,LOCAL/CITY ROAD,N,URBAN,N,N,N,,DAYLIGHT,CLEAR,DRY,,FOUR-WAY INTERSECTION,STRAIGHT/LEVEL,ASPHALT,FAILURE TO YIELD RIGHT OF WAY,LEFT/RIGHT TURN,10THSTNDUNNST,LANE CONTROL,2021-04-16 16:54:00
2309,MONROE SD,BLOOMINGTON,2,0.0,1.0,1,0,,,,SR 46,,,1000.0,W,39.15629121,-86.40831933,STATE ROAD,N,RURAL,N,N,N,,DAYLIGHT,CLEAR,DRY,,NO JUNCTION INVOLVED,STRAIGHT/GRADE,ASPHALT,LEFT OF CENTER,HEAD ON BETWEEN TWO MOTOR VEHICLES,FRIENDSHIPRDSR46E,NONE,2021-04-16 18:32:00
2310,BLOOMINGTON PD,BLOOMINGTON,1,0.0,0.0,0,0,3939,,,SR 48,S CURRY PIKE,,,,39.164752,-86.573104,UNKNOWN,N,URBAN,N,N,N,,DAYLIGHT,CLEAR,DRY,,NO JUNCTION INVOLVED,STRAIGHT/LEVEL,ASPHALT,DRIVER ILLNESS,COLLISION WITH OBJECT IN ROAD,W3RDST,NONE,2021-04-16 18:45:00
2311,MONROE SD,BLOOMINGTON,2,0.0,0.0,0,0,,,,SR 46,,,3000.0,E,0.0,0.0,STATE ROAD,N,RURAL,N,N,N,,DAWN/DUSK,CLEAR,DRY,,NO JUNCTION INVOLVED,STRAIGHT/LEVEL,ASPHALT,UNSAFE BACKING,BACKING CRASH,GETTYCREEKRDSR45E,NONE,2021-04-16 20:00:00
2312,INDIANA UNIV BLOOMINGTON PD,BLOOMINGTON,2,0.0,0.0,0,0,,,,E 17TH ST,N INDIANA AVE,,,,,,LOCAL/CITY ROAD,N,URBAN,N,N,N,,DARK (LIGHTED),CLEAR,DRY,,T-INTERSECTION,STRAIGHT/GRADE,ASPHALT,FOLLOWING TOO CLOSELY,REAR END,EAST17THSTINDIANAAVE,NONE,2021-04-15 08:52:00
2313,MONROE SD,BLOOMINGTON,2,0.0,0.0,0,0,,,,S LIBERTY DR,,,1545.0,N,39.31451421,-86.576869,LOCAL/CITY ROAD,N,URBAN,N,N,N,,DAYLIGHT,CLEAR,DRY,,NO JUNCTION INVOLVED,STRAIGHT/LEVEL,ASPHALT,FOLLOWING TOO CLOSELY,RIGHT TURN,SLIBERTYDRWCONSTITUTIONAVE,NONE,2021-04-15 10:32:00