_id,Agency,City,Vehicles Involved,Trailers Involved,Number Injured,Number Dead,Number Deer,House Number,Roadway Interchange,Roadway Ramp,Roadway Id,Intersecting Road,Interchange,Feet From,Direction,Latitude,Longitude,Roadway Class,Hit and Run?,Locality,School Zone?,Rumble Strips?,Construction?,Construction Type,Light Condition,Weather Conditions,Surface Condition,Type of Median,Roadway Junction Type,Road Character,Roadway Surface,Primary Factor,Manner of Collision,Unique Location Id,Traffic Control,DateTime
2314,MONROE SD,BLOOMINGTON,1,1.0,0.0,0,0,,,,SR 446,,,1380.0,S,39.03045889,-86.40763666,STATE ROAD,N,RURAL,N,Y,N,,DAYLIGHT,CLEAR,DRY,,NO JUNCTION INVOLVED,CURVE/GRADE,ASPHALT,ANIMAL/OBJECT IN ROADWAY,RAN OFF ROAD,EALLENSCREEKRDSR446E,NONE,2021-04-15 12:00:00
2315,BLOOMINGTON PD,BLOOMINGTON,2,0.0,1.0,0,0,,,,W 2ND ST,S ADAMS ST,,,,39.160371,-86.550829,LOCAL/CITY ROAD,N,URBAN,N,N,N,,DAYLIGHT,CLEAR,DRY,,FOUR-WAY INTERSECTION,STRAIGHT/LEVEL,ASPHALT,DISREGARD SIGNAL/REG SIGN,RIGHT ANGLE,ADAMSSTW2NDST,TRAFFIC CONTROL SIGNAL,2021-04-15 13:15:00
2316,BLOOMINGTON PD,BLOOMINGTON,2,0.0,0.0,0,0,,,,S DUNN ST,E 9TH ST,,,,39.170544,-86.52824,LOCAL/CITY ROAD,N,URBAN,N,N,N,,DAYLIGHT,CLEAR,DRY,,NO JUNCTION INVOLVED,STRAIGHT/LEVEL,ASPHALT,FAILURE TO YIELD RIGHT OF WAY,RIGHT ANGLE,E9THSTSDUNNST,STOP SIGN,2021-04-15 13:30:00
2317,BLOOMINGTON PD,BLOOMINGTON,1,0.0,0.0,0,0,349,,,S WALNUT ST,E SMITH AVE,,,,39.16908669,-86.53356016,LOCAL/CITY ROAD,N,URBAN,Y,N,N,,DAYLIGHT,CLEAR,DRY,,NO JUNCTION INVOLVED,STRAIGHT/LEVEL,CONCRETE,OVERCORRECTING/OVERSTEERING,OTHER - EXPLAIN IN NARRATIVE,SWALNUTST,NONE,2021-04-15 15:40:00
2318,INDIANA UNIV BLOOMINGTON PD,BLOOMINGTON,1,0.0,0.0,0,1,,,,SR 45/46,N FEE LN,,1000.0,E,39.18504585,-86.51656815,STATE ROAD,N,URBAN,N,N,N,,DAYLIGHT,CLEAR,DRY,,NO JUNCTION INVOLVED,STRAIGHT/LEVEL,ASPHALT,ANIMAL/OBJECT IN ROADWAY,COLLISION WITH DEER,FEELNSR46E,NONE,2021-04-15 15:45:00
2319,MONROE SD,BLOOMINGTON,2,0.0,0.0,0,0,,,,S FAIRFAX RD,E SCHACHT RD,,,,39.10704,-86.523488,COUNTY ROAD,N,RURAL,N,N,N,,DAYLIGHT,CLEAR,DRY,,T-INTERSECTION,STRAIGHT/LEVEL,ASPHALT,FOLLOWING TOO CLOSELY,REAR END,ESCHACHTRDSFAIRFAXRD,NONE,2021-04-15 16:57:00
2320,INDIANA UNIV BLOOMINGTON PD,BLOOMINGTON,3,0.0,0.0,0,0,,,,SR 45/46,,,500.0,S,,,STATE ROAD,N,URBAN,N,N,N,,DAYLIGHT,CLEAR,DRY,,NO JUNCTION INVOLVED,STRAIGHT/LEVEL,ASPHALT,FOLLOWING TOO CLOSELY,REAR END,EASTDISCOVERYPKWYSR46S,NONE,2021-04-15 17:51:00
2321,BLOOMINGTON PD,BLOOMINGTON,2,0.0,0.0,0,0,,,,W 2ND ST,S COLLEGE AVE,,,,39.16144,-86.534848,LOCAL/CITY ROAD,N,URBAN,N,N,N,,DAYLIGHT,CLEAR,DRY,,FOUR-WAY INTERSECTION,STRAIGHT/LEVEL,ASPHALT,FOLLOWING TOO CLOSELY,REAR END,SCOLLEGEAVEW2NDST,TRAFFIC CONTROL SIGNAL,2021-04-15 18:18:00
2322,MONROE SD,BLOOMINGTON,1,0.0,1.0,0,0,,,,E MONROE DAM RD,S VALLEY MISSION LN,,200.0,E,39.009344,-86.510096,LOCAL/CITY ROAD,N,RURAL,N,N,N,,DAYLIGHT,CLEAR,DRY,,NO JUNCTION INVOLVED,STRAIGHT/LEVEL,ASPHALT,UNSAFE SPEED,RAN OFF ROAD,EMONROEDAMRDSVALLEYMISSIONRD,NONE,2021-04-15 20:10:00
2323,MONROE SD,BLOOMINGTON,1,0.0,0.0,0,1,,,,I-69 N,,,20.0,S,0.0,0.0,INTERSTATE,N,RURAL,N,N,N,,DARK (NOT LIGHTED),CLEAR,DRY,,NO JUNCTION INVOLVED,STRAIGHT/LEVEL,ASPHALT,ANIMAL/OBJECT IN ROADWAY,COLLISION WITH DEER,I69N123.0,NONE,2021-04-15 20:50:00
2324,INDIANA UNIV BLOOMINGTON PD,BLOOMINGTON,2,0.0,0.0,0,0,,,,S MITCHELL ST,E 3RD ST,,,,39.16426,-86.514211,LOCAL/CITY ROAD,N,URBAN,N,N,N,,DARK (LIGHTED),CLEAR,DRY,,T-INTERSECTION,STRAIGHT/LEVEL,ASPHALT,LEFT OF CENTER,RIGHT TURN,MITCHELLSTTHIRDST,NONE,2021-04-15 21:02:00
2325,BLOOMINGTON PD,BLOOMINGTON,3,0.0,0.0,0,0,512,,,S WASHINGTON ST,,,150.0,S,39.16144,-86.5324,LOCAL/CITY ROAD,Y,URBAN,N,N,N,,DARK (NOT LIGHTED),CLEAR,DRY,,NO JUNCTION INVOLVED,STRAIGHT/LEVEL,ASPHALT,UNSAFE LANE MOVEMENT,SAME DIRECTION SIDESWIPE,E2NDSTSWASHINGTONST,NONE,2021-04-14 04:00:00
2326,BLOOMINGTON PD,BLOOMINGTON,2,0.0,1.0,0,0,,,,N WALNUT ST,SR 45/46,,,,39.186368,-86.5344,LOCAL/CITY ROAD,N,URBAN,N,N,N,,DAWN/DUSK,CLEAR,DRY,,FOUR-WAY INTERSECTION,STRAIGHT/GRADE,ASPHALT,UNSAFE SPEED,REAR END,NWALNUTSTSR46W,TRAFFIC CONTROL SIGNAL,2021-04-14 07:53:00
2327,BLOOMINGTON PD,BLOOMINGTON,2,0.0,0.0,0,0,,,,S HENDERSON ST,E HUNTER AVE,,,,39.164448,-86.5268,LOCAL/CITY ROAD,N,URBAN,N,N,N,,DAYLIGHT,CLOUDY,DRY,,T-INTERSECTION,STRAIGHT/GRADE,ASPHALT,IMPROPER LANE USAGE,SAME DIRECTION SIDESWIPE,HENDERSONSTHUNTERAVE,NONE,2021-04-14 08:23:00
2328,INDIANA UNIV BLOOMINGTON PD,BLOOMINGTON,2,0.0,0.0,0,0,,,,SR 45/46,E 17TH ST,,,,,,STATE ROAD,N,URBAN,N,N,N,,DAYLIGHT,CLEAR,DRY,,T-INTERSECTION,STRAIGHT/LEVEL,ASPHALT,DISREGARD SIGNAL/REG SIGN,RIGHT ANGLE,EAST17THSTSR46,TRAFFIC CONTROL SIGNAL,2021-04-14 12:05:00
2329,INDIANA UNIV BLOOMINGTON PD,BLOOMINGTON,1,0.0,0.0,0,0,1101,,,N FEE LN,,,,,39.17612549,-86.51898236,UNKNOWN,N,URBAN,N,N,N,,DAYLIGHT,CLEAR,DRY,,NO JUNCTION INVOLVED,STRAIGHT/LEVEL,CONCRETE,OTHER (DRIVER) - EXPLAIN IN NARRATIVE,COLLISION WITH OBJECT IN ROAD,NFEELN,NONE,2021-04-14 12:47:00
2330,BLOOMINGTON PD,BLOOMINGTON,2,0.0,0.0,0,0,,,,E MCMILLAN CT,,,500.0,S,0.0,0.0,LOCAL/CITY ROAD,N,URBAN,N,N,N,,DAYLIGHT,CLEAR,DRY,,NO JUNCTION INVOLVED,CURVE/LEVEL,ASPHALT,UNSAFE BACKING,BACKING CRASH,EWINSTONSTMCMILLANCT,NONE,2021-04-14 14:53:00
2331,BLOOMINGTON PD,BLOOMINGTON,2,0.0,0.0,0,0,,,,S WALNUT ST PIKE,E WINSLOW RD,,,,39.136144,-86.528688,LOCAL/CITY ROAD,N,URBAN,N,N,N,,DAYLIGHT,CLEAR,DRY,,FOUR-WAY INTERSECTION,STRAIGHT/LEVEL,ASPHALT,FAILURE TO YIELD RIGHT OF WAY,RIGHT ANGLE,EWINSLOWRDSWALNUTSTREETPIKE,STOP SIGN,2021-04-14 15:09:00
2332,INDIANA UNIV BLOOMINGTON PD,BLOOMINGTON,2,0.0,0.0,0,0,,,,E ATWATER AVE,S HIGHLAND AVE,,,,,,LOCAL/CITY ROAD,N,URBAN,N,N,N,,DAYLIGHT,CLEAR,DRY,,FOUR-WAY INTERSECTION,STRAIGHT/GRADE,ASPHALT,FAILURE TO YIELD RIGHT OF WAY,RIGHT ANGLE,ATWATERAVEHIGHLANDAVE,STOP SIGN,2021-04-14 15:20:00
2333,ELLETTSVILLE PD,ELLETTSVILLE,2,0.0,0.0,0,0,,,,SR 46,W MAPLE GROVE RD,,,,39.245744,-86.636896,STATE ROAD,N,URBAN,N,N,N,,DAYLIGHT,CLEAR,DRY,,T-INTERSECTION,CURVE/GRADE,ASPHALT,FAILURE TO YIELD RIGHT OF WAY,LEFT TURN,MAPLEGROVERDSR46W,NONE,2021-04-14 15:31:00
2334,ELLETTSVILLE PD,ELLETTSVILLE,2,0.0,0.0,0,0,,,,S 1ST ST,W RITTER ST,,,,39.229424,-86.623584,LOCAL/CITY ROAD,N,URBAN,N,N,N,,DAYLIGHT,CLEAR,DRY,,NO JUNCTION INVOLVED,STRAIGHT/HILLCREST,ASPHALT,FAILURE TO YIELD RIGHT OF WAY,OPPOSITE DIRECTION SIDESWIPE,1STRITTERST,LANE CONTROL,2021-04-13 08:35:00
2335,INDIANA UNIV BLOOMINGTON PD,BLOOMINGTON,3,0.0,0.0,0,0,,,,E 3RD ST,S INDIANA AVE,,,,39.164287,-86.526904,LOCAL/CITY ROAD,N,URBAN,N,N,N,,DAYLIGHT,CLEAR,DRY,,NO JUNCTION INVOLVED,STRAIGHT/LEVEL,CONCRETE,FOLLOWING TOO CLOSELY,REAR END,HENDERSONSTTHIRDST,NONE,2021-04-13 11:35:00
2336,INDIANA UNIV BLOOMINGTON PD,BLOOMINGTON,2,0.0,1.0,0,0,,,,E 10TH ST,N FEE LN,,,,,,LOCAL/CITY ROAD,N,URBAN,N,N,N,,DAYLIGHT,CLOUDY,DRY,,T-INTERSECTION,STRAIGHT/LEVEL,ASPHALT,FOLLOWING TOO CLOSELY,REAR END,FEELNTENTHST,TRAFFIC CONTROL SIGNAL,2021-04-13 13:30:00
2337,ELLETTSVILLE PD,ELLETTSVILLE,2,0.0,0.0,0,0,,,,SR 46,N HARTSTRAIT RD,,100.0,W,,,STATE ROAD,N,URBAN,N,N,N,,DAYLIGHT,CLOUDY,DRY,,FOUR-WAY INTERSECTION,STRAIGHT/LEVEL,ASPHALT,OVERCORRECTING/OVERSTEERING,SAME DIRECTION SIDESWIPE,HARTSTRAITRDSR46W,TRAFFIC CONTROL SIGNAL,2021-04-13 15:15:00
2338,INDIANA UNIV BLOOMINGTON PD,BLOOMINGTON,2,0.0,0.0,0,0,,,,SR 45/46,E DISCOVERY PKWY,,,,,,STATE ROAD,N,URBAN,N,N,N,,DAYLIGHT,CLEAR,DRY,,T-INTERSECTION,STRAIGHT/LEVEL,ASPHALT,FOLLOWING TOO CLOSELY,REAR END,SR45/46BYPASSEASTDISCOVERYPARKWAY,TRAFFIC CONTROL SIGNAL,2021-04-13 15:40:00
2339,BLOOMINGTON PD,BLOOMINGTON,2,0.0,1.0,0,0,,,,W 2ND ST,S ROGERS ST,,,,39.16152,-86.538592,LOCAL/CITY ROAD,Y,URBAN,N,N,N,,DAYLIGHT,CLEAR,DRY,,FOUR-WAY INTERSECTION,STRAIGHT/GRADE,CONCRETE,DISREGARD SIGNAL/REG SIGN,RIGHT ANGLE,SOUTHROGERSSTWEST2NDST,TRAFFIC CONTROL SIGNAL,2021-04-13 16:45:00
2340,BLOOMINGTON PD,BLOOMINGTON,2,0.0,2.0,0,0,,,,S CURRY PIKE,SR 48,,,,39.16465,-86.582939,LOCAL/CITY ROAD,N,URBAN,N,N,N,,DAWN/DUSK,CLEAR,DRY,,FOUR-WAY INTERSECTION,STRAIGHT/LEVEL,ASPHALT,UNSAFE SPEED,REAR END,SCURRYPIKEW3RDST,TRAFFIC CONTROL SIGNAL,2021-04-13 18:46:00
2341,BLOOMINGTON PD,BLOOMINGTON,2,0.0,0.0,0,0,,,,W HOWE ST,S ROGERS ST,,,,39.162403,-86.53868,LOCAL/CITY ROAD,Y,URBAN,N,N,N,,DARK (NOT LIGHTED),CLEAR,DRY,,NO JUNCTION INVOLVED,STRAIGHT/LEVEL,ASPHALT,UNSAFE BACKING,BACKING CRASH,SROGERSSTWHOWEST,NONE,2021-04-12 00:00:00
2342,BLOOMINGTON PD,BLOOMINGTON,2,0.0,0.0,0,0,,,,W ARLINGTON RD,W GOURLEY PIKE,,30.0,E,39.186544,-86.551168,LOCAL/CITY ROAD,N,URBAN,N,N,N,,DAWN/DUSK,CLEAR,DRY,,T-INTERSECTION,STRAIGHT/GRADE,ASPHALT,FAILURE TO YIELD RIGHT OF WAY,LEFT TURN,WARLINGTONRDWGOURLEYPIKE,NONE,2021-04-12 07:45:00
2343,MONROE SD,BLOOMINGTON,1,0.0,1.0,0,0,,,,E GILMORE RIDGE RD,,,477.0,S,39.10303199,-86.38166422,COUNTY ROAD,N,RURAL,N,N,N,,DAYLIGHT,CLEAR,DRY,,NO JUNCTION INVOLVED,CURVE/LEVEL,GRAVEL,ANIMAL/OBJECT IN ROADWAY,RAN OFF ROAD,EDECKARDRIDGERDGILMORERIDGERD,NONE,2021-04-12 10:49:00
2344,BLOOMINGTON PD,BLOOMINGTON,2,0.0,1.0,0,0,,,,S WALNUT ST PIKE,E ALLENDALE DR,,,,39.130944,-86.526688,LOCAL/CITY ROAD,N,URBAN,N,N,N,,DAYLIGHT,CLEAR,DRY,,FOUR-WAY INTERSECTION,STRAIGHT/LEVEL,ASPHALT,FAILURE TO YIELD RIGHT OF WAY,RIGHT ANGLE,ALLENDALEDRWALNUTSTPIKE,STOP SIGN,2021-04-12 11:32:00
2345,ISP BLOOMINGTON 33,BLOOMINGTON,2,,0.0,0,0,,118,B,I-69 N,W 3RD ST,,0.0,,39.1647367,-86.57244212,STATE ROAD,,RURAL,N,N,N,,DAYLIGHT,CLEAR,DRY,,INTERCHANGE,,CONCRETE,IMPROPER TURNING,SAME DIRECTION SIDESWIPE,I69118B,,2021-04-12 12:02:00
2346,ISP BLOOMINGTON 33,BLOOMINGTON,1,,0.0,0,0,,123,C,I-69 S,N SR 37 BUSINESS,,0.0,,39.23770483,-86.53901197,LOCAL/CITY ROAD,,URBAN,N,N,N,,DAYLIGHT,CLEAR,DRY,,RAMP,,ASPHALT,,RAN OFF ROAD,I69-123-RampC123C,,2021-04-12 12:35:00
2347,BLOOMINGTON PD,BLOOMINGTON,2,0.0,0.0,0,0,,,,E MOORES PIKE,SR 446,,,,39.150352,-86.471296,LOCAL/CITY ROAD,Y,URBAN,N,N,N,,DAYLIGHT,CLEAR,DRY,,FOUR-WAY INTERSECTION,STRAIGHT/GRADE,ASPHALT,FAILURE TO YIELD RIGHT OF WAY,LEFT TURN,EMOORESPIKESR446S,NONE,2021-04-12 13:18:00
2348,INDIANA UNIV BLOOMINGTON PD,BLOOMINGTON,2,0.0,0.0,0,0,,,,N JORDAN AVE,E 10TH ST,,,,,,LOCAL/CITY ROAD,N,URBAN,N,N,N,,DAYLIGHT,CLEAR,DRY,,FOUR-WAY INTERSECTION,STRAIGHT/LEVEL,ASPHALT,IMPROPER PASSING,SAME DIRECTION SIDESWIPE,JORDANAVETENTHST,TRAFFIC CONTROL SIGNAL,2021-04-12 14:00:00
2349,BLOOMINGTON PD,BLOOMINGTON,2,0.0,0.0,0,0,300,,,E VARSITY LN,,,,,39.183454,-86.530617,LOCAL/CITY ROAD,Y,URBAN,N,N,N,,DARK (LIGHTED),CLEAR,DRY,,NO JUNCTION INVOLVED,CURVE/GRADE,ASPHALT,OTHER (DRIVER) - EXPLAIN IN NARRATIVE,BACKING CRASH,EVARSITYLN,NONE,2021-04-12 21:36:00
2350,MONROE SD,BLOOMINGTON,1,0.0,0.0,0,0,,115,N,I-69 S,W FULLERTON PIKE,,,,,,INTERSTATE,N,RURAL,N,N,N,,DARK (LIGHTED),CLOUDY,DRY,,RAMP,CURVE/GRADE,ASPHALT,RAN OFF ROAD RIGHT,RAN OFF ROAD,I69S,NONE,2021-04-11 01:01:00
2351,ELLETTSVILLE PD,ELLETTSVILLE,2,0.0,0.0,0,0,,,,SR 46,N UNION VALLEY RD,,,,39.215152,-86.5928,STATE ROAD,Y,URBAN,N,N,N,,DAYLIGHT,CLEAR,DRY,,NO JUNCTION INVOLVED,STRAIGHT/LEVEL,ASPHALT,OTHER (DRIVER) - EXPLAIN IN NARRATIVE,OPPOSITE DIRECTION SIDESWIPE,SR46WUNIONVALLEYRDS,TRAFFIC CONTROL SIGNAL,2021-04-11 07:32:00
2352,BLOOMINGTON PD,BLOOMINGTON,1,0.0,,0,0,,,,S WALNUT ST,E SOUTH DR,,70.0,S,39.142048,-86.531088,LOCAL/CITY ROAD,Y,URBAN,Y,N,N,,DAYLIGHT,RAIN,WET,,NO JUNCTION INVOLVED,STRAIGHT/LEVEL,ASPHALT,RAN OFF ROAD RIGHT,RAN OFF ROAD,SWALNUTSTSOUTHDR,LANE CONTROL,2021-04-11 09:45:00
2353,INDIANA UNIV BLOOMINGTON PD,BLOOMINGTON,4,0.0,0.0,0,0,,,,SR 46,SR 45,,,,,,STATE ROAD,N,URBAN,N,N,N,,DAYLIGHT,RAIN,WET,,FOUR-WAY INTERSECTION,STRAIGHT/LEVEL,ASPHALT,SPEED TOO FAST FOR WEATHER CONDITIONS,REAR END,SR46UNIONVILLERD,TRAFFIC CONTROL SIGNAL,2021-04-11 15:45:00
2354,BLOOMINGTON PD,BLOOMINGTON,3,0.0,1.0,0,0,,,,S LEONARD SPRINGS RD,W TAPP RD,,,,,,LOCAL/CITY ROAD,N,URBAN,N,N,N,,DAYLIGHT,CLOUDY,WET,,T-INTERSECTION,STRAIGHT/LEVEL,ASPHALT,FOLLOWING TOO CLOSELY,SAME DIRECTION SIDESWIPE,SLEONARDSPRINGSRDWTAPPRD,STOP SIGN,2021-04-11 16:15:00
2355,MONROE SD,BLOOMINGTON,1,0.0,0.0,0,1,,,,W WILLIAMS RD,,,500.0,W,,,LOCAL/CITY ROAD,N,URBAN,N,N,N,,DARK (NOT LIGHTED),CLEAR,WET,,NO JUNCTION INVOLVED,STRAIGHT/GRADE,ASPHALT,ANIMAL/OBJECT IN ROADWAY,COLLISION WITH DEER,WSIMPSONCHAPELRDWWILLIAMSRD,NONE,2021-04-10 04:54:00
2356,MONROE SD,BLOOMINGTON,1,0.0,2.0,0,0,,,,W LEONARD SPRINGS RD,,,1100.0,W,39.122352,-86.5964,LOCAL/CITY ROAD,N,URBAN,N,N,N,,DARK (NOT LIGHTED),CLOUDY,WET,,NO JUNCTION INVOLVED,STRAIGHT/LEVEL,ASPHALT,ANIMAL/OBJECT IN ROADWAY,RAN OFF ROAD,SDUNCANRDWLEONARDSPRINGSRD,LANE CONTROL,2021-04-10 05:13:00
2357,MONROE SD,BLOOMINGTON,1,0.0,1.0,0,0,,,,SR 446,,,,,,,STATE ROAD,N,RURAL,N,N,N,,DARK (NOT LIGHTED),CLEAR,DRY,,NO JUNCTION INVOLVED,CURVE/GRADE,ASPHALT,OVERCORRECTING/OVERSTEERING,RAN OFF ROAD,SOLDRICHARDSONRDSR446,LANE CONTROL,2021-04-10 05:55:00
2358,BLOOMINGTON PD,BLOOMINGTON,2,0.0,1.0,0,0,,,,E 3RD ST,SR 46,,,,,,LOCAL/CITY ROAD,N,URBAN,N,N,N,,DAYLIGHT,CLOUDY,ICE,,FOUR-WAY INTERSECTION,STRAIGHT/LEVEL,ASPHALT,FAILURE TO YIELD RIGHT OF WAY,RIGHT ANGLE,E3RDSTESTATEROAD46RD,TRAFFIC CONTROL SIGNAL,2021-04-10 09:35:00
2359,BLOOMINGTON PD,BLOOMINGTON,2,0.0,0.0,0,0,,,,E HILLSIDE DR,S HENDERSON ST,,,,39.15064,-86.52696,LOCAL/CITY ROAD,N,URBAN,Y,N,N,,DAYLIGHT,CLOUDY,DRY,,FOUR-WAY INTERSECTION,STRAIGHT/LEVEL,ASPHALT,DISREGARD SIGNAL/REG SIGN,RIGHT ANGLE,EHILLSIDEDRSHENDERSONST,TRAFFIC CONTROL SIGNAL,2021-04-10 09:39:00
2360,BLOOMINGTON PD,BLOOMINGTON,2,0.0,0.0,0,0,,,,SR 45/46,N DUNN ST,,,,39.186352,-86.528496,STATE ROAD,N,URBAN,N,N,N,,DAYLIGHT,RAIN,WET,,FOUR-WAY INTERSECTION,STRAIGHT/LEVEL,ASPHALT,FOLLOWING TOO CLOSELY,REAR END,NDUNNSTSR4546W,TRAFFIC CONTROL SIGNAL,2021-04-10 14:23:00
2361,INDIANA UNIV BLOOMINGTON PD,BLOOMINGTON,2,0.0,0.0,0,0,,,,SR 45/46,E 17TH ST,,,,,,STATE ROAD,N,URBAN,N,N,N,,DAYLIGHT,CLOUDY,WET,,T-INTERSECTION,STRAIGHT/LEVEL,ASPHALT,FOLLOWING TOO CLOSELY,REAR END,EAST17THSTSR46,TRAFFIC CONTROL SIGNAL,2021-04-10 15:15:00
2362,BLOOMINGTON PD,BLOOMINGTON,2,0.0,1.0,0,0,,,,SR 46,KINGSTON DR S,,,,39.16424,-86.492944,LOCAL/CITY ROAD,N,URBAN,N,N,N,,DAYLIGHT,CLEAR,DRY,,FOUR-WAY INTERSECTION,STRAIGHT/LEVEL,ASPHALT,DISREGARD SIGNAL/REG SIGN,LEFT TURN,E3RDSTSKINGSTONDR,TRAFFIC CONTROL SIGNAL,2021-04-10 16:37:00
2363,MONROE SD,BLOOMINGTON,2,0.0,0.0,0,0,,,,S LEONARD SPRINGS RD,W WALNUT LEAF DR,,,,39.14012,-86.582605,LOCAL/CITY ROAD,N,URBAN,N,N,N,,DAYLIGHT,CLEAR,DRY,,T-INTERSECTION,STRAIGHT/LEVEL,ASPHALT,FOLLOWING TOO CLOSELY,REAR END,LEONARDSPRINGSRDWALNUTLEAFDR,LANE CONTROL,2021-04-10 16:53:00
2364,MONROE SD,BLOOMINGTON,1,0.0,0.0,0,0,,,,I-69 N,,,100.0,N,0.0,0.0,INTERSTATE,N,RURAL,N,Y,N,,DAYLIGHT,RAIN,WATER (STANDING OR MOVING),,NO JUNCTION INVOLVED,STRAIGHT/GRADE,ASPHALT,RAN OFF ROAD RIGHT,RAN OFF ROAD,I69N125,NONE,2021-04-10 17:50:00
2365,BLOOMINGTON PD,BLOOMINGTON,2,0.0,0.0,0,0,,,,E 3RD ST,S ROOSEVELT ST,,,,39.164304,-86.505792,LOCAL/CITY ROAD,N,URBAN,N,N,N,,DAYLIGHT,RAIN,WATER (STANDING OR MOVING),,T-INTERSECTION,STRAIGHT/GRADE,ASPHALT,FOLLOWING TOO CLOSELY,REAR END,E3RDSTSROOSEVELTST,NONE,2021-04-10 18:00:00
2366,INDIANA UNIV BLOOMINGTON PD,BLOOMINGTON,2,0.0,0.0,0,0,,,,N JORDAN AVE,E LINGELBACH LN,,,,,,UNKNOWN,N,URBAN,N,N,N,,DAYLIGHT,RAIN,WET,,NO JUNCTION INVOLVED,STRAIGHT/LEVEL,ASPHALT,OTHER (DRIVER) - EXPLAIN IN NARRATIVE,OPPOSITE DIRECTION SIDESWIPE,ELINGELBACHLNJORDANAVE,NONE,2021-04-10 18:07:00
2367,BLOOMINGTON PD,BLOOMINGTON,3,0.0,0.0,0,0,,,,SR 45/46,N KINSER PIKE,,,,,,LOCAL/CITY ROAD,N,URBAN,N,N,N,,DAWN/DUSK,RAIN,WET,,FOUR-WAY INTERSECTION,STRAIGHT/LEVEL,ASPHALT,FOLLOWING TOO CLOSELY,REAR END,NKINSERPIKESTATEROAD4546BYP,TRAFFIC CONTROL SIGNAL,2021-04-10 18:45:00
2368,BLOOMINGTON PD,BLOOMINGTON,2,0.0,0.0,0,0,1361,,,W MILIEU DR,S WESTPLEX AVE,,,,,,UNKNOWN,Y,URBAN,N,N,N,,UNKNOWN,CLEAR,DRY,,NO JUNCTION INVOLVED,STRAIGHT/LEVEL,ASPHALT,UNSAFE LANE MOVEMENT,SAME DIRECTION SIDESWIPE,WESTMILIEUDR,NONE,2021-04-09 01:00:00
2369,BLOOMINGTON PD,BLOOMINGTON,2,0.0,0.0,0,0,,,,N LINDBERGH DR,W 14TH ST,,,,39.176048,-86.552592,LOCAL/CITY ROAD,Y,URBAN,N,N,N,,DARK (NOT LIGHTED),CLOUDY,DRY,,NO JUNCTION INVOLVED,STRAIGHT/LEVEL,ASPHALT,IMPROPER LANE USAGE,SAME DIRECTION SIDESWIPE,NLINDBERGHDRW14THST,NONE,2021-04-09 02:30:00
2370,MONROE SD,BLOOMINGTON,1,0.0,1.0,0,0,,,,E ROBINSON RD,,,2789.0,E,39.24419372,-86.49119219,LOCAL/CITY ROAD,N,RURAL,N,N,N,,DARK (NOT LIGHTED),CLEAR,DRY,,NO JUNCTION INVOLVED,STRAIGHT/GRADE,ASPHALT,RAN OFF ROAD RIGHT,RAN OFF ROAD,OLDSR37RDROBINSONRD,NONE,2021-04-09 04:44:00
2371,BLOOMINGTON PD,BLOOMINGTON,2,0.0,0.0,0,0,,,,N COLLEGE AVE,W 14TH ST,,,,39.175984,-86.534736,LOCAL/CITY ROAD,N,URBAN,N,N,N,,DARK (LIGHTED),CLEAR,DRY,,NO JUNCTION INVOLVED,STRAIGHT/GRADE,ASPHALT,OTHER (DRIVER) - EXPLAIN IN NARRATIVE,SAME DIRECTION SIDESWIPE,NCOLLEGEAVEW14THST,LANE CONTROL,2021-04-09 05:30:00
2372,BLOOMINGTON PD,BLOOMINGTON,1,0.0,0.0,0,0,,,,S CURRY PIKE,CAMPBELL'S,,200.0,N,39.14798817,-86.58263417,LOCAL/CITY ROAD,N,URBAN,N,N,N,,DAYLIGHT,CLOUDY,DRY,,NO JUNCTION INVOLVED,STRAIGHT/LEVEL,ASPHALT,RAN OFF ROAD RIGHT,RAN OFF ROAD,CURRYPIKEROLLAVE,LANE CONTROL,2021-04-09 09:50:00
2373,BLOOMINGTON PD,BLOOMINGTON,1,0.0,1.0,0,0,,,,W COUNTRYSIDE LN,S ROCKPORT RD,,,,39.136448,-86.548704,LOCAL/CITY ROAD,N,URBAN,N,N,N,,DAYLIGHT,CLEAR,DRY,,FOUR-WAY INTERSECTION,STRAIGHT/GRADE,CONCRETE,PEDESTRIAN ACTION,RIGHT ANGLE,SOUTHROCKPORTRDWESTCOUNTRYSIDELN,STOP SIGN,2021-04-09 13:45:00
2374,BLOOMINGTON PD,BLOOMINGTON,2,0.0,0.0,0,0,,,,N ROGERS ST,W 11TH ST,,,,,,LOCAL/CITY ROAD,Y,URBAN,N,N,N,,DAYLIGHT,CLEAR,DRY,,FOUR-WAY INTERSECTION,STRAIGHT/LEVEL,ASPHALT,FAILURE TO YIELD RIGHT OF WAY,RIGHT TURN,NRODGERSSTW11THST,STOP SIGN,2021-04-09 14:55:00
2375,MONROE SD,BLOOMINGTON,2,0.0,2.0,0,0,,,,SR 48,N PROFILE PKWY,,,,,,STATE ROAD,N,URBAN,N,N,N,,DAYLIGHT,CLEAR,DRY,,FOUR-WAY INTERSECTION,STRAIGHT/LEVEL,ASPHALT,DISREGARD SIGNAL/REG SIGN,OTHER - EXPLAIN IN NARRATIVE,PROFILEPKWYSR48W,TRAFFIC CONTROL SIGNAL,2021-04-09 16:53:00
2376,BLOOMINGTON PD,BLOOMINGTON,2,0.0,2.0,0,0,,,,E 10TH ST,N WASHINGTON ST,,,,39.171728,-86.5324,LOCAL/CITY ROAD,N,URBAN,N,N,N,,DAWN/DUSK,CLEAR,DRY,,FOUR-WAY INTERSECTION,STRAIGHT/GRADE,ASPHALT,FAILURE TO YIELD RIGHT OF WAY,LEFT TURN,E10THSTNWASHINGTONST,NONE,2021-04-09 19:00:00