_id,Agency,City,Vehicles Involved,Trailers Involved,Number Injured,Number Dead,Number Deer,House Number,Roadway Interchange,Roadway Ramp,Roadway Id,Intersecting Road,Interchange,Feet From,Direction,Latitude,Longitude,Roadway Class,Hit and Run?,Locality,School Zone?,Rumble Strips?,Construction?,Construction Type,Light Condition,Weather Conditions,Surface Condition,Type of Median,Roadway Junction Type,Road Character,Roadway Surface,Primary Factor,Manner of Collision,Unique Location Id,Traffic Control,DateTime
2502,BLOOMINGTON PD,BLOOMINGTON,2,0.0,0.0,0,0,,,,E 19TH ST,N LINCOLN ST,,50.0,E,39.18112,-86.530816,LOCAL/CITY ROAD,N,URBAN,N,N,N,,DARK (NOT LIGHTED),CLEAR,DRY,,NO JUNCTION INVOLVED,STRAIGHT/LEVEL,ASPHALT,UNSAFE BACKING,BACKING CRASH,E19THSTNLINCOLNST,NONE,2021-03-20 18:00:00
2503,MONROE SD,BLOOMINGTON,1,0.0,0.0,0,1,,,,SR 37,,,1500.0,S,39.08887076,-86.54520247,STATE ROAD,N,RURAL,N,Y,N,,DARK (NOT LIGHTED),CLEAR,DRY,,NO JUNCTION INVOLVED,STRAIGHT/LEVEL,CONCRETE,ANIMAL/OBJECT IN ROADWAY,COLLISION WITH DEER,SR37SWDILLMANRD,NONE,2021-03-20 20:33:00
2504,BLOOMINGTON PD,BLOOMINGTON,2,0.0,1.0,0,0,,,,N WALNUT ST,E 7TH ST,,,,39.16864,-86.533568,LOCAL/CITY ROAD,Y,URBAN,N,N,N,,DARK (LIGHTED),CLEAR,DRY,,NO JUNCTION INVOLVED,STRAIGHT/GRADE,ASPHALT,FOLLOWING TOO CLOSELY,REAR END,7THSTWALNUTST,LANE CONTROL,2021-03-20 21:55:00
2505,MONROE SD,BLOOMINGTON,1,0.0,0.0,0,1,,,,SR 45,,,2000.0,W,39.09640983,-86.6577342,STATE ROAD,N,RURAL,N,N,N,,DAWN/DUSK,CLEAR,DRY,,T-INTERSECTION,STRAIGHT/HILLCREST,ASPHALT,ANIMAL/OBJECT IN ROADWAY,COLLISION WITH DEER,HINDSRDSR45W,NONE,2021-03-19 07:50:00
2506,MONROE SD,BLOOMINGTON,1,0.0,1.0,0,0,,,,S SMITH RD,E ROGERS RD,,1500.0,E,39.138766,-86.48051972,LOCAL/CITY ROAD,N,RURAL,N,N,N,,DAYLIGHT,CLEAR,ICE,,NO JUNCTION INVOLVED,CURVE/GRADE,ASPHALT,RAN OFF ROAD RIGHT,RAN OFF ROAD,ESADDLEBROOKLNSSMITHRD,LANE CONTROL,2021-03-19 07:53:00
2507,MONROE SD,BLOOMINGTON,1,0.0,0.0,0,0,,,,S WALNUT ST,,,1500.0,N,39.25762305,-86.537935,LOCAL/CITY ROAD,N,URBAN,N,N,N,,DAYLIGHT,CLEAR,DRY,,T-INTERSECTION,CURVE/HILLCREST,ASPHALT,RAN OFF ROAD RIGHT,RAN OFF ROAD,SOLDST37RDSROGERSST,NONE,2021-03-19 10:51:00
2508,BLOOMINGTON PD,BLOOMINGTON,2,0.0,2.0,0,0,,,,SR 48,S LIBERTY DR,,,,39.164606,-86.579131,LOCAL/CITY ROAD,N,URBAN,N,N,N,,DAYLIGHT,CLEAR,DRY,,FOUR-WAY INTERSECTION,STRAIGHT/LEVEL,ASPHALT,DISREGARD SIGNAL/REG SIGN,LEFT TURN,SLIBERTYDRW3RDST,NONE,2021-03-19 12:25:00
2509,INDIANA UNIV BLOOMINGTON PD,BLOOMINGTON,1,0.0,4.0,0,0,,,,SR 45/46,,,,,0.0,0.0,STATE ROAD,N,URBAN,N,N,N,,DAYLIGHT,CLEAR,DRY,,NO JUNCTION INVOLVED,STRAIGHT/LEVEL,ASPHALT,UNSAFE LANE MOVEMENT,RAN OFF ROAD,NJORDANAVESR46,NONE,2021-03-19 14:04:00
2510,MONROE SD,BLOOMINGTON,2,0.0,0.0,0,0,,,,E MOFFETT LN,S HARRELL RD,,580.0,W,39.099792,-86.498448,LOCAL/CITY ROAD,N,RURAL,N,N,N,,DAYLIGHT,CLEAR,DRY,,NO JUNCTION INVOLVED,STRAIGHT/LEVEL,CONCRETE,FAILURE TO YIELD RIGHT OF WAY,RIGHT ANGLE,EMOFFETTLNSHARRELLRD,NONE,2021-03-19 15:11:00
2511,INDIANA UNIV BLOOMINGTON PD,BLOOMINGTON,2,0.0,0.0,0,0,,,,SR 45/46,E 10TH ST,,,,39.171648,-86.502096,STATE ROAD,N,URBAN,N,N,N,,DAYLIGHT,CLEAR,DRY,,FOUR-WAY INTERSECTION,STRAIGHT/LEVEL,ASPHALT,DRIVER DISTRACTED - EXPLAIN IN NARRATIVE,REAR END,EAST10THSTSR46W,TRAFFIC CONTROL SIGNAL,2021-03-19 16:45:00
2512,INDIANA UNIV BLOOMINGTON PD,BLOOMINGTON,2,0.0,0.0,0,0,,,,S HENDERSON ST,E ATWATER AVE,,,,39.163149,-86.5272662,LOCAL/CITY ROAD,N,URBAN,N,N,N,,DAYLIGHT,CLEAR,DRY,,FOUR-WAY INTERSECTION,STRAIGHT/LEVEL,ASPHALT,DISREGARD SIGNAL/REG SIGN,RIGHT ANGLE,ATWATERAVEHENDERSONST,TRAFFIC CONTROL SIGNAL,2021-03-19 17:55:00
2513,INDIANA UNIV BLOOMINGTON PD,BLOOMINGTON,2,0.0,0.0,0,0,,,,E 17TH ST,SR 45/46,,,,0.0,0.0,LOCAL/CITY ROAD,N,URBAN,N,N,N,,DARK (LIGHTED),CLEAR,DRY,,T-INTERSECTION,STRAIGHT/LEVEL,ASPHALT,FOLLOWING TOO CLOSELY,REAR END,EAST17THSTSR46,TRAFFIC CONTROL SIGNAL,2021-03-19 21:40:00
2514,BLOOMINGTON PD,BLOOMINGTON,1,0.0,0.0,0,0,,,,W HILLSIDE DR,S COLLEGE AVE,,,,39.150544,-86.534688,LOCAL/CITY ROAD,N,URBAN,N,N,N,,DARK (NOT LIGHTED),RAIN,WET,,FOUR-WAY INTERSECTION,STRAIGHT/LEVEL,ASPHALT,RAN OFF ROAD RIGHT,RAN OFF ROAD,COLLEGEAVEHILLSIDEDR,NONE,2021-03-18 01:00:00
2515,INDIANA UNIV BLOOMINGTON PD,BLOOMINGTON,1,0.0,1.0,0,0,1492,,,SR 45/46,,,,,39.18372987,-86.51236722,STATE ROAD,Y,URBAN,N,N,N,,DARK (NOT LIGHTED),RAIN,WET,,NO JUNCTION INVOLVED,STRAIGHT/LEVEL,ASPHALT,RAN OFF ROAD RIGHT,RAN OFF ROAD,SR46,NONE,2021-03-18 03:15:00
2516,MONROE SD,BLOOMINGTON,1,0.0,1.0,0,0,,,,I-69 N,,,200.0,S,0.0,0.0,INTERSTATE,N,RURAL,N,N,N,,DARK (NOT LIGHTED),RAIN,WATER (STANDING OR MOVING),,NO JUNCTION INVOLVED,CURVE/GRADE,ASPHALT,RAN OFF ROAD RIGHT,RAN OFF ROAD,I69N130.5,NONE,2021-03-18 06:26:00
2517,BLOOMINGTON PD,BLOOMINGTON,2,0.0,0.0,0,0,,,,W 11TH ST,N MORTON ST,,,,39.173216,-86.536,LOCAL/CITY ROAD,N,URBAN,Y,N,N,,DAYLIGHT,CLEAR,DRY,,FOUR-WAY INTERSECTION,STRAIGHT/LEVEL,ASPHALT,FAILURE TO YIELD RIGHT OF WAY,RIGHT ANGLE,11THSTNMORTONST,STOP SIGN,2021-03-18 10:21:00
2518,MONROE SD,BLOOMINGTON,1,0.0,1.0,0,0,,,,E LAMPKINS RIDGE RD,S FRIENDSHIP RD,,,,39.143056,-86.406096,LOCAL/CITY ROAD,N,RURAL,N,N,N,,DAYLIGHT,RAIN,WET,,T-INTERSECTION,STRAIGHT/GRADE,GRAVEL,RAN OFF ROAD RIGHT,RAN OFF ROAD,ELAMPKINSRIDGERDSFRIENDSHIPRD,NONE,2021-03-18 14:09:00
2519,BLOOMINGTON PD,BLOOMINGTON,1,0.0,0.0,0,0,,,,SR 45/46,N WALNUT ST,,,,39.186368,-86.5344,LOCAL/CITY ROAD,N,URBAN,N,N,N,,DAYLIGHT,RAIN,WET,,FOUR-WAY INTERSECTION,STRAIGHT/LEVEL,ASPHALT,IMPROPER TURNING,COLLISION WITH OBJECT IN ROAD,NSTATEROAD4546HWYNWALNUTST,TRAFFIC CONTROL SIGNAL,2021-03-18 17:13:00
2520,MONROE SD,BLOOMINGTON,1,0.0,0.0,0,0,,,,SR 45,W JOHN WILLIAMS LN,,200.0,N,0.0,0.0,STATE ROAD,N,RURAL,N,Y,N,,DAYLIGHT,RAIN,WET,,NO JUNCTION INVOLVED,CURVE/GRADE,ASPHALT,SPEED TOO FAST FOR WEATHER CONDITIONS,RAN OFF ROAD,JOHNWILLIAMSLNSR45W,NONE,2021-03-18 17:17:00
2521,BLOOMINGTON PD,BLOOMINGTON,2,0.0,0.0,0,0,,,,SR 46,S SMITH RD,,,,39.16424,-86.480688,LOCAL/CITY ROAD,N,URBAN,N,N,N,,DAYLIGHT,RAIN,WET,,FOUR-WAY INTERSECTION,STRAIGHT/LEVEL,ASPHALT,FOLLOWING TOO CLOSELY,REAR END,ETHIRDSTNSMITHRD,TRAFFIC CONTROL SIGNAL,2021-03-18 17:52:00
2522,BLOOMINGTON PD,BLOOMINGTON,3,0.0,0.0,0,0,510,,,S MULLER PKWY,,,,,39.1601085,-86.5680892,UNKNOWN,Y,URBAN,N,N,N,,DARK (NOT LIGHTED),RAIN,WET,,NO JUNCTION INVOLVED,STRAIGHT/LEVEL,ASPHALT,OTHER (DRIVER) - EXPLAIN IN NARRATIVE,RIGHT ANGLE,SMULLERPKWY,NONE,2021-03-18 22:52:00
2523,ISP BLOOMINGTON 33,BLOOMINGTON,1,,0.0,0,0,7190,,,SR 45,,,581.0,,39.1148964,-86.63182496,STATE ROAD,,RURAL,N,N,N,,DARK (NOT LIGHTED),FOG/SMOKE/SMOG,DRY,,NO JUNCTION INVOLVED,,ASPHALT,,RAN OFF ROAD,WStateRd45DinsmoreRoad,,2021-03-17 02:30:00
2524,INDIANA UNIV BLOOMINGTON PD,BLOOMINGTON,2,0.0,0.0,0,0,,,,E 3RD ST,S INDIANA AVE,,,,39.164287,-86.526904,LOCAL/CITY ROAD,Y,URBAN,N,N,N,,DAYLIGHT,CLEAR,DRY,,T-INTERSECTION,STRAIGHT/LEVEL,ASPHALT,FAILURE TO YIELD RIGHT OF WAY,RIGHT ANGLE,HENDERSONSTTHIRDST,STOP SIGN,2021-03-17 10:30:00
2525,MONROE SD,BLOOMINGTON,2,0.0,1.0,0,0,,,,SR 446,ENTRANCE TO CUTRIGHT STATE RECREATION AREA,,1200.0,N,39.06447718,-86.41458729,STATE ROAD,N,RURAL,N,Y,N,,DAYLIGHT,CLOUDY,DRY,,NO JUNCTION INVOLVED,STRAIGHT/LEVEL,ASPHALT,IMPROPER PASSING,LEFT TURN,EWALDRIPCREEKRDSR446S,NONE,2021-03-17 15:51:00
2526,ELLETTSVILLE PD,ELLETTSVILLE,2,0.0,1.0,0,0,,,,SR 46,N LAKEVIEW DR,,,,39.221152,-86.6056,STATE ROAD,N,URBAN,N,N,N,,DAWN/DUSK,CLOUDY,WET,,T-INTERSECTION,STRAIGHT/LEVEL,ASPHALT,OTHER (DRIVER) - EXPLAIN IN NARRATIVE,LEFT TURN,NORTHLAKEVIEWDRSR46W,LANE CONTROL,2021-03-17 18:50:00
2527,BLOOMINGTON PD,BLOOMINGTON,3,0.0,2.0,0,0,,,,SR 45/46,N DUNN ST,,,,39.186352,-86.528496,STATE ROAD,N,URBAN,N,N,N,,DAWN/DUSK,CLEAR,WET,,FOUR-WAY INTERSECTION,STRAIGHT/LEVEL,ASPHALT,DISREGARD SIGNAL/REG SIGN,RIGHT ANGLE,NDUNNSTSR4546E,TRAFFIC CONTROL SIGNAL,2021-03-17 19:39:00
2528,INDIANA UNIV BLOOMINGTON PD,BLOOMINGTON,2,0.0,1.0,0,0,,,,E LAW LN,N FEE LN,,,,39.173984,-86.518919,LOCAL/CITY ROAD,N,URBAN,N,N,N,,DARK (LIGHTED),RAIN,WET,,T-INTERSECTION,STRAIGHT/GRADE,ASPHALT,FOLLOWING TOO CLOSELY,REAR END,ELAWLNFEELN,NONE,2021-03-17 20:25:00
2529,BLOOMINGTON PD,BLOOMINGTON,2,0.0,0.0,0,0,,,,N WALNUT ST,W 8TH ST,,,,39.169552,-86.533552,LOCAL/CITY ROAD,N,URBAN,N,N,N,,DARK (LIGHTED),CLOUDY,WET,,FOUR-WAY INTERSECTION,STRAIGHT/LEVEL,ASPHALT,FAILURE TO YIELD RIGHT OF WAY,RIGHT ANGLE,8THSTWALNUTST,STOP SIGN,2021-03-17 20:50:00
2530,BLOOMINGTON PD,BLOOMINGTON,2,0.0,2.0,0,0,,,,SR 45/46,N KINSER PIKE,,,,39.186544,-86.537888,STATE ROAD,N,URBAN,N,N,N,,DARK (LIGHTED),CLEAR,DRY,,FOUR-WAY INTERSECTION,STRAIGHT/GRADE,ASPHALT,FAILURE TO YIELD RIGHT OF WAY,LEFT TURN,NKINSERPIKESR45W,TRAFFIC CONTROL SIGNAL,2021-03-17 22:41:00
2531,BLOOMINGTON PD,BLOOMINGTON,2,0.0,0.0,0,0,1414,,,W 12TH ST,N ILLINOIS ST,,50.0,W,39.174352,-86.5504,,Y,URBAN,N,N,N,,DAYLIGHT,CLOUDY,,,NO JUNCTION INVOLVED,STRAIGHT/LEVEL,ASPHALT,UNSAFE LANE MOVEMENT,SAME DIRECTION SIDESWIPE,NILLINOISSTW12THST,NONE,2021-03-16 11:15:00
2532,MONROE SD,ELLETTSVILLE,2,0.0,0.0,0,0,4610,,,W RICHLAND PLAZA DR,,,,,39.21473027,-86.59350405,LOCAL/CITY ROAD,N,URBAN,N,N,N,,DAYLIGHT,CLEAR,DRY,,T-INTERSECTION,CURVE/GRADE,ASPHALT,FAILURE TO YIELD RIGHT OF WAY,LEFT TURN,WRICHLANDPLAZADR,NONE,2021-03-16 16:21:00
2533,MONROE SD,BLOOMINGTON,2,0.0,0.0,0,0,,,,SR 46,W ARLINGTON RD,,,,39.207648,-86.573792,STATE ROAD,N,RURAL,N,N,N,,DAYLIGHT,CLEAR,DRY,,FOUR-WAY INTERSECTION,STRAIGHT/LEVEL,ASPHALT,FOLLOWING TOO CLOSELY,REAR END,SR46WWARLINGTONRD,TRAFFIC CONTROL SIGNAL,2021-03-16 16:31:00
2534,INDIANA UNIV BLOOMINGTON PD,BLOOMINGTON,4,0.0,0.0,0,0,,,,E 17TH ST,N FEE LN,,,,39.179061,-86.51897,,Y,URBAN,N,N,N,,DAYLIGHT,CLEAR,DRY,,NO JUNCTION INVOLVED,CURVE/LEVEL,CONCRETE,FOLLOWING TOO CLOSELY,REAR END,EAST17THSTFEELN,NONE,2021-03-16 17:00:00
2535,ELLETTSVILLE PD,ELLETTSVILLE,2,0.0,0.0,0,0,,,,S SALE ST,SR 46 (S),,,,39.23384,-86.624704,LOCAL/CITY ROAD,N,URBAN,N,N,N,,DAYLIGHT,CLEAR,DRY,,FOUR-WAY INTERSECTION,STRAIGHT/LEVEL,CONCRETE,IMPROPER TURNING,LEFT TURN,SALESTTEMPERANCEST,TRAFFIC CONTROL SIGNAL,2021-03-16 19:04:00
2536,ISP BLOOMINGTON 33,BLOOMINGTON,3,,0.0,0,0,,99F,117A,I-69 N,W BLOOMFIELD RD,,950.0,W,39.14902144,-86.57077379,INTERSTATE,,URBAN,N,N,N,,DARK (LIGHTED),CLEAR,DRY,,RAMP,,ASPHALT,UNSAFE SPEED,REAR END,SR37SBasswoodDr,,2021-03-15 07:20:00
2537,ELLETTSVILLE PD,ELLETTSVILLE,3,0.0,0.0,0,0,,,,N UNION VALLEY RD,SR 46,,,,39.21273147,-86.58914134,COUNTY ROAD,N,URBAN,N,N,N,,DAYLIGHT,CLOUDY,WET,,FOUR-WAY INTERSECTION,STRAIGHT/LEVEL,ASPHALT,SPEED TOO FAST FOR WEATHER CONDITIONS,REAR END,46WHWYUNIONVALLEYRD,NONE,2021-03-15 09:40:00
2538,BLOOMINGTON PD,BLOOMINGTON,1,0.0,0.0,0,0,,,,S PATTERSON DR,W 2ND ST,,200.0,N,39.1818838,-86.548536,LOCAL/CITY ROAD,N,URBAN,N,N,N,,DAYLIGHT,RAIN,WET,,FOUR-WAY INTERSECTION,STRAIGHT/LEVEL,ASPHALT,RAN OFF ROAD RIGHT,RAN OFF ROAD,SPATTERSONDRW2NDST,NONE,2021-03-15 12:17:00
2539,INDIANA UNIV BLOOMINGTON PD,BLOOMINGTON,2,0.0,0.0,0,0,,,,E 10TH ST,N SUNRISE DR,,,,39.171585,-86.512477,LOCAL/CITY ROAD,N,URBAN,N,N,N,,DAYLIGHT,CLOUDY,DRY,,NO JUNCTION INVOLVED,STRAIGHT/LEVEL,ASPHALT,FAILURE TO YIELD RIGHT OF WAY,LEFT TURN,EASTTENTHSTNSUNRISEDR,TRAFFIC CONTROL SIGNAL,2021-03-15 16:45:00
2540,MONROE SD,BLOOMINGTON,1,0.0,0.0,0,0,,,,S ROCKPORT RD,S LODGE RD,,300.0,N,39.07904,-86.594,LOCAL/CITY ROAD,N,RURAL,N,N,N,,DAYLIGHT,CLOUDY,LOOSE MATERIAL ON ROAD,,NO JUNCTION INVOLVED,CURVE/GRADE,ASPHALT,RAN OFF ROAD RIGHT,RAN OFF ROAD,SLODGERDSROCKPORTRD,NONE,2021-03-15 16:49:00
2541,BLOOMINGTON PD,BLOOMINGTON,2,0.0,0.0,0,0,,,,E ATWATER AVE,S MITCHELL ST,,,,39.163055,-86.514192,LOCAL/CITY ROAD,N,URBAN,N,N,N,,DARK (LIGHTED),CLEAR,DRY,,FOUR-WAY INTERSECTION,STRAIGHT/LEVEL,ASPHALT,FAILURE TO YIELD RIGHT OF WAY,RIGHT ANGLE,EASTATWATERAVESOUTHMITCHELLAVE,STOP SIGN,2021-03-14 20:00:00
2542,INDIANA UNIV BLOOMINGTON PD,BLOOMINGTON,2,0.0,1.0,0,0,,,,E ATWATER AVE,S FESS AVE,,,,39.163132,-86.525907,LOCAL/CITY ROAD,N,URBAN,N,N,N,,DAYLIGHT,CLEAR,DRY,,FOUR-WAY INTERSECTION,STRAIGHT/LEVEL,ASPHALT,DISREGARD SIGNAL/REG SIGN,OTHER - EXPLAIN IN NARRATIVE,ATWATERAVEFESSAVE,STOP SIGN,2021-03-13 15:48:00
2543,MONROE SD,BLOOMINGTON,1,0.0,0.0,0,0,3439,,,E WILL SOWDERS RD,,,,,39.060434,-86.489986,LOCAL/CITY ROAD,N,RURAL,N,N,N,,DARK (NOT LIGHTED),CLEAR,DRY,,NO JUNCTION INVOLVED,STRAIGHT/LEVEL,ASPHALT,RAN OFF ROAD RIGHT,RAN OFF ROAD,EWILLSOWDERSRD,NONE,2021-03-13 20:49:00
2544,BLOOMINGTON PD,BLOOMINGTON,2,0.0,0.0,0,0,,,,N COLLEGE AVE,W 17TH ST,,,,39.17896,-86.53472,LOCAL/CITY ROAD,N,URBAN,N,N,N,,DARK (LIGHTED),CLEAR,DRY,,FOUR-WAY INTERSECTION,STRAIGHT/GRADE,ASPHALT,UNSAFE LANE MOVEMENT,SAME DIRECTION SIDESWIPE,NCOLLEGEAVEW17THST,TRAFFIC CONTROL SIGNAL,2021-03-13 23:40:00
2545,BLOOMINGTON PD,BLOOMINGTON,2,0.0,0.0,0,0,,,,SR 45,S LEONARD SPRINGS RD,,,,39.142048,-86.582592,STATE ROAD,N,URBAN,N,N,N,,DAYLIGHT,CLEAR,DRY,,FOUR-WAY INTERSECTION,CURVE/GRADE,ASPHALT,DISREGARD SIGNAL/REG SIGN,RIGHT ANGLE,LEONARDSPRINGSRDSR45W,TRAFFIC CONTROL SIGNAL,2021-03-12 10:10:00
2546,BLOOMINGTON PD,BLOOMINGTON,2,0.0,0.0,0,0,,,,N GATES DR,W RUNKLE WAY,,100.0,S,39.15577309,-86.575982,LOCAL/CITY ROAD,N,URBAN,N,N,N,,DAYLIGHT,CLEAR,DRY,,T-INTERSECTION,STRAIGHT/LEVEL,ASPHALT,FOLLOWING TOO CLOSELY,REAR END,RUNKLEWAYSGATESDR,NONE,2021-03-12 13:30:00
2547,MONROE SD,BLOOMINGTON,1,0.0,0.0,0,1,,,,E BETHEL LN,E FAIRWOOD DR,,1780.0,E,39.215354,-86.519077,LOCAL/CITY ROAD,N,RURAL,N,N,N,,DAYLIGHT,CLEAR,DRY,,NO JUNCTION INVOLVED,STRAIGHT/GRADE,CONCRETE,ANIMAL/OBJECT IN ROADWAY,COLLISION WITH DEER,EBETHELLNNCHRISTINALN,NONE,2021-03-12 15:06:00
2548,MONROE SD,BLOOMINGTON,2,0.0,0.0,0,0,,,,S CURRY PIKE,W BELLE AVE,,,,39.163552,-86.582896,LOCAL/CITY ROAD,N,URBAN,N,N,N,,DAYLIGHT,CLEAR,DRY,,T-INTERSECTION,STRAIGHT/GRADE,ASPHALT,IMPROPER LANE USAGE,SAME DIRECTION SIDESWIPE,BELLEAVECURRYPIKE,NONE,2021-03-12 16:50:00
2549,BLOOMINGTON PD,BLOOMINGTON,2,0.0,0.0,0,0,,,,W 17TH ST,N COLLEGE AVE,,,,39.17896,-86.53472,LOCAL/CITY ROAD,N,URBAN,N,N,N,,DARK (LIGHTED),CLEAR,DRY,,FOUR-WAY INTERSECTION,STRAIGHT/LEVEL,CONCRETE,FAILURE TO YIELD RIGHT OF WAY,RIGHT ANGLE,NCOLLEGEAVEW17THST,TRAFFIC CONTROL SIGNAL,2021-03-12 19:33:00
2550,INDIANA UNIV BLOOMINGTON PD,BLOOMINGTON,2,0.0,0.0,0,0,,,,W 17TH ST,N COLLEGE AVE,,,,0.0,0.0,LOCAL/CITY ROAD,N,URBAN,N,N,N,,DARK (LIGHTED),CLEAR,DRY,,T-INTERSECTION,STRAIGHT/GRADE,CONCRETE,DRIVER DISTRACTED - EXPLAIN IN NARRATIVE,REAR END,COLLEGEAVEEAST17THST,STOP SIGN,2021-03-12 19:37:00
2551,MONROE SD,BLOOMINGTON,1,0.0,0.0,0,0,,,,S RAYLE PL,W TAPP RD,,,,39.13704,-86.577504,LOCAL/CITY ROAD,N,URBAN,N,N,N,,DARK (NOT LIGHTED),CLEAR,DRY,,T-INTERSECTION,STRAIGHT/LEVEL,ASPHALT,OTHER (ENVIRONMENTAL) - EXPLAIN IN NARR,COLLISION WITH OBJECT IN ROAD,RAYLEPLWTAPPRD,LANE CONTROL,2021-03-12 20:19:00
2552,MONROE SD,BLOOMINGTON,2,0.0,0.0,0,0,,,,W COFFEY LN,,,800.0,W,39.2065,-86.58661173,LOCAL/CITY ROAD,N,URBAN,N,N,N,,DARK (NOT LIGHTED),CLEAR,DRY,,NO JUNCTION INVOLVED,STRAIGHT/LEVEL,ASPHALT,DRIVER ILLNESS,REAR END,COFFEYLNJINNILYNNCT,NONE,2021-03-11 05:49:00
2553,ISP BLOOMINGTON 33,BLOOMINGTON,1,,0.0,0,0,,103,F,I-69 N,SR 45/46,,739.0,N,39.18840695,-86.55430502,INTERSTATE,,RURAL,N,N,N,,DAYLIGHT,CLOUDY,WET,,RAMP,,ASPHALT,,RAN OFF ROAD,SR37,,2021-03-11 12:35:00
2554,BLOOMINGTON PD,BLOOMINGTON,2,0.0,0.0,0,0,,,,E 3RD ST,S LINCOLN ST,,100.0,E,39.16464,-86.531024,LOCAL/CITY ROAD,N,URBAN,N,N,N,,DAYLIGHT,CLOUDY,WET,,NO JUNCTION INVOLVED,STRAIGHT/GRADE,ASPHALT,FOLLOWING TOO CLOSELY,REAR END,E3RDSTSLINCOLNST,LANE CONTROL,2021-03-11 14:29:00
2555,MONROE SD,BLOOMINGTON,1,0.0,0.0,0,0,,,,N BUSKIRK RD,,,1000.0,N,39.41575597,-86.552475,LOCAL/CITY ROAD,N,RURAL,N,N,N,,DAYLIGHT,RAIN,WET,,NO JUNCTION INVOLVED,CURVE/GRADE,ASPHALT,RAN OFF ROAD RIGHT,RAN OFF ROAD,NBUSKIRKRDWFRYRD,NONE,2021-03-11 17:00:00
2556,BLOOMINGTON PD,BLOOMINGTON,2,0.0,3.0,0,0,,,,SR 45/46,N KINSER PIKE,,,,39.186544,-86.537888,STATE ROAD,N,URBAN,N,N,N,,DARK (LIGHTED),CLEAR,DRY,,FOUR-WAY INTERSECTION,STRAIGHT/LEVEL,ASPHALT,DISREGARD SIGNAL/REG SIGN,RIGHT ANGLE,NKINSERPIKESR46W,TRAFFIC CONTROL SIGNAL,2021-03-10 06:30:00
2557,BLOOMINGTON PD,BLOOMINGTON,2,0.0,0.0,0,0,,,,N WASHINGTON ST,,,100.0,N,39.16664,-86.5324,LOCAL/CITY ROAD,Y,URBAN,N,N,N,,DAYLIGHT,CLEAR,DRY,,NO JUNCTION INVOLVED,STRAIGHT/LEVEL,ASPHALT,UNSAFE BACKING,BACKING CRASH,KIRKWOODAVENORTHWASHINGTONST,NONE,2021-03-10 12:49:00
2558,BLOOMINGTON PD,BLOOMINGTON,1,0.0,0.0,0,0,,,,N WALNUT ST,SR 45/46,,,,39.186368,-86.5344,LOCAL/CITY ROAD,N,URBAN,N,N,N,,DAYLIGHT,CLEAR,DRY,,FOUR-WAY INTERSECTION,STRAIGHT/LEVEL,ASPHALT,OVERSIZE/OVERWEIGHT LOAD,NON-COLLISION,NWALNUTSTWSTATEROAD4546BYP,TRAFFIC CONTROL SIGNAL,2021-03-10 18:04:00
2559,ISP BLOOMINGTON 33,BLOOMINGTON,2,,2.0,0,0,,,,SR 45,,,0.0,,39.13060862,-86.60238528,STATE ROAD,,RURAL,N,N,N,,DARK (NOT LIGHTED),CLEAR,DRY,,T-INTERSECTION,,ASPHALT,ANIMAL/OBJECT IN ROADWAY,COLLISION WITH OBJECT IN ROAD,WStateRd45BruceLn,,2021-03-10 20:15:00
2560,ELLETTSVILLE PD,ELLETTSVILLE,1,0.0,0.0,0,1,,,,W REEVES RD,W GILMORE RD,,,,,,COUNTY ROAD,N,URBAN,Y,N,N,,DARK (LIGHTED),CLEAR,DRY,,NO JUNCTION INVOLVED,STRAIGHT/LEVEL,ASPHALT,ANIMAL/OBJECT IN ROADWAY,COLLISION WITH DEER,GILMORERDREEVERD,NONE,2021-03-10 20:27:00
2561,MONROE SD,BLOOMINGTON,1,0.0,0.0,0,0,,,,E MONROE DAM RD,S FOGGY MORNING RD,,,,39.02366323,-86.53055279,LOCAL/CITY ROAD,N,RURAL,N,N,N,,DARK (NOT LIGHTED),CLEAR,DRY,,NO JUNCTION INVOLVED,STRAIGHT/LEVEL,ASPHALT,RAN OFF ROAD RIGHT,RAN OFF ROAD,MONROELAKERDSFOGGYMORNINGRD,NONE,2021-03-10 21:13:00
2562,MONROE SD,BLOOMINGTON,1,0.0,0.0,0,1,,,,SR 45,N YOUNG CEMETERY RD,,1000.0,E,39.23079564,-86.42847466,STATE ROAD,N,RURAL,N,N,N,,DARK (NOT LIGHTED),CLEAR,DRY,,T-INTERSECTION,CURVE/HILLCREST,ASPHALT,ANIMAL/OBJECT IN ROADWAY,COLLISION WITH DEER,SR45ETUNNELRD,NONE,2021-03-09 01:51:00
2563,INDIANA UNIV BLOOMINGTON PD,BLOOMINGTON,1,0.0,0.0,0,0,101,,,MUSICAL ARTS CENTER CIRCLE,,,,,,,UNKNOWN,N,URBAN,N,N,N,,DAYLIGHT,CLEAR,DRY,,NO JUNCTION INVOLVED,CURVE/LEVEL,ASPHALT,OTHER (DRIVER) - EXPLAIN IN NARRATIVE,OTHER - EXPLAIN IN NARRATIVE,NJORDANAVE,NONE,2021-03-09 11:15:00
2564,BLOOMINGTON PD,BLOOMINGTON,4,0.0,5.0,0,0,,,,E WINSLOW RD,S HENDERSON ST,,100.0,W,39.136144,-86.5268,LOCAL/CITY ROAD,N,URBAN,N,N,N,,DAYLIGHT,CLEAR,DRY,,NO JUNCTION INVOLVED,STRAIGHT/LEVEL,ASPHALT,FOLLOWING TOO CLOSELY,REAR END,EWINSLOWRDSHENDERSONST,TRAFFIC CONTROL SIGNAL,2021-03-09 13:05:00