_id,Agency,City,Vehicles Involved,Trailers Involved,Number Injured,Number Dead,Number Deer,House Number,Roadway Interchange,Roadway Ramp,Roadway Id,Intersecting Road,Interchange,Feet From,Direction,Latitude,Longitude,Roadway Class,Hit and Run?,Locality,School Zone?,Rumble Strips?,Construction?,Construction Type,Light Condition,Weather Conditions,Surface Condition,Type of Median,Roadway Junction Type,Road Character,Roadway Surface,Primary Factor,Manner of Collision,Unique Location Id,Traffic Control,DateTime
2753,BLOOMINGTON PD,BLOOMINGTON,2,0.0,1.0,0,0,,,,S WALNUT ST,W GRIMES LN,,,,39.15344,-86.5336,LOCAL/CITY ROAD,N,URBAN,N,N,N,,DAYLIGHT,CLOUDY,DRY,,FOUR-WAY INTERSECTION,STRAIGHT/LEVEL,ASPHALT,FAILURE TO YIELD RIGHT OF WAY,HEAD ON BETWEEN TWO MOTOR VEHICLES,SWALNUTSTWGRIMESLN,TRAFFIC CONTROL SIGNAL,2021-02-12 16:15:00
2754,INDIANA UNIV BLOOMINGTON PD,BLOOMINGTON,2,0.0,0.0,0,0,1211,,,E 7TH ST,,,,,39.168486,-86.517881,UNKNOWN,N,URBAN,N,N,N,,DAYLIGHT,CLEAR,SNOW/SLUSH,,NO JUNCTION INVOLVED,CURVE/LEVEL,ASPHALT,IMPROPER TURNING,LEFT TURN,E7THST,NONE,2021-02-12 17:00:00
2755,BLOOMINGTON PD,BLOOMINGTON,1,0.0,0.0,0,0,1210,,,S MADISON ST,,,,,39.15303111,-86.53755093,UNKNOWN,Y,URBAN,N,N,N,,UNKNOWN,,,,NO JUNCTION INVOLVED,STRAIGHT/GRADE,OTHER - EXPLAIN IN NARRATIVE,UNSAFE LANE MOVEMENT,OTHER - EXPLAIN IN NARRATIVE,SMADISONST,NONE,2021-02-12 17:00:00
2756,MONROE SD,BLOOMINGTON,1,0.0,0.0,0,1,,,,SR 45,N SHUFFLE CREEK RD,,,,0.0,0.0,STATE ROAD,N,RURAL,N,N,N,,DARK (NOT LIGHTED),CLEAR,DRY,,NO JUNCTION INVOLVED,STRAIGHT/LEVEL,ASPHALT,ANIMAL/OBJECT IN ROADWAY,COLLISION WITH DEER,SHUFFLECREEKRDSR45,NONE,2021-02-12 19:06:00
2757,MONROE SD,BLOOMINGTON,1,0.0,0.0,0,1,,,,SR 46,E BENDER RD,,,,39.163636,-86.437957,STATE ROAD,N,RURAL,N,N,N,,DARK (NOT LIGHTED),CLEAR,DRY,,FOUR-WAY INTERSECTION,STRAIGHT/LEVEL,ASPHALT,ANIMAL/OBJECT IN ROADWAY,COLLISION WITH DEER,EBENDERRDSR46E,NONE,2021-02-12 20:00:00
2758,BLOOMINGTON PD,BLOOMINGTON,2,0.0,0.0,0,0,301,,,E BROWNSTONE DR,,,,,39.1753475,-86.530492,UNKNOWN,N,URBAN,N,Y,N,,DAYLIGHT,CLOUDY,SNOW/SLUSH,,NO JUNCTION INVOLVED,STRAIGHT/GRADE,ASPHALT,UNSAFE BACKING,BACKING CRASH,BROWNSTONEDR,NONE,2021-02-11 00:06:00
2759,INDIANA UNIV BLOOMINGTON PD,BLOOMINGTON,1,0.0,0.0,0,0,150,,,ENTRANCE TO JORDAN PARKING GARAGE,,,,,39.1655783,-86.5179533,UNKNOWN,N,URBAN,N,N,N,,DAYLIGHT,CLOUDY,SNOW/SLUSH,,NO JUNCTION INVOLVED,STRAIGHT/LEVEL,ASPHALT,OTHER (DRIVER) - EXPLAIN IN NARRATIVE,OTHER - EXPLAIN IN NARRATIVE,NORTHJORDANAVE,NONE,2021-02-11 09:40:00
2760,MONROE SD,BLOOMINGTON,1,0.0,0.0,0,0,,,,STERLING AVE,,,1000.0,S,39.00181306,-86.46202088,LOCAL/CITY ROAD,N,URBAN,N,N,N,,DAYLIGHT,CLOUDY,SNOW/SLUSH,,NO JUNCTION INVOLVED,CURVE/GRADE,ASPHALT,RAN OFF ROAD RIGHT,RAN OFF ROAD,MOORESCREEKRDSTERLINGAVE,NONE,2021-02-11 09:56:00
2761,ELLETTSVILLE PD,ELLETTSVILLE,2,0.0,0.0,0,0,,,,SR 46,N OUTBACK RD,,75.0,E,39.21500903,-86.59260937,STATE ROAD,N,URBAN,N,N,N,,DAYLIGHT,CLEAR,DRY,,NO JUNCTION INVOLVED,STRAIGHT/LEVEL,ASPHALT,FAILURE TO YIELD RIGHT OF WAY,SAME DIRECTION SIDESWIPE,SR46WUNIONVALLEYRD,LANE CONTROL,2021-02-11 11:05:00
2762,MONROE SD,BLOOMINGTON,2,0.0,0.0,0,0,,,,W DELAP RD,W COWDEN RD,,50.0,W,39.253662,-86.59239467,LOCAL/CITY ROAD,Y,RURAL,N,N,N,,DAYLIGHT,CLEAR,SNOW/SLUSH,,NO JUNCTION INVOLVED,CURVE/GRADE,ASPHALT,OTHER (DRIVER) - EXPLAIN IN NARRATIVE,REAR END,WCOWDENRDWDELAPRD,LANE CONTROL,2021-02-11 12:00:00
2763,INDIANA UNIV BLOOMINGTON PD,BLOOMINGTON,3,0.0,1.0,0,0,,,,SR 45/46,E 10TH ST,,200.0,N,39.19266497,-86.5013648,STATE ROAD,N,URBAN,N,N,N,,DAYLIGHT,CLOUDY,LOOSE MATERIAL ON ROAD,,NO JUNCTION INVOLVED,STRAIGHT/GRADE,ASPHALT,FOLLOWING TOO CLOSELY,REAR END,E10THSTSR45S,NONE,2021-02-11 15:42:00
2764,INDIANA UNIV BLOOMINGTON PD,BLOOMINGTON,1,0.0,0.0,0,0,,,,N WOODLAWN AVE,,,110.0,N,39.18854984,-86.5236505,LOCAL/CITY ROAD,Y,URBAN,N,N,N,,DARK (LIGHTED),CLEAR,WET,,NO JUNCTION INVOLVED,STRAIGHT/GRADE,ASPHALT,UNSAFE BACKING,RAN OFF ROAD,FIFTEENTHSTWOODLAWNAVE,LANE CONTROL,2021-02-11 19:00:00
2765,MONROE SD,BLOOMINGTON,2,0.0,0.0,0,0,,,,E RHORER RD,S WALNUT ST,,,,39.121463,-86.531363,LOCAL/CITY ROAD,N,RURAL,N,N,N,,DARK (LIGHTED),CLEAR,WET,,INTERCHANGE,STRAIGHT/LEVEL,ASPHALT,FAILURE TO YIELD RIGHT OF WAY,RIGHT ANGLE,SOLDSTATERD37RDWGORDONPIKE,TRAFFIC CONTROL SIGNAL,2021-02-11 19:50:00
2766,BLOOMINGTON PD,BLOOMINGTON,2,0.0,0.0,0,0,,,,S WALNUT ST,W HILLSIDE DR,,,,39.150529,-86.533639,LOCAL/CITY ROAD,N,URBAN,N,N,N,,DAYLIGHT,SNOW,SNOW/SLUSH,,FOUR-WAY INTERSECTION,STRAIGHT/LEVEL,ASPHALT,FOLLOWING TOO CLOSELY,REAR END,HILLSIDEDRWALNUTST,TRAFFIC CONTROL SIGNAL,2021-02-10 08:08:00
2767,MONROE SD,BLOOMINGTON,2,0.0,0.0,0,0,,,,S WALNUT ST PIKE,E RHORER RD,,,,39.121463,-86.531363,LOCAL/CITY ROAD,N,URBAN,N,N,N,,DAYLIGHT,SNOW,WET,,T-INTERSECTION,STRAIGHT/GRADE,ASPHALT,FOLLOWING TOO CLOSELY,REAR END,ERHOHERRDSWALNUTSTREETPIKE,TRAFFIC CONTROL SIGNAL,2021-02-10 12:47:00
2768,MONROE SD,BLOOMINGTON,2,0.0,0.0,0,0,,,,S STRAIN RIDGE RD,,,500.0,S,39.056848,-86.507776,COUNTY ROAD,N,RURAL,N,N,N,,DAYLIGHT,SNOW,SNOW/SLUSH,,NO JUNCTION INVOLVED,STRAIGHT/GRADE,ASPHALT,IMPROPER LANE USAGE,OPPOSITE DIRECTION SIDESWIPE,EASTSCOTTLNSOUTHSTRAINRIDGERD,NONE,2021-02-10 14:04:00
2769,MONROE SD,BLOOMINGTON,1,0.0,0.0,0,0,,,,SR 37,W MONROE DAM RD,,,,39.020048,-86.536096,STATE ROAD,N,RURAL,N,N,N,,DAYLIGHT,SNOW,SNOW/SLUSH,,NO JUNCTION INVOLVED,STRAIGHT/GRADE,CONCRETE,SPEED TOO FAST FOR WEATHER CONDITIONS,OTHER - EXPLAIN IN NARRATIVE,MONROEDAMERDSR37S,NONE,2021-02-10 14:06:00
2770,ISP BLOOMINGTON 33,BLOOMINGTON,1,,2.0,0,0,,Y,115G,I-69 S,W FULLERTON PIKE,Y,739.0,E,39.12453626,-86.57285837,INTERSTATE,,URBAN,N,N,N,,DAYLIGHT,SNOW,SNOW/SLUSH,,RAMP,,ASPHALT,SPEED TOO FAST FOR WEATHER CONDITIONS,RAN OFF ROAD,JeffreyRdI-69,,2021-02-10 14:20:00
2771,INDIANA UNIV BLOOMINGTON PD,BLOOMINGTON,2,0.0,0.0,0,0,,,,E 3RD ST,S INDIANA AVE,,,,39.164287,-86.526904,LOCAL/CITY ROAD,N,URBAN,N,N,N,,DAYLIGHT,SNOW,SNOW/SLUSH,,FOUR-WAY INTERSECTION,STRAIGHT/LEVEL,ASPHALT,FOLLOWING TOO CLOSELY,REAR END,INDIANAAVETHIRDST,TRAFFIC CONTROL SIGNAL,2021-02-10 14:24:00
2772,MONROE SD,ELLETTSVILLE,2,0.0,0.0,0,0,,,,N MATTHEWS DR,,,500.0,N,39.24677531,-86.62056434,COUNTY ROAD,N,RURAL,N,N,N,,DAYLIGHT,SLEET/HAIL/FREEZING RAIN,ICE,,NO JUNCTION INVOLVED,CURVE/LEVEL,ASPHALT,OTHER (ENVIRONMENTAL) - EXPLAIN IN NARR,OPPOSITE DIRECTION SIDESWIPE,MAPLEGROVERDMATTHEWSDR,NO PASSING ZONE,2021-02-10 14:45:00
2773,MONROE SD,BLOOMINGTON,1,0.0,0.0,0,0,,,,W DILLMAN RD,S WALNUT ST,,,,39.092972,-86.544156,LOCAL/CITY ROAD,N,RURAL,N,N,N,,DAYLIGHT,BLOWING SAND/SOIL/SNOW,ICE,,NO JUNCTION INVOLVED,STRAIGHT/GRADE,ASPHALT,ROADWAY SURFACE CONDITION,RAN OFF ROAD,EDILLMANRDSOLDSTATEROADRD,NONE,2021-02-10 14:55:00
2774,BLOOMINGTON PD,BLOOMINGTON,2,0.0,0.0,0,0,,,,S WASHINGTON ST,E 4TH ST,,,,39.165648,-86.5324,LOCAL/CITY ROAD,N,URBAN,N,N,N,,DAYLIGHT,SNOW,SNOW/SLUSH,,FOUR-WAY INTERSECTION,STRAIGHT/LEVEL,ASPHALT,DISREGARD SIGNAL/REG SIGN,RIGHT ANGLE,4THSTWASHINGTONST,STOP SIGN,2021-02-10 14:57:00
2775,ISP BLOOMINGTON 33,BLOOMINGTON,2,,0.0,0,0,,,,S OLD SR 37,SR 37,,0.0,S,39.085479,-86.542562,COUNTY ROAD,,RURAL,N,N,N,,DAYLIGHT,SLEET/HAIL/FREEZING RAIN,SNOW/SLUSH,,FOUR-WAY INTERSECTION,,ASPHALT,SPEED TOO FAST FOR WEATHER CONDITIONS,HEAD ON BETWEEN TWO MOTOR VEHICLES,StateRoad37SOldStateRoad37,,2021-02-10 15:13:00
2776,MONROE SD,BLOOMINGTON,2,0.0,0.0,0,0,,,,N SHUFFLE CREEK RD,SR 45,,,,39.229952,-86.416096,LOCAL/CITY ROAD,N,RURAL,Y,N,N,,DAYLIGHT,SNOW,SNOW/SLUSH,,T-INTERSECTION,STRAIGHT/GRADE,CONCRETE,SPEED TOO FAST FOR WEATHER CONDITIONS,RIGHT ANGLE,NSHUFFLECREEKRDSR45E,STOP SIGN,2021-02-10 15:38:00
2777,MONROE SD,BLOOMINGTON,1,0.0,0.0,0,0,,,,SR 46,E KINGS RD,,,,39.166592,-86.455123,COUNTY ROAD,N,RURAL,N,N,N,,DAYLIGHT,CLOUDY,ICE,,T-INTERSECTION,CURVE/GRADE,ASPHALT,SPEED TOO FAST FOR WEATHER CONDITIONS,RAN OFF ROAD,46EASTSTATERDKINGSRD,NONE,2021-02-10 15:46:00
2778,INDIANA UNIV BLOOMINGTON PD,BLOOMINGTON,1,0.0,0.0,0,0,,,,E 10TH ST,N JEFFERSON ST,,,,0.0,0.0,LOCAL/CITY ROAD,N,URBAN,N,N,N,,DAYLIGHT,BLOWING SAND/SOIL/SNOW,SNOW/SLUSH,,NO JUNCTION INVOLVED,CURVE/LEVEL,ASPHALT,SPEED TOO FAST FOR WEATHER CONDITIONS,RAN OFF ROAD,JEFFERSONSTUNIONVILLERD,NONE,2021-02-10 15:50:00
2779,BLOOMINGTON PD,BLOOMINGTON,1,0.0,0.0,0,0,,,,W 3RD ST,S ROGERS ST,,,,39.16472,-86.538592,LOCAL/CITY ROAD,N,URBAN,N,N,N,,DAYLIGHT,SNOW,SNOW/SLUSH,,NO JUNCTION INVOLVED,STRAIGHT/GRADE,ASPHALT,SPEED TOO FAST FOR WEATHER CONDITIONS,COLLISION WITH OBJECT IN ROAD,SROGERSSTW3RDST,TRAFFIC CONTROL SIGNAL,2021-02-10 16:00:00
2780,ISP BLOOMINGTON 33,BLOOMINGTON,1,,0.0,0,0,,,,I-69 S,,,898.0,N,39.28636583,-86.52043467,INTERSTATE,,RURAL,N,N,N,,DAYLIGHT,BLOWING SAND/SOIL/SNOW,SNOW/SLUSH,,NO JUNCTION INVOLVED,,ASPHALT,,RAN OFF ROAD,LeePaulRdI-69,,2021-02-10 16:00:00
2781,ISP BLOOMINGTON 33,BLOOMINGTON,1,,0.0,0,0,,,,I-69 S,,,0.0,S,39.25622646,-86.52637153,INTERSTATE,,RURAL,N,N,N,,DAYLIGHT,SNOW,SNOW/SLUSH,,NO JUNCTION INVOLVED,,ASPHALT,SPEED TOO FAST FOR WEATHER CONDITIONS,RAN OFF ROAD,I-69124.5,,2021-02-10 16:05:00
2782,BLOOMINGTON PD,BLOOMINGTON,3,0.0,1.0,0,0,,,,W BLOOMFIELD RD,S RANSOM LN,,300.0,W,39.159933,-86.55383403,LOCAL/CITY ROAD,N,URBAN,N,N,N,,DAYLIGHT,SNOW,SNOW/SLUSH,,NO JUNCTION INVOLVED,STRAIGHT/HILLCREST,ASPHALT,ROADWAY SURFACE CONDITION,HEAD ON BETWEEN TWO MOTOR VEHICLES,SLANDMARKAVEWBLOOMFIELDRD,NONE,2021-02-10 16:12:00
2783,INDIANA UNIV BLOOMINGTON PD,BLOOMINGTON,1,0.0,0.0,0,0,,,,E 10TH ST,N JEFFERSON ST,,,,0.0,0.0,LOCAL/CITY ROAD,N,URBAN,N,N,N,,DAYLIGHT,BLOWING SAND/SOIL/SNOW,SNOW/SLUSH,,NO JUNCTION INVOLVED,CURVE/LEVEL,ASPHALT,SPEED TOO FAST FOR WEATHER CONDITIONS,RAN OFF ROAD,JEFFERSONSTUNIONVILLERD,NONE,2021-02-10 16:14:00
2784,ISP BLOOMINGTON 33,BLOOMINGTON,1,,0.0,0,0,,,,I-69 S,,,845.0,S,39.26174543,-86.52332478,INTERSTATE,,RURAL,N,N,N,,DAYLIGHT,SNOW,SNOW/SLUSH,,NO JUNCTION INVOLVED,,CONCRETE,SPEED TOO FAST FOR WEATHER CONDITIONS,RAN OFF ROAD,WayportRdI-69,,2021-02-10 17:02:00
2785,INDIANA UNIV BLOOMINGTON PD,BLOOMINGTON,2,0.0,0.0,0,0,,,,SR 45/46,E DISCOVERY PKWY,,,,0.0,0.0,STATE ROAD,N,URBAN,N,N,N,,DAYLIGHT,SNOW,WET,,T-INTERSECTION,STRAIGHT/GRADE,ASPHALT,FAILURE TO YIELD RIGHT OF WAY,RIGHT TURN,DISCOVERYPKWYSR4546N,TRAFFIC CONTROL SIGNAL,2021-02-10 17:35:00
2786,MONROE SD,BLOOMINGTON,1,0.0,0.0,0,0,3500,,,S SNODDY RD,,,2000.0,N,39.121584,-86.489744,LOCAL/CITY ROAD,N,RURAL,N,N,N,,DARK (NOT LIGHTED),SNOW,SNOW/SLUSH,,NO JUNCTION INVOLVED,STRAIGHT/GRADE,ASPHALT,RAN OFF ROAD RIGHT,RAN OFF ROAD,EASTRHORERRDSOUTHSNODDYRD,NONE,2021-02-09 01:19:00
2787,MONROE SD,BLOOMINGTON,1,0.0,0.0,0,0,,,,SR 45,,,1000.0,E,39.17523663,-86.48104956,STATE ROAD,N,RURAL,N,Y,N,,DARK (LIGHTED),SNOW,SNOW/SLUSH,,NO JUNCTION INVOLVED,CURVE/LEVEL,ASPHALT,RAN OFF ROAD RIGHT,RAN OFF ROAD,EOOLEYAVESR45E,NONE,2021-02-09 06:31:00
2788,MONROE SD,BLOOMINGTON,1,0.0,0.0,0,0,,,Y,SR 45/46,I-69 S,,,,39.17661868,-86.50507133,STATE ROAD,N,URBAN,N,N,N,,DAYLIGHT,SNOW,SNOW/SLUSH,,NO JUNCTION INVOLVED,CURVE/GRADE,ASPHALT,ROADWAY SURFACE CONDITION,RAN OFF ROAD,NINTERSTATE69HWYSR46W,LANE CONTROL,2021-02-09 10:46:00
2789,BLOOMINGTON PD,BLOOMINGTON,2,0.0,0.0,0,0,,,,E 3RD ST,S DUNN ST,,100.0,W,39.164448,-86.528096,LOCAL/CITY ROAD,N,URBAN,N,N,N,,DAYLIGHT,CLOUDY,SNOW/SLUSH,,T-INTERSECTION,STRAIGHT/HILLCREST,ASPHALT,FOLLOWING TOO CLOSELY,REAR END,EAST3RDSTSOUTHDUNNST,NONE,2021-02-09 11:15:00
2790,MONROE SD,BLOOMINGTON,1,0.0,0.0,0,0,,,,SR 446,,,300.0,N,39.13138657,-86.4252816,STATE ROAD,N,RURAL,N,Y,N,,DAYLIGHT,CLOUDY,WET,,NO JUNCTION INVOLVED,CURVE/HILLCREST,ASPHALT,RAN OFF ROAD RIGHT,RAN OFF ROAD,EMERITTDRSR446S,NONE,2021-02-09 12:01:00
2791,BLOOMINGTON PD,BLOOMINGTON,1,0.0,0.0,0,0,,,,I-69 S,SR 48,,150.0,S,39.14866037,-86.573015,INTERSTATE,N,URBAN,N,N,N,,DAYLIGHT,SNOW,WET,,NO JUNCTION INVOLVED,STRAIGHT/LEVEL,ASPHALT,SPEED TOO FAST FOR WEATHER CONDITIONS,OTHER - EXPLAIN IN NARRATIVE,3RDSTI69S,NONE,2021-02-09 12:08:00
2792,INDIANA UNIV BLOOMINGTON PD,BLOOMINGTON,2,0.0,0.0,0,0,908,,,N WOODLAWN AVE,,,,,39.1567441,-86.52268903,LOCAL/CITY ROAD,N,URBAN,N,N,N,,DAYLIGHT,CLEAR,SNOW/SLUSH,,NO JUNCTION INVOLVED,STRAIGHT/LEVEL,ASPHALT,IMPROPER TURNING,RIGHT TURN,WOODLAWNAVE,TRAFFIC CONTROL SIGNAL,2021-02-09 15:00:00
2793,INDIANA UNIV BLOOMINGTON PD,BLOOMINGTON,2,0.0,0.0,0,0,,,,N INDIANA AVE,E 13TH ST,,,,39.175247,-86.527004,LOCAL/CITY ROAD,Y,URBAN,N,N,N,,DARK (LIGHTED),CLEAR,WET,,FOUR-WAY INTERSECTION,STRAIGHT/LEVEL,ASPHALT,DISREGARD SIGNAL/REG SIGN,RIGHT ANGLE,INDIANAAVETHIRTEENTHST,STOP SIGN,2021-02-09 21:20:00
2794,BLOOMINGTON PD,BLOOMINGTON,3,0.0,0.0,0,0,,,,SR 46,S COLLEGE MALL RD,,,,39.16424,-86.4984,LOCAL/CITY ROAD,N,URBAN,N,N,N,,DAYLIGHT,CLOUDY,DRY,,FOUR-WAY INTERSECTION,STRAIGHT/LEVEL,ASPHALT,FAILURE TO YIELD RIGHT OF WAY,RIGHT ANGLE,E3RDSTSCOLLEGEMALLRD,TRAFFIC CONTROL SIGNAL,2021-02-08 09:53:00
2795,MONROE SD,BLOOMINGTON,2,0.0,0.0,0,0,,,,I-69 S,SR 48,,600.0,S,38.97169474,-87.05465397,INTERSTATE,N,URBAN,N,N,N,,DAYLIGHT,CLOUDY,DRY,,NO JUNCTION INVOLVED,STRAIGHT/LEVEL,CONCRETE,UNSAFE LANE MOVEMENT,SAME DIRECTION SIDESWIPE,I69SW3RDST,NONE,2021-02-08 10:05:00
2796,BLOOMINGTON PD,BLOOMINGTON,2,0.0,0.0,0,0,,,,N WALNUT ST,E 10TH ST,,,,39.171744,-86.53352,LOCAL/CITY ROAD,N,URBAN,N,N,N,,DAYLIGHT,CLOUDY,DRY,,FOUR-WAY INTERSECTION,STRAIGHT/HILLCREST,ASPHALT,DISREGARD SIGNAL/REG SIGN,RIGHT ANGLE,EAST10THSTNORTHWALNUTST,TRAFFIC CONTROL SIGNAL,2021-02-08 12:15:00
2797,MONROE SD,BLOOMINGTON,2,0.0,0.0,0,0,,,,W TAPP RD,,,700.0,W,39.13704002,-86.57997274,COUNTY ROAD,Y,RURAL,N,N,Y,INTERMITTENT OR MOVING WORK,DAYLIGHT,CLEAR,DRY,,NO JUNCTION INVOLVED,STRAIGHT/GRADE,ASPHALT,FAILURE TO YIELD RIGHT OF WAY,SAME DIRECTION SIDESWIPE,SRAYLEPLTAPPRD,OTHER REGULATORY SIGN/MARKING,2021-02-08 14:59:00
2798,ISP BLOOMINGTON 33,BLOOMINGTON,1,,0.0,0,0,,,,W BURMA RD,,,0.0,S,39.33715078,-86.55085929,COUNTY ROAD,,RURAL,N,N,N,,DAYLIGHT,SNOW,SNOW/SLUSH,,NO JUNCTION INVOLVED,,ASPHALT,SPEED TOO FAST FOR WEATHER CONDITIONS,RAN OFF ROAD,WBurmaRd,,2021-02-08 17:15:00
2799,BLOOMINGTON PD,BLOOMINGTON,2,0.0,0.0,0,0,,,,W 3RD ST,S KIMBLE DR,,,,39.16464,-86.568,LOCAL/CITY ROAD,N,URBAN,N,N,N,,DARK (LIGHTED),SNOW,WET,,FOUR-WAY INTERSECTION,STRAIGHT/LEVEL,ASPHALT,FAILURE TO YIELD RIGHT OF WAY,RIGHT TURN,SOUTHKIMBLEDRWEST3RDST,TRAFFIC CONTROL SIGNAL,2021-02-08 18:33:00
2800,ISP BLOOMINGTON 33,ELLETTSVILLE,2,,0.0,0,0,,,,SR 46,W HEDRICK RD,,0.0,S,39.28122513,-86.68231082,STATE ROAD,,RURAL,N,N,N,,DARK (NOT LIGHTED),SNOW,SNOW/SLUSH,,NO JUNCTION INVOLVED,,ASPHALT,SPEED TOO FAST FOR WEATHER CONDITIONS,HEAD ON BETWEEN TWO MOTOR VEHICLES,StateRd46,,2021-02-08 18:40:00
2801,BLOOMINGTON PD,BLOOMINGTON,2,0.0,0.0,0,0,,,,E 2ND ST,S HENDERSON ST,,,,39.161343,-86.527206,LOCAL/CITY ROAD,N,URBAN,N,N,N,,DARK (NOT LIGHTED),BLOWING SAND/SOIL/SNOW,SNOW/SLUSH,,FOUR-WAY INTERSECTION,STRAIGHT/HILLCREST,ASPHALT,OTHER (ENVIRONMENTAL) - EXPLAIN IN NARR,REAR END,E2NDSTSHENDERSONST,STOP SIGN,2021-02-08 19:28:00
2802,BLOOMINGTON PD,BLOOMINGTON,2,0.0,0.0,0,0,,,,N ADAMS ST,W KIRKWOOD AVE,,,,39.166816,-86.549488,LOCAL/CITY ROAD,Y,URBAN,N,N,N,,DARK (LIGHTED),SNOW,SNOW/SLUSH,,FOUR-WAY INTERSECTION,CURVE/GRADE,CONCRETE,FOLLOWING TOO CLOSELY,REAR END,NADAMSSTWKIRKWOODAVE,NONE,2021-02-08 19:42:00
2803,MONROE SD,BLOOMINGTON,2,0.0,0.0,0,0,,,,S ROCKPORT RD,W STANSIFER CT,,,,39.107529,-86.575862,LOCAL/CITY ROAD,N,RURAL,N,N,N,,DARK (NOT LIGHTED),SNOW,SNOW/SLUSH,,T-INTERSECTION,STRAIGHT/GRADE,ASPHALT,FOLLOWING TOO CLOSELY,REAR END,ROCKPORTRDSTANSIFERLN,NONE,2021-02-08 19:56:00
2804,BLOOMINGTON PD,BLOOMINGTON,1,0.0,0.0,0,0,,,,W 2ND ST,S COLLEGE AVE,,,,39.161366,-86.534943,LOCAL/CITY ROAD,N,URBAN,N,N,N,,DARK (LIGHTED),BLOWING SAND/SOIL/SNOW,SNOW/SLUSH,,FOUR-WAY INTERSECTION,STRAIGHT/GRADE,ASPHALT,SPEED TOO FAST FOR WEATHER CONDITIONS,RAN OFF ROAD,SCOLLEGEAVEW2NDST,TRAFFIC CONTROL SIGNAL,2021-02-08 20:40:00
2805,INDIANA UNIV BLOOMINGTON PD,BLOOMINGTON,2,0.0,0.0,0,0,,,,N JORDAN AVE,E 10TH ST,,,,39.171584,-86.515629,LOCAL/CITY ROAD,Y,URBAN,N,N,N,,DARK (LIGHTED),SNOW,SNOW/SLUSH,,FOUR-WAY INTERSECTION,STRAIGHT/LEVEL,ASPHALT,ROADWAY SURFACE CONDITION,REAR END,JORDANAVETENTHST,TRAFFIC CONTROL SIGNAL,2021-02-08 20:40:00
2806,BLOOMINGTON PD,BLOOMINGTON,2,0.0,0.0,0,0,703,,,E COLONIAL CREST RD,,,,,39.185232,-86.54060206,UNKNOWN,Y,URBAN,N,N,N,,DAYLIGHT,CLOUDY,WET,,NO JUNCTION INVOLVED,STRAIGHT/LEVEL,ASPHALT,IMPROPER TURNING,LEFT TURN,WGOURLEYPIKE,NONE,2021-02-07 01:00:00
2807,MONROE SD,BLOOMINGTON,1,0.0,0.0,0,0,,,,W RATLIFF RD,N HARTSTRAIT RD,,100.0,W,39.209109,-86.61136933,LOCAL/CITY ROAD,Y,RURAL,N,N,N,,DARK (LIGHTED),CLOUDY,SNOW/SLUSH,,NO JUNCTION INVOLVED,STRAIGHT/GRADE,ASPHALT,RAN OFF ROAD RIGHT,RAN OFF ROAD,NHARTSTRAITRDWRATLIFFRD,LANE CONTROL,2021-02-07 06:16:00
2808,INDIANA UNIV BLOOMINGTON PD,BLOOMINGTON,2,0.0,0.0,0,0,,,,S INDIANA AVE,E 3RD ST,,,,39.164287,-86.526904,LOCAL/CITY ROAD,N,URBAN,N,N,N,,DAYLIGHT,CLEAR,WET,,FOUR-WAY INTERSECTION,STRAIGHT/LEVEL,ASPHALT,WRONG WAY ON ONE WAY,RIGHT ANGLE,INDIANAAVETHIRDST,TRAFFIC CONTROL SIGNAL,2021-02-07 09:55:00
2809,BLOOMINGTON PD,BLOOMINGTON,2,0.0,0.0,0,0,,,,W ISAACS DR,S DOLIMAH AVE,,400.0,E,39.1634189,-86.55392302,LOCAL/CITY ROAD,Y,URBAN,N,N,N,,DAYLIGHT,CLEAR,DRY,,FOUR-WAY INTERSECTION,STRAIGHT/LEVEL,ASPHALT,UNSAFE LANE MOVEMENT,OPPOSITE DIRECTION SIDESWIPE,SWESTPLEXAVEWISAACDR,NONE,2021-02-07 14:33:00
2810,MONROE SD,BLOOMINGTON,1,0.0,0.0,0,0,,,,S KIRBY RD,,,500.0,S,39.11181268,-86.597581,COUNTY ROAD,N,RURAL,N,N,N,,DARK (NOT LIGHTED),CLEAR,DRY,,NO JUNCTION INVOLVED,STRAIGHT/LEVEL,ASPHALT,OTHER (ENVIRONMENTAL) - EXPLAIN IN NARR,COLLISION WITH OBJECT IN ROAD,KIRBYRDSTATEROAD48HWY,NONE,2021-02-07 22:42:00
2811,BLOOMINGTON PD,BLOOMINGTON,2,0.0,0.0,0,0,,,,S ROGERS ST,W 2ND ST,,,,39.16138,-86.53867,LOCAL/CITY ROAD,Y,URBAN,N,N,N,,DAYLIGHT,CLEAR,DRY,,FOUR-WAY INTERSECTION,STRAIGHT/GRADE,ASPHALT,DISREGARD SIGNAL/REG SIGN,RIGHT ANGLE,SROGERSSTW2NDST,TRAFFIC CONTROL SIGNAL,2021-02-06 17:54:00
2812,BLOOMINGTON PD,BLOOMINGTON,2,0.0,0.0,0,0,,,,N COLLEGE AVE,W 8TH ST,,,,39.169552,-86.534784,COUNTY ROAD,N,URBAN,N,N,N,,DARK (LIGHTED),CLEAR,DRY,,FOUR-WAY INTERSECTION,STRAIGHT/LEVEL,CONCRETE,UNSAFE LANE MOVEMENT,SAME DIRECTION SIDESWIPE,NCOLLEGEAVEW8THST,LANE CONTROL,2021-02-06 18:32:00