_id,Agency,City,Vehicles Involved,Trailers Involved,Number Injured,Number Dead,Number Deer,House Number,Roadway Interchange,Roadway Ramp,Roadway Id,Intersecting Road,Interchange,Feet From,Direction,Latitude,Longitude,Roadway Class,Hit and Run?,Locality,School Zone?,Rumble Strips?,Construction?,Construction Type,Light Condition,Weather Conditions,Surface Condition,Type of Median,Roadway Junction Type,Road Character,Roadway Surface,Primary Factor,Manner of Collision,Unique Location Id,Traffic Control,DateTime
2813,MONROE SD,BLOOMINGTON,1,0.0,0.0,0,2,,,,I-69 S,,,20.0,S,0.0,0.0,INTERSTATE,N,RURAL,N,Y,N,,DARK (NOT LIGHTED),CLOUDY,DRY,,NO JUNCTION INVOLVED,STRAIGHT/LEVEL,ASPHALT,ANIMAL/OBJECT IN ROADWAY,COLLISION WITH DEER,I69S109.5,NONE,2021-02-06 21:52:00
2814,MONROE SD,BLOOMINGTON,1,0.0,0.0,0,0,,,,W ELWREN RD,,,1000.0,E,39.10824,-86.666192,COUNTY ROAD,N,RURAL,N,N,N,,DARK (NOT LIGHTED),SNOW,WET,,T-INTERSECTION,CURVE/GRADE,ASPHALT,RAN OFF ROAD RIGHT,RAN OFF ROAD,STANFORDRDWESTELWRENRD,NONE,2021-02-06 22:45:00
2815,MONROE SD,BLOOMINGTON,2,0.0,0.0,0,0,,,,SR 45,,,300.0,E,39.12988859,-86.60352445,STATE ROAD,N,RURAL,N,N,B,,DAYLIGHT,CLEAR,DRY,,NO JUNCTION INVOLVED,STRAIGHT/HILLCREST,ASPHALT,VIEW OBSTRUCTED,REAR END,BUNGERRDSR45W,LANE CONTROL,2021-02-05 11:40:00
2816,ISP BLOOMINGTON 33,BLOOMINGTON,2,,0.0,0,0,,103,M,I-69 S,SR 45/46,,0.0,S,39.18604943,-86.55803329,INTERSTATE,,RURAL,N,N,N,,DARK (NOT LIGHTED),CLEAR,DRY,,RAMP,,ASPHALT,UNSAFE LANE MOVEMENT,SAME DIRECTION SIDESWIPE,SR37,,2021-02-05 13:42:00
2817,MONROE SD,BLOOMINGTON,1,0.0,0.0,0,0,,,,SR 37,,,1000.0,N,38.99476252,-86.53728083,STATE ROAD,Y,RURAL,N,N,N,,DAYLIGHT,CLEAR,DRY,,NO JUNCTION INVOLVED,STRAIGHT/GRADE,ASPHALT,FOLLOWING TOO CLOSELY,OTHER - EXPLAIN IN NARRATIVE,INGRAMRDSR37S,NONE,2021-02-05 17:12:00
2818,BLOOMINGTON PD,BLOOMINGTON,2,0.0,0.0,0,0,,,,N WALNUT ST,W 6TH ST,,,,39.167648,-86.533584,LOCAL/CITY ROAD,N,URBAN,N,N,N,,DARK (LIGHTED),CLOUDY,DRY,,NO JUNCTION INVOLVED,STRAIGHT/GRADE,ASPHALT,FAILURE TO YIELD RIGHT OF WAY,SAME DIRECTION SIDESWIPE,6THSTWALNUTST,LANE CONTROL,2021-02-05 21:47:00
2819,ELLETTSVILLE PD,ELLETTSVILLE,1,0.0,0.0,0,0,7821,,,SR 46,N RED HILL RD,,2500.0,W,39.24688889,-86.64537936,STATE ROAD,N,URBAN,N,N,N,,DARK (NOT LIGHTED),CLEAR,DRY,,NO JUNCTION INVOLVED,STRAIGHT/LEVEL,ASPHALT,ANIMAL/OBJECT IN ROADWAY,COLLISION WITH ANIMAL OTHER,NREDHILLRDSR46W,LANE CONTROL,2021-02-05 23:50:00
2820,BLOOMINGTON PD,BLOOMINGTON,1,0.0,1.0,0,0,500,,,W NORTHLANE DR,N KINSER PIKE,,,,39.1826782,-86.5393066,UNKNOWN,Y,URBAN,N,N,N,,DARK (LIGHTED),CLOUDY,DRY,,NO JUNCTION INVOLVED,CURVE/GRADE,ASPHALT,RAN OFF ROAD RIGHT,RAN OFF ROAD,NORTHLANEDR,NONE,2021-02-04 01:00:00
2821,ISP BLOOMINGTON 33,BLOOMINGTON,2,,0.0,0,0,,,,I-69 N,,,686.0,W,39.16756491,-86.57252259,INTERSTATE,,URBAN,N,N,N,,DAYLIGHT,SLEET/HAIL/FREEZING RAIN,WET,,NO JUNCTION INVOLVED,,ASPHALT,,SAME DIRECTION SIDESWIPE,WHolidayDrI-69,,2021-02-04 12:03:00
2822,MONROE SD,BLOOMINGTON,2,0.0,0.0,0,0,,,,SR 446,,,2700.0,S,38.82710542,-86.4313553,STATE ROAD,N,RURAL,N,N,N,,DAYLIGHT,SLEET/HAIL/FREEZING RAIN,WET,,NO JUNCTION INVOLVED,CURVE/GRADE,ASPHALT,SPEED TOO FAST FOR WEATHER CONDITIONS,HEAD ON BETWEEN TWO MOTOR VEHICLES,SOLDRICHARDSONRDSR446S,NONE,2021-02-04 14:02:00
2823,MONROE SD,BLOOMINGTON,2,0.0,0.0,0,0,,,,N SMITH PIKE,,,1500.0,N,0.0,0.0,COUNTY ROAD,N,RURAL,N,N,N,,DAYLIGHT,RAIN,WET,,NO JUNCTION INVOLVED,STRAIGHT/GRADE,ASPHALT,SPEED TOO FAST FOR WEATHER CONDITIONS,OPPOSITE DIRECTION SIDESWIPE,SMITHPIKEWOODYARDRD,NONE,2021-02-04 14:31:00
2824,BLOOMINGTON PD,BLOOMINGTON,2,0.0,2.0,0,0,,,,S ROGERS ST,W COUNTRY CLUB DR,,,,39.13608,-86.538096,LOCAL/CITY ROAD,N,URBAN,N,N,N,,DAYLIGHT,RAIN,WET,,FOUR-WAY INTERSECTION,STRAIGHT/GRADE,ASPHALT,FOLLOWING TOO CLOSELY,REAR END,SROGERSSTWCOUNTRYCLUBDR,TRAFFIC CONTROL SIGNAL,2021-02-04 14:35:00
2825,BLOOMINGTON PD,BLOOMINGTON,2,0.0,2.0,0,0,,,,S HENDERSON ST,E ALLEN ST,,,,39.155744,-86.527056,LOCAL/CITY ROAD,N,URBAN,N,N,N,,DAYLIGHT,RAIN,WET,,FOUR-WAY INTERSECTION,STRAIGHT/GRADE,ASPHALT,LEFT OF CENTER,OPPOSITE DIRECTION SIDESWIPE,ALLENSTHENDERSONST,STOP SIGN,2021-02-04 14:55:00
2826,MONROE SD,BLOOMINGTON,2,0.0,0.0,0,0,,,,SR 45,,,2430.0,W,39.0867614,-86.68054752,STATE ROAD,N,RURAL,N,N,N,,DARK (NOT LIGHTED),CLEAR,DRY,,NO JUNCTION INVOLVED,STRAIGHT/HILLCREST,ASPHALT,ANIMAL/OBJECT IN ROADWAY,COLLISION WITH ANIMAL OTHER,BREEDENRDSR45W,NONE,2021-02-03 03:01:00
2827,BLOOMINGTON PD,BLOOMINGTON,1,0.0,0.0,0,1,,,,SR 45/46,N FEE LN,,,,39.186032,-86.51984,STATE ROAD,N,URBAN,N,N,N,,DARK (NOT LIGHTED),CLEAR,DRY,,FOUR-WAY INTERSECTION,STRAIGHT/GRADE,ASPHALT,ANIMAL/OBJECT IN ROADWAY,COLLISION WITH DEER,FEELNSR46E,TRAFFIC CONTROL SIGNAL,2021-02-03 06:08:00
2828,BLOOMINGTON PD,BLOOMINGTON,2,0.0,0.0,0,0,3939,,,SR 48,S CURRY PIKE,,100.0,E,39.16465,-86.58294765,LOCAL/CITY ROAD,N,URBAN,N,N,N,,DAYLIGHT,CLEAR,DRY,,NO JUNCTION INVOLVED,STRAIGHT/LEVEL,ASPHALT,FAILURE TO YIELD RIGHT OF WAY,SAME DIRECTION SIDESWIPE,SCURRYPIKEW3RDST,NONE,2021-02-03 15:43:00
2829,MONROE SD,BLOOMINGTON,2,0.0,1.0,0,0,,,,SR 46,N SMITH PIKE,,500.0,,39.210144,-86.5832,STATE ROAD,N,URBAN,N,N,N,,DARK (LIGHTED),CLEAR,WET,,FOUR-WAY INTERSECTION,STRAIGHT/GRADE,ASPHALT,FOLLOWING TOO CLOSELY,REAR END,NSMITHPIKESR46W,LANE CONTROL,2021-02-02 06:40:00
2830,INDIANA UNIV BLOOMINGTON PD,BLOOMINGTON,2,0.0,0.0,0,0,,,,E 10TH ST,N WOODLAWN AVE,,,,39.171625,-86.523506,LOCAL/CITY ROAD,N,URBAN,N,N,N,,DAYLIGHT,CLEAR,DRY,,FOUR-WAY INTERSECTION,STRAIGHT/LEVEL,ASPHALT,FOLLOWING TOO CLOSELY,REAR END,TENTHSTWOODLAWNAVE,TRAFFIC CONTROL SIGNAL,2021-02-02 16:15:00
2831,BLOOMINGTON PD,BLOOMINGTON,2,0.0,0.0,0,0,,,,W COUNTRY CLUB DR,,,700.0,E,,,LOCAL/CITY ROAD,N,URBAN,N,N,N,,DAYLIGHT,CLOUDY,DRY,,NO JUNCTION INVOLVED,CURVE/GRADE,ASPHALT,FOLLOWING TOO CLOSELY,REAR END,ROGERSSTWCOUNTRYCLUBRD,NONE,2021-02-02 16:22:00
2832,MONROE SD,BLOOMINGTON,2,0.0,0.0,0,0,,,,N SMITH PIKE,CARMOLA DR,,,,39.2045595,-86.58901099,COUNTY ROAD,N,RURAL,N,N,N,,DAYLIGHT,CLOUDY,DRY,,T-INTERSECTION,STRAIGHT/LEVEL,ASPHALT,FOLLOWING TOO CLOSELY,REAR END,CARMOLADRSMITHPIKE,NONE,2021-02-02 17:41:00
2833,INDIANA UNIV BLOOMINGTON PD,BLOOMINGTON,2,0.0,1.0,0,0,,,,S WOODLAWN AVE,E ATWATER AVE,,,,39.16311,-86.522621,LOCAL/CITY ROAD,N,URBAN,N,N,N,,DARK (LIGHTED),CLEAR,DRY,,FOUR-WAY INTERSECTION,STRAIGHT/LEVEL,ASPHALT,FAILURE TO YIELD RIGHT OF WAY,LEFT TURN,ATWATERAVEWOODLAWNAVE,TRAFFIC CONTROL SIGNAL,2021-02-02 20:55:00
2834,MONROE SD,BLOOMINGTON,1,0.0,0.0,0,0,4850,,,CUTRIGHT STATE RECREATION AREA RD,CUTRIGHT STATE RECREATION BOAT LAUNCH,,,,39.091727,-86.423531,UNKNOWN,N,RURAL,N,N,N,,DARK (NOT LIGHTED),SNOW,SNOW/SLUSH,,NO JUNCTION INVOLVED,CURVE/GRADE,ASPHALT,SPEED TOO FAST FOR WEATHER CONDITIONS,RAN OFF ROAD,SSTATEROAD446HWY,STOP SIGN,2021-02-01 00:15:00
2835,MONROE SD,BLOOMINGTON,1,0.0,0.0,0,0,9091,,,W EVANS RD,S BURCH RD,,,,39.079552,-86.666592,LOCAL/CITY ROAD,N,RURAL,N,N,N,,DARK (NOT LIGHTED),SNOW,SNOW/SLUSH,,NO JUNCTION INVOLVED,STRAIGHT/GRADE,ASPHALT,RAN OFF ROAD RIGHT,RAN OFF ROAD,WEVANSRD,NONE,2021-02-01 04:30:00
2836,MONROE SD,BLOOMINGTON,1,0.0,0.0,0,0,,,,W LEONARD SPRINGS RD,W FULLERTON PIKE,,,,39.123376,-86.582592,LOCAL/CITY ROAD,N,URBAN,N,N,N,,DARK (NOT LIGHTED),SNOW,SNOW/SLUSH,,T-INTERSECTION,CURVE/GRADE,ASPHALT,SPEED TOO FAST FOR WEATHER CONDITIONS,RAN OFF ROAD,SOUTHFULLERTONPIKEWESTLEONARDSPRINGSRD,STOP SIGN,2021-02-01 04:42:00
2837,ISP BLOOMINGTON 33,BLOOMINGTON,1,,2.0,0,0,,,,SR 45,,,300.0,E,39.0868957,-86.68162976,STATE ROAD,,RURAL,N,N,N,,DAYLIGHT,CLOUDY,ICE,,NO JUNCTION INVOLVED,,ASPHALT,,,WStateRd45CountyLineRoad,,2021-02-01 08:35:00
2838,BLOOMINGTON PD,BLOOMINGTON,2,0.0,0.0,0,0,,,,E MILLER DR,S HENDERSON ST,,100.0,W,39.147152,-86.526896,LOCAL/CITY ROAD,N,URBAN,Y,N,N,,DAYLIGHT,CLOUDY,WET,,NO JUNCTION INVOLVED,STRAIGHT/GRADE,ASPHALT,FAILURE TO YIELD RIGHT OF WAY,LEFT TURN,EMILLERDRSHENDERSONST,STOP SIGN,2021-02-01 14:15:00
2839,MONROE SD,BLOOMINGTON,1,0.0,0.0,0,0,3656,,,E ROGERS RD,S SMITH RD,,,,39.12376686,-86.53886857,LOCAL/CITY ROAD,N,RURAL,N,N,N,,DAWN/DUSK,CLOUDY,LOOSE MATERIAL ON ROAD,,NO JUNCTION INVOLVED,STRAIGHT/GRADE,CONCRETE,DRIVER DISTRACTED - EXPLAIN IN NARRATIVE,RAN OFF ROAD,EROGERSRD,NONE,2021-02-01 18:06:00
2840,ISP BLOOMINGTON 33,ELLETTSVILLE,1,,0.0,0,0,,,,SR 46,W FLATWOODS RD,,0.0,S,39.25059461,-86.65242563,STATE ROAD,,RURAL,N,N,N,,DARK (NOT LIGHTED),CLEAR,DRY,,NO JUNCTION INVOLVED,,ASPHALT,ROADWAY SURFACE CONDITION,COLLISION WITH OBJECT IN ROAD,StateRd46,,2021-02-01 19:08:00
2841,MONROE SD,BLOOMINGTON,1,0.0,0.0,0,1,,,,S SNODDY RD,,,200.0,N,39.14246652,-86.489508,LOCAL/CITY ROAD,N,RURAL,N,N,N,,DARK (LIGHTED),CLEAR,DRY,,NO JUNCTION INVOLVED,STRAIGHT/LEVEL,ASPHALT,ANIMAL/OBJECT IN ROADWAY,COLLISION WITH DEER,ERHORERRDSSNOODYRD,NONE,2021-02-01 19:45:00
2842,MONROE SD,BLOOMINGTON,1,0.0,0.0,0,0,3955,,,W ARLINGTON RD,,,,,39.209952,-86.582896,UNKNOWN,N,RURAL,N,N,N,,DARK (NOT LIGHTED),CLEAR,DRY,,NO JUNCTION INVOLVED,STRAIGHT/GRADE,ASPHALT,OTHER (VEHICLE) - EXPLAIN IN NARRATIVE,OTHER - EXPLAIN IN NARRATIVE,WARLINGTONRD,NONE,2021-02-01 20:12:00
2843,ISP BLOOMINGTON 33,BLOOMINGTON,1,,0.0,0,0,,,,SR 446,,,264.0,S,39.09157637,-86.42296795,STATE ROAD,,RURAL,N,N,N,,DARK (NOT LIGHTED),SNOW,WET,,T-INTERSECTION,,ASPHALT,,RAN OFF ROAD,StateRd446PaynetownRd,,2021-01-31 01:55:00
2844,ISP BLOOMINGTON 33,BLOOMINGTON,1,,1.0,0,0,,,,N PROW RD,,,739.0,S,39.20319581,-86.55205745,LOCAL/CITY ROAD,,RURAL,N,N,N,,DARK (NOT LIGHTED),RAIN,SNOW/SLUSH,,NO JUNCTION INVOLVED,,ASPHALT,SPEED TOO FAST FOR WEATHER CONDITIONS,,WHedgeAppleLnNProwRd,,2021-01-31 06:00:00
2845,BLOOMINGTON PD,BLOOMINGTON,2,0.0,0.0,0,0,826,,,W KIRKWOOD AVE,N WALDRON ST,,100.0,W,39.16672,-86.542096,LOCAL/CITY ROAD,Y,URBAN,N,N,N,,DAWN/DUSK,SLEET/HAIL/FREEZING RAIN,SNOW/SLUSH,,FOUR-WAY INTERSECTION,STRAIGHT/LEVEL,ASPHALT,IMPROPER LANE USAGE,SAME DIRECTION SIDESWIPE,NMAPLESTWKIRKWOODAVE,NONE,2021-01-31 08:30:00
2846,BLOOMINGTON PD,BLOOMINGTON,1,0.0,0.0,0,0,,,,E WINSLOW RD,S PICADILLY ST,,,,39.136144,-86.524496,LOCAL/CITY ROAD,N,URBAN,N,N,N,,DAYLIGHT,RAIN,WET,,T-INTERSECTION,STRAIGHT/LEVEL,ASPHALT,LEFT OF CENTER,COLLISION WITH OBJECT IN ROAD,EWINSLOWRDSPICADILLYST,LANE CONTROL,2021-01-31 08:35:00
2847,MONROE SD,BLOOMINGTON,2,0.0,0.0,0,0,,,,N MATTHEWS DR,W MAPLE GROVE RD,,1800.0,S,39.245408,-86.6204,LOCAL/CITY ROAD,N,RURAL,N,N,N,,DAYLIGHT,RAIN,WET,,NO JUNCTION INVOLVED,STRAIGHT/GRADE,ASPHALT,OTHER (VEHICLE) - EXPLAIN IN NARRATIVE,REAR END,MAPLEGROVERDMATHEWESDR,NONE,2021-01-31 10:40:00
2848,BLOOMINGTON PD,BLOOMINGTON,2,0.0,0.0,0,0,,,,S CURRY PIKE,SR 48,,,,39.16465,-86.582939,LOCAL/CITY ROAD,N,URBAN,N,N,N,,DAWN/DUSK,SNOW,SNOW/SLUSH,,FOUR-WAY INTERSECTION,STRAIGHT/LEVEL,ASPHALT,FAILURE TO YIELD RIGHT OF WAY,RIGHT ANGLE,SOUTHCURRYPIKEWEST3RDST,TRAFFIC CONTROL SIGNAL,2021-01-31 17:40:00
2849,ISP BLOOMINGTON 33,BLOOMINGTON,1,,0.0,0,0,,,,I-69 N,,,1003.0,N,39.18060534,-86.55750259,INTERSTATE,,URBAN,N,N,N,,DARK (NOT LIGHTED),SNOW,SNOW/SLUSH,,NO JUNCTION INVOLVED,,ASPHALT,,,NCrescentRdI-69,,2021-01-31 18:30:00
2850,MONROE SD,BLOOMINGTON,1,0.0,0.0,0,0,,,,W ELWREN RD,,,600.0,W,39.10818591,-86.64562543,COUNTY ROAD,N,RURAL,N,N,N,,DARK (NOT LIGHTED),SNOW,SNOW/SLUSH,,T-INTERSECTION,CURVE/GRADE,ASPHALT,RAN OFF ROAD RIGHT,RAN OFF ROAD,ELWRENRDWESTSTATE45RD,NONE,2021-01-31 19:28:00
2851,MONROE SD,BLOOMINGTON,1,0.0,0.0,0,0,,,,S SNOW RD,,,1000.0,N,39.01808,-86.651328,LOCAL/CITY ROAD,N,RURAL,N,N,N,,DARK (NOT LIGHTED),SNOW,SNOW/SLUSH,,NO JUNCTION INVOLVED,STRAIGHT/LEVEL,ASPHALT,OTHER (DRIVER) - EXPLAIN IN NARRATIVE,RAN OFF ROAD,SLEEPHILLIPSRDSSNOWRD,NONE,2021-01-31 19:30:00
2852,MONROE SD,BLOOMINGTON,1,0.0,0.0,0,0,,,,E ROGERS RD,S SMITH RD,,250.0,W,39.1359625,-86.48716687,COUNTY ROAD,N,RURAL,N,N,B,,DARK (NOT LIGHTED),SLEET/HAIL/FREEZING RAIN,SNOW/SLUSH,,NO JUNCTION INVOLVED,CURVE/GRADE,ASPHALT,SPEED TOO FAST FOR WEATHER CONDITIONS,RAN OFF ROAD,ROGERSRDSADDLEBROOKST,NONE,2021-01-31 20:08:00
2853,BLOOMINGTON PD,BLOOMINGTON,1,0.0,0.0,0,0,,,,W ARLINGTON RD,,,200.0,S,0.0,0.0,LOCAL/CITY ROAD,N,URBAN,N,N,N,,DARK (NOT LIGHTED),SLEET/HAIL/FREEZING RAIN,SNOW/SLUSH,,NO JUNCTION INVOLVED,CURVE/LEVEL,CONCRETE,SPEED TOO FAST FOR WEATHER CONDITIONS,RAN OFF ROAD,NARLINGTONPARKRDWGOURLEYPIKE,NONE,2021-01-31 20:48:00
2854,MONROE SD,BLOOMINGTON,1,0.0,0.0,0,0,,,,N HARTSTRAIT RD,,,2640.0,S,39.164944,-86.611296,LOCAL/CITY ROAD,N,RURAL,N,N,N,,DARK (NOT LIGHTED),SNOW,SNOW/SLUSH,,NO JUNCTION INVOLVED,STRAIGHT/GRADE,ASPHALT,ROADWAY SURFACE CONDITION,RAN OFF ROAD,HARTSTRAIGHTRDSR48W,NONE,2021-01-31 20:55:00
2855,BLOOMINGTON PD,BLOOMINGTON,2,0.0,2.0,0,0,,,,N WALNUT ST,E 14TH ST,,,,39.175952,-86.53344,LOCAL/CITY ROAD,N,URBAN,N,N,N,,DARK (LIGHTED),SNOW,SNOW/SLUSH,,FOUR-WAY INTERSECTION,STRAIGHT/GRADE,ASPHALT,FAILURE TO YIELD RIGHT OF WAY,RIGHT ANGLE,E14THSTNWALNUTST,STOP SIGN,2021-01-31 21:36:00
2856,ISP BLOOMINGTON 33,BLOOMINGTON,1,,0.0,0,0,,,,I-69 S,,,0.0,S,39.05001701,-86.67994959,INTERSTATE,,RURAL,N,N,N,,DARK (NOT LIGHTED),SNOW,SNOW/SLUSH,,NO JUNCTION INVOLVED,,ASPHALT,SPEED TOO FAST FOR WEATHER CONDITIONS,RAN OFF ROAD,I-69105,,2021-01-31 22:15:00
2857,MONROE SD,BLOOMINGTON,1,0.0,0.0,0,0,2880,,,N HARTSTRAIT RD,,,1700.0,N,39.186752,-86.611504,COUNTY ROAD,Y,RURAL,N,N,N,,DARK (LIGHTED),SNOW,SNOW/SLUSH,,NO JUNCTION INVOLVED,STRAIGHT/LEVEL,ASPHALT,RAN OFF ROAD RIGHT,RAN OFF ROAD,2880NHARTSTRAITRDWESTVERNALPIKE,NONE,2021-01-31 23:17:00
2858,BLOOMINGTON PD,BLOOMINGTON,2,0.0,0.0,0,0,209,,,E RIDGEVIEW DR,E SUNNY SLOPES DR,,200.0,S,39.11093448,-86.5283483,LOCAL/CITY ROAD,N,URBAN,N,N,N,,DAYLIGHT,CLOUDY,WET,,NO JUNCTION INVOLVED,CURVE/GRADE,ASPHALT,DRIVER DISTRACTED - EXPLAIN IN NARRATIVE,OPPOSITE DIRECTION SIDESWIPE,209ERIDGEVIEWDRSUNNYSLOPEDR,NONE,2021-01-30 15:25:00
2859,ISP BLOOMINGTON 33,BLOOMINGTON,1,,0.0,0,0,,,,I-69 N,,,370.0,N,39.33444714,-86.51205301,INTERSTATE,,RURAL,N,N,N,,DAYLIGHT,SNOW,SNOW/SLUSH,,NO JUNCTION INVOLVED,,ASPHALT,SPEED TOO FAST FOR WEATHER CONDITIONS,RIGHT ANGLE,I-69EBryantsCreekRd,,2021-01-30 16:30:00
2860,MONROE SD,BLOOMINGTON,2,0.0,0.0,0,0,,,,E RHORER RD,,,1000.0,W,39.121462,-86.51147248,COUNTY ROAD,N,RURAL,N,N,N,,DAYLIGHT,SNOW,SNOW/SLUSH,,NO JUNCTION INVOLVED,STRAIGHT/HILLCREST,ASPHALT,FAILURE TO YIELD RIGHT OF WAY,OPPOSITE DIRECTION SIDESWIPE,RHORERRDSARERD,NONE,2021-01-30 16:57:00
2861,ISP BLOOMINGTON 33,BLOOMINGTON,2,,0.0,0,0,,,,SR 46,E 7TH ST,,53.0,N,39.16768618,-86.50008447,STATE ROAD,,URBAN,N,N,N,,DAYLIGHT,SNOW,SNOW/SLUSH,,T-INTERSECTION,,ASPHALT,FOLLOWING TOO CLOSELY,REAR END,StateRd46StateRd46,,2021-01-30 17:20:00
2862,BLOOMINGTON PD,BLOOMINGTON,1,0.0,0.0,0,0,,,,SR 45,N GRANDVIEW DR,,,,39.17184,-86.487488,LOCAL/CITY ROAD,N,URBAN,N,N,N,,DAYLIGHT,SNOW,SNOW/SLUSH,,T-INTERSECTION,STRAIGHT/GRADE,ASPHALT,SPEED TOO FAST FOR WEATHER CONDITIONS,RAN OFF ROAD,E10THSTNGRANDVIEWDR,NONE,2021-01-30 17:22:00
2863,INDIANA UNIV BLOOMINGTON PD,BLOOMINGTON,2,0.0,1.0,0,0,,,,E LINGELBACH LN,,,,,0.0,0.0,LOCAL/CITY ROAD,N,URBAN,N,N,N,,DAYLIGHT,SNOW,SNOW/SLUSH,,NO JUNCTION INVOLVED,CURVE/GRADE,ASPHALT,SPEED TOO FAST FOR WEATHER CONDITIONS,HEAD ON BETWEEN TWO MOTOR VEHICLES,ELINGELBACHLNSR46,NONE,2021-01-30 17:25:00
2864,ISP BLOOMINGTON 33,BLOOMINGTON,1,,0.0,0,0,,,,I-69 N,,,0.0,S,39.07667577,-86.58674426,INTERSTATE,,RURAL,N,N,N,,DAWN/DUSK,SLEET/HAIL/FREEZING RAIN,SNOW/SLUSH,,NO JUNCTION INVOLVED,,CONCRETE,,RAN OFF ROAD,I-69111.3,,2021-01-30 17:30:00
2865,MONROE SD,BLOOMINGTON,1,0.0,0.0,0,0,,,,SR 446,E WALDRIP CREEK RD,,400.0,N,39.10354226,-86.414251,STATE ROAD,N,RURAL,N,Y,N,,DAWN/DUSK,SNOW,SNOW/SLUSH,,NO JUNCTION INVOLVED,STRAIGHT/GRADE,ASPHALT,RAN OFF ROAD RIGHT,RAN OFF ROAD,SR446SWALDRIPCREEKRD,NONE,2021-01-30 17:48:00
2866,BLOOMINGTON PD,BLOOMINGTON,1,0.0,0.0,0,0,,,,E BLUE RIDGE DR,E CLOVER LN,,,,39.19584,-86.531792,LOCAL/CITY ROAD,N,URBAN,N,N,N,,DARK (LIGHTED),SNOW,SNOW/SLUSH,,T-INTERSECTION,CURVE/GRADE,CONCRETE,SPEED TOO FAST FOR WEATHER CONDITIONS,RAN OFF ROAD,BLUERIDGEDRECLOVERLN,NONE,2021-01-30 18:40:00
2867,ISP BLOOMINGTON 33,BLOOMINGTON,2,,1.0,0,0,,,,I-69 N,,,0.0,S,39.22492632,-86.54730252,INTERSTATE,,RURAL,N,N,N,,DARK (NOT LIGHTED),SLEET/HAIL/FREEZING RAIN,SNOW/SLUSH,,NO JUNCTION INVOLVED,,ASPHALT,SPEED TOO FAST FOR WEATHER CONDITIONS,REAR END,I-69123,,2021-01-30 18:40:00
2868,ISP BLOOMINGTON 33,BLOOMINGTON,2,,0.0,0,0,,,,I-69 S,W TAPP RD,,1056.0,S,39.14430717,-86.57321819,INTERSTATE,,URBAN,N,N,N,,DARK (LIGHTED),BLOWING SAND/SOIL/SNOW,SNOW/SLUSH,,NO JUNCTION INVOLVED,,ASPHALT,SPEED TOO FAST FOR WEATHER CONDITIONS,RIGHT ANGLE,SOakdaleDrI-69,,2021-01-30 19:00:00
2869,ISP BLOOMINGTON 33,BLOOMINGTON,1,,0.0,0,0,,,,I-69 N,,,0.0,S,39.07093671,-86.6191421,INTERSTATE,,RURAL,N,N,N,,DARK (NOT LIGHTED),SNOW,SNOW/SLUSH,,NO JUNCTION INVOLVED,,ASPHALT,SPEED TOO FAST FOR WEATHER CONDITIONS,RAN OFF ROAD,I-69109.5,,2021-01-30 19:30:00
2870,BLOOMINGTON PD,BLOOMINGTON,1,0.0,0.0,0,0,,,,I-69 N,W 3RD ST,,300.0,S,39.00331304,-87.05465397,INTERSTATE,N,URBAN,N,N,N,,DARK (NOT LIGHTED),SLEET/HAIL/FREEZING RAIN,SNOW/SLUSH,,NO JUNCTION INVOLVED,STRAIGHT/GRADE,ASPHALT,SPEED TOO FAST FOR WEATHER CONDITIONS,OTHER - EXPLAIN IN NARRATIVE,I69NW3RDST,NONE,2021-01-30 21:53:00
2871,MONROE SD,BLOOMINGTON,1,0.0,0.0,0,0,,,,S BURCH RD,,,500.0,S,39.07818381,-86.66643997,COUNTY ROAD,N,RURAL,N,N,N,,DARK (NOT LIGHTED),BLOWING SAND/SOIL/SNOW,SNOW/SLUSH,,NO JUNCTION INVOLVED,CURVE/GRADE,ASPHALT,RAN OFF ROAD RIGHT,RAN OFF ROAD,BURCHRDEVANSRD,NONE,2021-01-30 23:34:00
2872,ISP BLOOMINGTON 33,BLOOMINGTON,1,,0.0,0,0,,,,I-69 S,,,0.0,S,39.18093603,-86.55754801,INTERSTATE,,URBAN,N,N,N,,DARK (LIGHTED),SLEET/HAIL/FREEZING RAIN,SNOW/SLUSH,,NO JUNCTION INVOLVED,,ASPHALT,,,I-69119.8,,2021-01-30 23:41:00
2873,BLOOMINGTON PD,BLOOMINGTON,1,0.0,0.0,0,0,,,,E MOORES PIKE,S WINFIELD RD,,,,39.150496,-86.501088,LOCAL/CITY ROAD,N,URBAN,N,N,N,,DAYLIGHT,CLEAR,LOOSE MATERIAL ON ROAD,,TRAFFIC CIRCLE/ROUNDABOUT,CURVE/LEVEL,ASPHALT,ROADWAY SURFACE CONDITION,RAN OFF ROAD,MOORESPIKEWINFIELDRD,ROUNDABOUT INTERSECTION,2021-01-29 08:35:00