_id,Agency,City,Vehicles Involved,Trailers Involved,Number Injured,Number Dead,Number Deer,House Number,Roadway Interchange,Roadway Ramp,Roadway Id,Intersecting Road,Interchange,Feet From,Direction,Latitude,Longitude,Roadway Class,Hit and Run?,Locality,School Zone?,Rumble Strips?,Construction?,Construction Type,Light Condition,Weather Conditions,Surface Condition,Type of Median,Roadway Junction Type,Road Character,Roadway Surface,Primary Factor,Manner of Collision,Unique Location Id,Traffic Control,DateTime
2874,MONROE SD,BLOOMINGTON,2,0.0,0.0,0,0,,,,E NORTHSHORE DR,,,500.0,W,0.0,0.0,COUNTY ROAD,N,URBAN,N,N,N,,DAYLIGHT,CLEAR,ICE,,NO JUNCTION INVOLVED,STRAIGHT/GRADE,ASPHALT,ROADWAY SURFACE CONDITION,HEAD ON BETWEEN TWO MOTOR VEHICLES,DERRETTRDENORTHSHOREDR,NONE,2021-01-29 11:24:00
2875,INDIANA UNIV BLOOMINGTON PD,BLOOMINGTON,3,0.0,1.0,0,0,,,,SR 45/46,E 10TH ST,,604.0,N,0.0,0.0,STATE ROAD,N,URBAN,N,N,N,,DAYLIGHT,CLEAR,DRY,,NO JUNCTION INVOLVED,STRAIGHT/LEVEL,ASPHALT,FOLLOWING TOO CLOSELY,REAR END,SR46UNIONVILLERD,NONE,2021-01-29 16:35:00
2876,MONROE SD,BLOOMINGTON,1,0.0,1.0,0,0,,,,W EVANS RD,,,600.0,W,39.075648,-86.6276,COUNTY ROAD,N,RURAL,N,N,N,,DARK (NOT LIGHTED),CLOUDY,DRY,,T-INTERSECTION,STRAIGHT/HILLCREST,ASPHALT,RAN OFF ROAD RIGHT,RAN OFF ROAD,SHARMONYRDWEVANSRD,NONE,2021-01-29 19:18:00
2877,MONROE SD,BLOOMINGTON,2,1.0,0.0,0,0,,,,W KOONTZ RD,,,500.0,E,39.07921869,-86.61803045,COUNTY ROAD,N,RURAL,N,N,N,,DARK (NOT LIGHTED),CLEAR,WET,,NO JUNCTION INVOLVED,STRAIGHT/GRADE,ASPHALT,UNSAFE BACKING,BACKING CRASH,DUVALLRDKOONTZRD,NONE,2021-01-29 19:59:00
2878,BLOOMINGTON PD,BLOOMINGTON,2,0.0,1.0,0,0,,,,S WALNUT ST,W GRIMES LN,,,,39.15344,-86.5336,LOCAL/CITY ROAD,N,URBAN,N,N,N,,DARK (NOT LIGHTED),CLEAR,DRY,,FOUR-WAY INTERSECTION,STRAIGHT/GRADE,ASPHALT,UNSAFE SPEED,REAR END,EGRIMESLNSWALNUTST,TRAFFIC CONTROL SIGNAL,2021-01-29 21:30:00
2879,ISP BLOOMINGTON 33,BLOOMINGTON,1,,0.0,0,0,,,,I-69 S,,,158.0,N,39.25421339,-86.52772733,INTERSTATE,,RURAL,N,N,N,,DARK (NOT LIGHTED),SNOW,SNOW/SLUSH,,NO JUNCTION INVOLVED,,ASPHALT,,,StoneBeltDrI-69,,2021-01-28 00:10:00
2880,MONROE SD,ELLETTSVILLE,1,0.0,0.0,0,0,,,,N MOUNT TABOR RD,,,200.0,S,39.25772238,-86.623632,COUNTY ROAD,N,RURAL,N,N,N,,DAYLIGHT,CLEAR,LOOSE MATERIAL ON ROAD,,NO JUNCTION INVOLVED,CURVE/GRADE,ASPHALT,RAN OFF ROAD RIGHT,RAN OFF ROAD,NMOUNTTABORRDNOLDDUTCHCHURCHRD,LANE CONTROL,2021-01-28 12:11:00
2881,BLOOMINGTON PD,BLOOMINGTON,2,0.0,0.0,0,0,,,,S SARE RD,E RHORER RD,,,,39.12150318,-86.50199147,LOCAL/CITY ROAD,N,URBAN,N,N,N,,DAYLIGHT,CLEAR,WET,,T-INTERSECTION,STRAIGHT/LEVEL,ASPHALT,OTHER (DRIVER) - EXPLAIN IN NARRATIVE,REAR END,ERHORERRDSSARERD,STOP SIGN,2021-01-28 12:51:00
2882,BLOOMINGTON PD,BLOOMINGTON,2,0.0,0.0,0,0,,,,E ATWATER AVE,S EASTSIDE DR,,,,39.163058,-86.513213,LOCAL/CITY ROAD,N,URBAN,N,N,N,,DAYLIGHT,CLEAR,DRY,,FOUR-WAY INTERSECTION,STRAIGHT/LEVEL,ASPHALT,DISREGARD SIGNAL/REG SIGN,RIGHT ANGLE,EASTATWATERAVESOUTHEASTSIDEDR,STOP SIGN,2021-01-28 16:16:00
2883,ELLETTSVILLE PD,ELLETTSVILLE,3,0.0,1.0,0,0,,,,S 1ST ST,E RITTER ST,,,,39.229424,-86.623584,LOCAL/CITY ROAD,Y,URBAN,N,N,N,,DARK (LIGHTED),CLEAR,LOOSE MATERIAL ON ROAD,,FOUR-WAY INTERSECTION,STRAIGHT/HILLCREST,ASPHALT,DISREGARD SIGNAL/REG SIGN,RIGHT ANGLE,ERITTERSTSFIRSTST,STOP SIGN,2021-01-27 06:37:00
2884,BLOOMINGTON PD,BLOOMINGTON,2,0.0,0.0,0,0,,,,S ROGERS ST,S ROCKPORT RD,,,,39.146065,-86.538883,LOCAL/CITY ROAD,N,URBAN,N,N,N,,DAYLIGHT,CLOUDY,DRY,,FOUR-WAY INTERSECTION,STRAIGHT/LEVEL,ASPHALT,FOLLOWING TOO CLOSELY,REAR END,SROCKPORTRDSROGERSST,TRAFFIC CONTROL SIGNAL,2021-01-27 08:28:00
2885,BLOOMINGTON PD,BLOOMINGTON,1,0.0,1.0,0,0,,,,SR 45/46,N KINSER PIKE,,,,39.186544,-86.537888,INTERSTATE,N,URBAN,N,N,N,,DAYLIGHT,CLOUDY,DRY,,FOUR-WAY INTERSECTION,STRAIGHT/LEVEL,ASPHALT,OVERCORRECTING/OVERSTEERING,RAN OFF ROAD,I46WNKINSERPIKE,TRAFFIC CONTROL SIGNAL,2021-01-27 11:40:00
2886,MONROE SD,ELLETTSVILLE,1,0.0,0.0,0,0,,,,N MT TABOR RD,N JENNER DR,,,,0.0,0.0,LOCAL/CITY ROAD,N,RURAL,N,N,N,,DAYLIGHT,BLOWING SAND/SOIL/SNOW,SNOW/SLUSH,,NO JUNCTION INVOLVED,CURVE/GRADE,ASPHALT,ROADWAY SURFACE CONDITION,RAN OFF ROAD,NJENNERDRNMTTABORRD,NONE,2021-01-27 15:44:00
2887,MONROE SD,BLOOMINGTON,1,0.0,0.0,0,0,,,,S GARRISON CHAPEL RD,,,500.0,S,39.12104273,-86.64297135,COUNTY ROAD,N,RURAL,N,N,N,,DAYLIGHT,SNOW,SNOW/SLUSH,,NO JUNCTION INVOLVED,CURVE/GRADE,ASPHALT,SPEED TOO FAST FOR WEATHER CONDITIONS,RAN OFF ROAD,ELLERRDGARRISONCHAPELRD,NONE,2021-01-27 15:57:00
2888,ISP BLOOMINGTON 33,BLOOMINGTON,1,,0.0,0,0,,,,I-69 S,,,0.0,S,39.07318419,-86.63758045,INTERSTATE,,RURAL,N,N,N,,DAYLIGHT,SNOW,SNOW/SLUSH,,NO JUNCTION INVOLVED,,CONCRETE,SPEED TOO FAST FOR WEATHER CONDITIONS,RAN OFF ROAD,I-69108.5,,2021-01-27 16:00:00
2889,MONROE SD,BLOOMINGTON,3,0.0,0.0,0,0,,,,N SMITH PIKE,W MERRY WAY,,,,39.205248,-86.5832,COUNTY ROAD,N,RURAL,N,N,N,,DAYLIGHT,SNOW,SNOW/SLUSH,,T-INTERSECTION,STRAIGHT/LEVEL,ASPHALT,FOLLOWING TOO CLOSELY,REAR END,NSMITHPIKEWMERRYWAYLN,NONE,2021-01-27 16:08:00
2890,INDIANA UNIV BLOOMINGTON PD,BLOOMINGTON,3,0.0,1.0,0,0,,,,SR 45/46,E 17TH ST,,,,39.1797431,-86.5073177,STATE ROAD,N,URBAN,N,N,N,,DAYLIGHT,CLEAR,SNOW/SLUSH,,T-INTERSECTION,STRAIGHT/LEVEL,ASPHALT,SPEED TOO FAST FOR WEATHER CONDITIONS,SAME DIRECTION SIDESWIPE,EAST17THSTSR46,TRAFFIC CONTROL SIGNAL,2021-01-27 16:10:00
2891,INDIANA UNIV BLOOMINGTON PD,BLOOMINGTON,2,0.0,0.0,0,0,,,,SR 45/46,E 17TH ST,,,,39.1797431,-86.5073177,STATE ROAD,N,URBAN,N,N,N,,DAYLIGHT,SNOW,SNOW/SLUSH,,T-INTERSECTION,STRAIGHT/LEVEL,ASPHALT,SPEED TOO FAST FOR WEATHER CONDITIONS,REAR END,EAST17THSTSR46,TRAFFIC CONTROL SIGNAL,2021-01-27 16:11:00
2892,MONROE SD,BLOOMINGTON,1,0.0,0.0,0,0,5920,,,N UNION VALLEY RD,W MCNEELY ST,,250.0,S,39.21100869,-86.592763,LOCAL/CITY ROAD,N,RURAL,N,N,N,,DAYLIGHT,SNOW,SNOW/SLUSH,,NO JUNCTION INVOLVED,STRAIGHT/GRADE,CONCRETE,RAN OFF ROAD RIGHT,RAN OFF ROAD,NUNIONVALLEYRDWMCNEELYST,NONE,2021-01-27 16:13:00
2893,ISP BLOOMINGTON 33,BLOOMINGTON,1,,0.0,0,0,,,,I-69 N,,,0.0,S,39.07350351,-86.65593912,INTERSTATE,,RURAL,N,N,N,,DAYLIGHT,SNOW,SNOW/SLUSH,,NO JUNCTION INVOLVED,,CONCRETE,SPEED TOO FAST FOR WEATHER CONDITIONS,RAN OFF ROAD,I-69107.5,,2021-01-27 16:15:00
2894,ISP BLOOMINGTON 33,BLOOMINGTON,1,,0.0,0,0,8515,,,I-69 S,,,950.0,N,39.2864251,-86.52035158,INTERSTATE,,RURAL,N,N,N,,DAYLIGHT,SNOW,SNOW/SLUSH,,NO JUNCTION INVOLVED,,ASPHALT,SPEED TOO FAST FOR WEATHER CONDITIONS,RAN OFF ROAD,I-69127.5,,2021-01-27 16:25:00
2895,ISP BLOOMINGTON 33,BLOOMINGTON,1,,0.0,0,0,,,,S LORI LN,SR 46,,15.0,S,39.16626727,-86.46611399,STATE ROAD,,RURAL,N,N,N,,DAYLIGHT,SNOW,SNOW/SLUSH,,T-INTERSECTION,,CONCRETE,SPEED TOO FAST FOR WEATHER CONDITIONS,RAN OFF ROAD,StateRd46LoriLn,,2021-01-27 16:48:00
2896,ISP BLOOMINGTON 33,BLOOMINGTON,2,,0.0,0,0,,,,I-69 S,,,3010.0,N,39.31953399,-86.51185086,INTERSTATE,,RURAL,N,N,N,,DAYLIGHT,BLOWING SAND/SOIL/SNOW,SNOW/SLUSH,,NO JUNCTION INVOLVED,,CONCRETE,SPEED TOO FAST FOR WEATHER CONDITIONS,RIGHT ANGLE,WBurmaRdI-69,,2021-01-27 17:00:00
2897,MONROE SD,BLOOMINGTON,1,0.0,0.0,0,0,,,,S VALLEY MISSION RD,,,1000.0,N,39.005008,-86.5,COUNTY ROAD,N,RURAL,N,N,N,,DAYLIGHT,SNOW,SNOW/SLUSH,,NO JUNCTION INVOLVED,CURVE/GRADE,ASPHALT,ROADWAY SURFACE CONDITION,RAN OFF ROAD,SVALLEYMISSIONROADRDSVALLEYMISSIONLANELN,NONE,2021-01-27 17:02:00
2898,DNR LAW ENFORCEMENT,BLOOMINGTON,1,0.0,0.0,0,0,,,,SR 446,,,500.0,N,39.09345783,-86.42318259,STATE ROAD,N,RURAL,N,N,N,,DAYLIGHT,SLEET/HAIL/FREEZING RAIN,ICE,,NO JUNCTION INVOLVED,CURVE/GRADE,ASPHALT,RAN OFF ROAD RIGHT,RAN OFF ROAD,PAYNETOWNRDSR446S,NONE,2021-01-27 17:03:00
2899,BLOOMINGTON PD,BLOOMINGTON,2,0.0,0.0,0,0,,,,I-69 N,W BLOOMFIELD RD,,4500.0,S,0.0,0.0,INTERSTATE,N,URBAN,N,Y,N,,DARK (LIGHTED),SNOW,SNOW/SLUSH,,NO JUNCTION INVOLVED,STRAIGHT/LEVEL,ASPHALT,OTHER (ENVIRONMENTAL) - EXPLAIN IN NARR,HEAD ON BETWEEN TWO MOTOR VEHICLES,I69NWBLOOMFIELDRD,NONE,2021-01-27 17:17:00
2900,MONROE SD,BLOOMINGTON,1,0.0,0.0,0,0,,,,S FAIRFAX RD,S STRAIN RIDGE RD,,,,39.07434,-86.505806,COUNTY ROAD,Y,URBAN,N,N,N,,DAYLIGHT,SNOW,SNOW/SLUSH,,NO JUNCTION INVOLVED,STRAIGHT/LEVEL,ASPHALT,ROADWAY SURFACE CONDITION,OTHER - EXPLAIN IN NARRATIVE,FAIRFAXRDSTRAINRIDGERD,STOP SIGN,2021-01-27 17:21:00
2901,MONROE SD,BLOOMINGTON,2,0.0,0.0,0,0,,,,W WOODYARD RD,,,1000.0,W,39.193872,-86.590784,COUNTY ROAD,N,RURAL,N,N,N,,DAYLIGHT,SNOW,SNOW/SLUSH,,T-INTERSECTION,CURVE/HILLCREST,ASPHALT,SPEED TOO FAST FOR WEATHER CONDITIONS,OPPOSITE DIRECTION SIDESWIPE,NLOESCHRDWWOODYARDRD,NONE,2021-01-27 17:22:00
2902,MONROE SD,BLOOMINGTON,1,0.0,0.0,0,0,,,,S ROCKPORT RD,,,855.0,S,39.03784232,-86.5566669,LOCAL/CITY ROAD,Y,RURAL,N,N,N,,DAYLIGHT,SNOW,SNOW/SLUSH,,NO JUNCTION INVOLVED,STRAIGHT/GRADE,CONCRETE,RAN OFF ROAD RIGHT,RAN OFF ROAD,SROCKPORTRDWHENNESSEYST,NONE,2021-01-27 17:32:00
2903,INDIANA UNIV BLOOMINGTON PD,BLOOMINGTON,2,0.0,1.0,0,0,,,,N PETE ELLIS DR,SR 45,,,,0.0,0.0,LOCAL/CITY ROAD,N,URBAN,N,N,N,,DAWN/DUSK,SNOW,WET,,FOUR-WAY INTERSECTION,STRAIGHT/GRADE,ASPHALT,SPEED TOO FAST FOR WEATHER CONDITIONS,REAR END,PETEELLISDRSR45,TRAFFIC CONTROL SIGNAL,2021-01-27 17:41:00
2904,MONROE SD,BLOOMINGTON,2,0.0,0.0,0,0,,,,S HARMONY RD,W MAY RD,,100.0,S,39.093744,-86.638304,LOCAL/CITY ROAD,N,RURAL,N,N,N,,DAWN/DUSK,BLOWING SAND/SOIL/SNOW,SNOW/SLUSH,,T-INTERSECTION,STRAIGHT/GRADE,ASPHALT,ROADWAY SURFACE CONDITION,OPPOSITE DIRECTION SIDESWIPE,SHARMONYRDWMAYRD,NONE,2021-01-27 17:42:00
2905,BLOOMINGTON PD,BLOOMINGTON,1,0.0,0.0,0,0,,,,SR 45,N CURRY PIKE,,,,0.0,0.0,LOCAL/CITY ROAD,N,URBAN,N,N,N,,DARK (LIGHTED),SNOW,SNOW/SLUSH,,FOUR-WAY INTERSECTION,STRAIGHT/GRADE,ASPHALT,SPEED TOO FAST FOR WEATHER CONDITIONS,COLLISION WITH OBJECT IN ROAD,BLOOMFIELDRDNCURRYPIKE,TRAFFIC CONTROL SIGNAL,2021-01-27 18:40:00
2906,MONROE SD,BLOOMINGTON,1,0.0,0.0,0,0,,,,W WOODYARD RD,,,500.0,N,39.19451413,-86.592344,COUNTY ROAD,N,RURAL,N,N,N,,DARK (NOT LIGHTED),SNOW,SNOW/SLUSH,,NO JUNCTION INVOLVED,STRAIGHT/LEVEL,ASPHALT,RAN OFF ROAD RIGHT,RAN OFF ROAD,LOESCHRDWOODYARDRD,NONE,2021-01-27 19:00:00
2907,ISP BLOOMINGTON 33,BLOOMINGTON,1,,1.0,0,0,,,,SR 45/46,I-69 (W ARLINGTON RD OVERPASS),,53.0,W,39.18708675,-86.55149292,STATE ROAD,,URBAN,N,N,N,,DARK (LIGHTED),SNOW,SNOW/SLUSH,,INTERCHANGE,,ASPHALT,IMPROPER LANE USAGE,OTHER - EXPLAIN IN NARRATIVE,WArlingtonRdWArlingtonRd,,2021-01-27 19:52:00
2908,ISP INDIANAPOLIS 52,BLOOMINGTON,1,,0.0,0,0,,,,I-69 N,,,739.0,W,39.14593455,-86.57320923,INTERSTATE,,RURAL,N,N,N,,DARK (LIGHTED),SNOW,SNOW/SLUSH,,NO JUNCTION INVOLVED,,ASPHALT,SPEED TOO FAST FOR WEATHER CONDITIONS,OTHER - EXPLAIN IN NARRATIVE,SpruceDrI-69,,2021-01-27 20:30:00
2909,ISP BLOOMINGTON 33,BLOOMINGTON,2,,0.0,0,0,,,,SR 37,S VICTOR PIKE,,0.0,N,39.105504,-86.551442,STATE ROAD,,RURAL,N,N,N,,DARK (LIGHTED),SNOW,SNOW/SLUSH,,FOUR-WAY INTERSECTION,,ASPHALT,DISREGARD SIGNAL/REG SIGN,RIGHT ANGLE,VICTORPIKESR37,,2021-01-27 21:20:00
2910,MONROE SD,BLOOMINGTON,1,0.0,0.0,0,0,,,,S LIBERTY DR,,,2918.0,S,38.85604374,-86.579131,LOCAL/CITY ROAD,N,URBAN,N,N,N,,DARK (LIGHTED),CLEAR,WET,,NO JUNCTION INVOLVED,CURVE/LEVEL,ASPHALT,DRIVER ASLEEP OR FATIGUED,RAN OFF ROAD,LIBERTYDRTHIRDST,NONE,2021-01-26 03:00:00
2911,MONROE SD,ELLETTSVILLE,2,0.0,0.0,0,0,,,,SR 46,,,500.0,E,39.20926189,-86.58184724,STATE ROAD,N,URBAN,N,N,N,,DAYLIGHT,CLOUDY,WET,,FOUR-WAY INTERSECTION,STRAIGHT/GRADE,ASPHALT,UNSAFE LANE MOVEMENT,SAME DIRECTION SIDESWIPE,NSMITHPIKESR46W,NONE,2021-01-26 10:51:00
2912,BLOOMINGTON PD,BLOOMINGTON,2,0.0,1.0,0,0,,,,S COLLEGE AVE,W 1ST ST,,200.0,N,39.18052206,-86.534971,LOCAL/CITY ROAD,N,URBAN,N,N,N,,DAYLIGHT,CLOUDY,WET,,NO JUNCTION INVOLVED,STRAIGHT/GRADE,ASPHALT,FOLLOWING TOO CLOSELY,REAR END,COLLEGEAVEFIRSTST,LANE CONTROL,2021-01-26 10:53:00
2913,BLOOMINGTON PD,BLOOMINGTON,2,0.0,0.0,0,0,,,,W KIRKWOOD AVE,S MADISON ST,,,,39.166656,-86.537296,LOCAL/CITY ROAD,N,URBAN,N,N,N,,DAYLIGHT,CLOUDY,DRY,,NO JUNCTION INVOLVED,STRAIGHT/LEVEL,ASPHALT,FAILURE TO YIELD RIGHT OF WAY,RIGHT ANGLE,SMADISONSTWKIRKWOODAVE,NONE,2021-01-26 16:30:00
2914,MONROE SD,ELLETTSVILLE,1,0.0,0.0,0,0,,,,SR 46,,,1700.0,W,39.193635,-86.57122682,STATE ROAD,N,RURAL,N,N,N,,DAYLIGHT,BLOWING SAND/SOIL/SNOW,SNOW/SLUSH,,NO JUNCTION INVOLVED,STRAIGHT/LEVEL,ASPHALT,ROADWAY SURFACE CONDITION,RAN OFF ROAD,NCURRYPIKESR46W,NONE,2021-01-26 17:20:00
2915,BLOOMINGTON PD,BLOOMINGTON,1,0.0,0.0,0,0,215,,,E BURKS DR,S KENNEDY DR,,,,39.12610516,-86.52824415,LOCAL/CITY ROAD,Y,URBAN,N,N,N,,DAYLIGHT,CLEAR,DRY,,NO JUNCTION INVOLVED,STRAIGHT/LEVEL,ASPHALT,OTHER (DRIVER) - EXPLAIN IN NARRATIVE,RAN OFF ROAD,EBURKSDRIVE,STOP SIGN,2021-01-26 17:35:00
2916,BLOOMINGTON PD,BLOOMINGTON,1,0.0,1.0,0,0,,,,N MONROE ST,W 10TH ST,,,,39.171552,-86.547104,LOCAL/CITY ROAD,N,URBAN,N,N,N,,DARK (LIGHTED),CLEAR,WET,,T-INTERSECTION,STRAIGHT/LEVEL,CONCRETE,UNSAFE SPEED,RAN OFF ROAD,NMONROESTW10THST,STOP SIGN,2021-01-26 20:44:00
2917,BLOOMINGTON PD,BLOOMINGTON,2,0.0,3.0,0,0,,,,N WALNUT ST,E 14TH ST,,,,39.175952,-86.53344,LOCAL/CITY ROAD,N,URBAN,N,N,N,,DARK (LIGHTED),CLEAR,DRY,,FOUR-WAY INTERSECTION,STRAIGHT/GRADE,ASPHALT,FAILURE TO YIELD RIGHT OF WAY,RIGHT ANGLE,14THSTWALNUTST,STOP SIGN,2021-01-26 21:15:00
2918,BLOOMINGTON PD,BLOOMINGTON,2,0.0,3.0,0,0,,,,W 17TH ST,N MADISON ST,,,,39.178992,-86.537792,LOCAL/CITY ROAD,N,URBAN,N,N,N,,DARK (LIGHTED),CLOUDY,DRY,,FOUR-WAY INTERSECTION,STRAIGHT/GRADE,ASPHALT,FAILURE TO YIELD RIGHT OF WAY,RIGHT ANGLE,NMADISONSTW17THST,TRAFFIC CONTROL SIGNAL,2021-01-26 21:38:00
2919,BLOOMINGTON PD,BLOOMINGTON,2,0.0,0.0,0,0,,,,S HIGH ST,E ATWATER AVE,,50.0,N,39.16304,-86.508288,LOCAL/CITY ROAD,N,URBAN,Y,N,N,,DAYLIGHT,RAIN,WET,,NO JUNCTION INVOLVED,STRAIGHT/LEVEL,ASPHALT,FAILURE TO YIELD RIGHT OF WAY,LEFT TURN,EATWATERDRSHIGHST,NONE,2021-01-25 08:00:00
2920,INDIANA UNIV BLOOMINGTON PD,BLOOMINGTON,2,0.0,0.0,0,0,,,,N FORREST AVE,,,,,39.1589245,-86.522627,LOCAL/CITY ROAD,N,URBAN,N,N,N,,DAYLIGHT,SLEET/HAIL/FREEZING RAIN,SNOW/SLUSH,,NO JUNCTION INVOLVED,STRAIGHT/LEVEL,ASPHALT,UNSAFE BACKING,BACKING CRASH,FORRESTAVEWOODLAWNAVE,NONE,2021-01-25 10:55:00
2921,BLOOMINGTON PD,BLOOMINGTON,2,0.0,0.0,0,0,,,,W 2ND ST,B-LINE TRAIL / S MORTON ST,,,,39.161378,-86.536299,LOCAL/CITY ROAD,N,URBAN,N,N,N,,DAYLIGHT,RAIN,WET,,FOUR-WAY INTERSECTION,STRAIGHT/LEVEL,ASPHALT,FOLLOWING TOO CLOSELY,REAR END,2NDSTMORTONST,LANE CONTROL,2021-01-25 11:01:00
2922,BLOOMINGTON PD,BLOOMINGTON,2,0.0,0.0,0,0,,,,N COLLEGE AVE,W 11TH ST,,,,39.173274,-86.534807,LOCAL/CITY ROAD,N,URBAN,N,N,N,,DAYLIGHT,RAIN,ICE,,FOUR-WAY INTERSECTION,STRAIGHT/HILLCREST,ASPHALT,SPEED TOO FAST FOR WEATHER CONDITIONS,REAR END,NCOLLEGEAVEW11ST,TRAFFIC CONTROL SIGNAL,2021-01-25 11:12:00
2923,MONROE SD,BLOOMINGTON,1,0.0,0.0,0,0,,,,S CURRY PIKE,W WOODLYN DR,,600.0,S,39.14579205,-86.582592,LOCAL/CITY ROAD,N,URBAN,N,N,N,,DARK (LIGHTED),CLEAR,WET,,NO JUNCTION INVOLVED,STRAIGHT/LEVEL,ASPHALT,OTHER (DRIVER) - EXPLAIN IN NARRATIVE,RAN OFF ROAD,CURRYPIKEROLLAVE,NONE,2021-01-25 11:41:00
2924,BLOOMINGTON PD,BLOOMINGTON,2,0.0,0.0,0,0,,,,S MULLER PKWY,W 3RD ST,,,,39.164469,-86.562709,LOCAL/CITY ROAD,N,URBAN,N,N,N,,DAYLIGHT,RAIN,WET,,T-INTERSECTION,STRAIGHT/LEVEL,ASPHALT,UNSAFE LANE MOVEMENT,REAR END,SMULLERPARKW3RDST,STOP SIGN,2021-01-25 14:24:00
2925,INDIANA UNIV BLOOMINGTON PD,BLOOMINGTON,2,0.0,0.0,0,0,,,,SR 46,SR 45,,,,0.0,0.0,STATE ROAD,N,URBAN,N,N,N,,DAYLIGHT,SLEET/HAIL/FREEZING RAIN,WET,,FOUR-WAY INTERSECTION,STRAIGHT/LEVEL,ASPHALT,FOLLOWING TOO CLOSELY,REAR END,SR45SR46,TRAFFIC CONTROL SIGNAL,2021-01-25 14:41:00
2926,BLOOMINGTON PD,BLOOMINGTON,2,0.0,0.0,0,0,,,,W BLOOMFIELD RD,S CORY LN,,,,39.157044,-86.559787,LOCAL/CITY ROAD,Y,URBAN,N,N,N,,DAYLIGHT,CLOUDY,WET,,NO JUNCTION INVOLVED,STRAIGHT/LEVEL,ASPHALT,UNSAFE BACKING,BACKING CRASH,BLOOMFIELDSTCORYLN,NONE,2021-01-25 15:58:00
2927,BLOOMINGTON PD,BLOOMINGTON,1,0.0,1.0,0,0,,,,W ALLEN ST,S PATTERSON DR,,,,39.155641,-86.543337,LOCAL/CITY ROAD,N,URBAN,N,N,N,,DAYLIGHT,RAIN,WET,,NO JUNCTION INVOLVED,STRAIGHT/LEVEL,ASPHALT,SPEED TOO FAST FOR WEATHER CONDITIONS,RAN OFF ROAD,SPATTERSONDRWALLENST,TRAFFIC CONTROL SIGNAL,2021-01-25 16:04:00
2928,MONROE SD,BLOOMINGTON,1,0.0,1.0,0,0,,,,W OLD SR 37,,,1700.0,N,39.43152404,-86.501088,LOCAL/CITY ROAD,N,RURAL,N,N,N,,DARK (NOT LIGHTED),CLEAR,DRY,,NO JUNCTION INVOLVED,CURVE/GRADE,ASPHALT,OTHER (DRIVER) - EXPLAIN IN NARRATIVE,RAN OFF ROAD,OLDSTATERD37RDWYLIERD,NONE,2021-01-24 07:43:00
2929,ISP BLOOMINGTON 33,BLOOMINGTON,1,,0.0,0,0,,,,I-69 S,,,581.0,E,39.29572549,-86.51866129,INTERSTATE,,RURAL,N,N,N,,DAYLIGHT,RAIN,WET,,NO JUNCTION INVOLVED,,ASPHALT,,RAN OFF ROAD,NCrossoverRdI-69,,2021-01-24 08:19:00
2930,ISP BLOOMINGTON 33,BLOOMINGTON,1,,0.0,0,0,,,,I-69 S,,,422.0,S,39.22216652,-86.54949991,INTERSTATE,,RURAL,N,N,N,,DAYLIGHT,RAIN,WET,,NO JUNCTION INVOLVED,,ASPHALT,,RAN OFF ROAD,OldKinserPikeI-69,,2021-01-24 08:25:00
2931,ISP BLOOMINGTON 33,BLOOMINGTON,1,,0.0,0,0,,,,I-69 N,,,0.0,S,39.07161608,-86.62468729,INTERSTATE,,RURAL,N,N,N,,DAYLIGHT,SLEET/HAIL/FREEZING RAIN,SNOW/SLUSH,,NO JUNCTION INVOLVED,,CONCRETE,SPEED TOO FAST FOR WEATHER CONDITIONS,RAN OFF ROAD,I-69109.2,,2021-01-24 09:50:00
2932,MONROE SD,BLOOMINGTON,1,0.0,0.0,0,0,9486,,,E SOUTHSHORE DR,N RICHARDSON RD,,,,0.0,0.0,COUNTY ROAD,Y,RURAL,N,N,N,,DAYLIGHT,CLOUDY,SNOW/SLUSH,,NO JUNCTION INVOLVED,CURVE/LEVEL,CONCRETE,SPEED TOO FAST FOR WEATHER CONDITIONS,RAN OFF ROAD,ESOUTHSHOREDR,NONE,2021-01-24 10:30:00
2933,MONROE SD,BLOOMINGTON,1,0.0,0.0,0,0,,,,SR 46,,,1584.0,W,39.193635,-86.57123687,STATE ROAD,N,RURAL,N,Y,N,,DAYLIGHT,SLEET/HAIL/FREEZING RAIN,ICE,,NO JUNCTION INVOLVED,STRAIGHT/GRADE,ASPHALT,ROADWAY SURFACE CONDITION,RAN OFF ROAD,NCURRYPIKESR46W,NONE,2021-01-24 10:37:00
2934,MONROE SD,BLOOMINGTON,1,0.0,0.0,0,0,,,,SR 45,N RUSSELL RD (N),,,,39.200352,-86.468,STATE ROAD,N,URBAN,Y,N,N,,DAYLIGHT,SNOW,SNOW/SLUSH,,NO JUNCTION INVOLVED,CURVE/LEVEL,ASPHALT,RAN OFF ROAD RIGHT,RAN OFF ROAD,NRUSSELLRDSR45E,LANE CONTROL,2021-01-24 10:40:00
2935,BLOOMINGTON PD,BLOOMINGTON,1,0.0,0.0,0,0,528,,,S WALNUT ST,ENTRANCE TO POST OFFICE (N),,,,39.17088686,-86.53353143,LOCAL/CITY ROAD,N,URBAN,N,N,N,,DAYLIGHT,SLEET/HAIL/FREEZING RAIN,SNOW/SLUSH,,NO JUNCTION INVOLVED,STRAIGHT/LEVEL,ASPHALT,IMPROPER LANE USAGE,COLLISION WITH OBJECT IN ROAD,SWALNUTST,STOP SIGN,2021-01-24 10:40:00