_id,Agency,City,Vehicles Involved,Trailers Involved,Number Injured,Number Dead,Number Deer,House Number,Roadway Interchange,Roadway Ramp,Roadway Id,Intersecting Road,Interchange,Feet From,Direction,Latitude,Longitude,Roadway Class,Hit and Run?,Locality,School Zone?,Rumble Strips?,Construction?,Construction Type,Light Condition,Weather Conditions,Surface Condition,Type of Median,Roadway Junction Type,Road Character,Roadway Surface,Primary Factor,Manner of Collision,Unique Location Id,Traffic Control,DateTime
2936,MONROE SD,BLOOMINGTON,2,0.0,0.0,0,0,,,,S SNODDY RD,E ROGERS RD,,,,39.13576,-86.489488,COUNTY ROAD,Y,RURAL,N,N,N,,DAYLIGHT,SLEET/HAIL/FREEZING RAIN,WET,,T-INTERSECTION,STRAIGHT/GRADE,ASPHALT,FAILURE TO YIELD RIGHT OF WAY,HEAD ON BETWEEN TWO MOTOR VEHICLES,EASTROGERSRDSOUTHSNODDYRD,STOP SIGN,2021-01-24 11:54:00
2937,MONROE SD,BLOOMINGTON,1,0.0,1.0,0,0,,,,N MT TABOR RD,,,3000.0,N,39.252336,-86.620512,LOCAL/CITY ROAD,N,RURAL,N,N,N,,DAYLIGHT,CLOUDY,DRY,,NO JUNCTION INVOLVED,STRAIGHT/HILLCREST,ASPHALT,RAN OFF ROAD RIGHT,RAN OFF ROAD,DELAPRDMTTABORRD,LANE CONTROL,2021-01-24 13:07:00
2938,BLOOMINGTON PD,BLOOMINGTON,2,0.0,0.0,0,0,,,,W 3RD ST,S LANDMARK AVE,,,,39.164416,-86.556302,LOCAL/CITY ROAD,N,URBAN,N,N,N,,DAYLIGHT,SLEET/HAIL/FREEZING RAIN,WET,,FOUR-WAY INTERSECTION,STRAIGHT/GRADE,CONCRETE,FOLLOWING TOO CLOSELY,REAR END,SOUTHLANDMARKAVEWEST3RDST,TRAFFIC CONTROL SIGNAL,2021-01-24 14:50:00
2939,BLOOMINGTON PD,BLOOMINGTON,2,0.0,1.0,0,0,,,,W COUNTRY CLUB DR,ENTRANCE TO SOUTHERN HILLS CHURCH OF CHRIST,,300.0,E,39.136448,-86.548704,LOCAL/CITY ROAD,N,URBAN,N,N,N,,DAYLIGHT,CLOUDY,WET,,NO JUNCTION INVOLVED,STRAIGHT/HILLCREST,ASPHALT,FOLLOWING TOO CLOSELY,REAR END,SROCKPORTRDWCOUNTRYCLUBDR,NONE,2021-01-24 16:15:00
2940,BLOOMINGTON PD,BLOOMINGTON,2,0.0,0.0,0,0,505,,,W HOOSIER CT AVE,,,,,39.183867,-86.5394767,LOCAL/CITY ROAD,Y,URBAN,N,N,N,,UNKNOWN,,,,NO JUNCTION INVOLVED,STRAIGHT/GRADE,ASPHALT,UNSAFE BACKING,BACKING CRASH,WHOOSIERCOURTAVE,NONE,2021-01-24 16:30:00
2941,MONROE SD,BLOOMINGTON,1,0.0,1.0,0,0,,,,S OLD SR 37,,,200.0,N,39.00056,-86.544848,COUNTY ROAD,N,RURAL,N,N,N,,DARK (NOT LIGHTED),CLOUDY,WET,,T-INTERSECTION,CURVE/GRADE,ASPHALT,RAN OFF ROAD RIGHT,RAN OFF ROAD,HARRODSBURGRDOLDSTATEROAD37RD,NONE,2021-01-24 18:44:00
2942,BLOOMINGTON PD,BLOOMINGTON,2,0.0,0.0,0,0,,,,SR 45/46,N WALNUT ST,,,,39.186368,-86.5344,STATE ROAD,Y,URBAN,N,N,N,,DARK (LIGHTED),CLEAR,WET,,FOUR-WAY INTERSECTION,STRAIGHT/LEVEL,ASPHALT,FAILURE TO YIELD RIGHT OF WAY,LEFT/RIGHT TURN,NWALNUTSTSR46E,TRAFFIC CONTROL SIGNAL,2021-01-24 21:08:00
2943,BLOOMINGTON PD,BLOOMINGTON,2,0.0,0.0,0,0,,,,E 12TH ST,N WALNUT ST,,,,39.174358,-86.533551,LOCAL/CITY ROAD,N,URBAN,N,N,N,,DARK (LIGHTED),CLEAR,DRY,,NO JUNCTION INVOLVED,STRAIGHT/GRADE,ASPHALT,OTHER (DRIVER) - EXPLAIN IN NARRATIVE,SAME DIRECTION SIDESWIPE,TWELVETHSTWALNUTST,NONE,2021-01-23 00:18:00
2944,BLOOMINGTON PD,BLOOMINGTON,2,0.0,1.0,0,0,,,,W 2ND ST,B-LINE TRAIL,,50.0,E,39.161472,-86.53624,LOCAL/CITY ROAD,Y,URBAN,N,N,N,,DAYLIGHT,CLEAR,DRY,,T-INTERSECTION,STRAIGHT/GRADE,ASPHALT,FOLLOWING TOO CLOSELY,REAR END,SMORTONSTW2NDST,NONE,2021-01-23 13:58:00
2945,BLOOMINGTON PD,BLOOMINGTON,2,0.0,0.0,0,0,,,,N COLLEGE AVE,W 10TH ST,,,,39.171744,-86.534768,LOCAL/CITY ROAD,N,URBAN,N,N,N,,DARK (LIGHTED),CLEAR,DRY,,FOUR-WAY INTERSECTION,STRAIGHT/GRADE,ASPHALT,IMPROPER TURNING,RIGHT ANGLE,10THSTCOLLEGEAVE,TRAFFIC CONTROL SIGNAL,2021-01-23 23:47:00
2946,BLOOMINGTON PD,BLOOMINGTON,2,0.0,0.0,0,0,,,,SR 45/46,N KINSER PIKE,,,,39.186544,-86.537888,STATE ROAD,N,URBAN,N,N,N,,DAWN/DUSK,CLEAR,DRY,,FOUR-WAY INTERSECTION,STRAIGHT/LEVEL,ASPHALT,DISREGARD SIGNAL/REG SIGN,LEFT TURN,NKINSERPIKESR4546E,TRAFFIC CONTROL SIGNAL,2021-01-22 07:54:00
2947,BLOOMINGTON PD,BLOOMINGTON,2,0.0,0.0,0,0,,,,N MORTON ST,W 9TH ST,,,,39.170446,-86.536107,LOCAL/CITY ROAD,N,URBAN,N,N,N,,DAYLIGHT,CLEAR,DRY,,T-INTERSECTION,STRAIGHT/GRADE,ASPHALT,FAILURE TO YIELD RIGHT OF WAY,RIGHT ANGLE,9THSTMORTONST,STOP SIGN,2021-01-22 12:05:00
2948,MONROE SD,BLOOMINGTON,2,0.0,0.0,0,0,,,,SR 45,S GARRISON CHAPEL RD,,180.0,W,39.11071464,-86.638799,STATE ROAD,N,RURAL,N,N,Y,WORK ON SHOULDER,DAYLIGHT,CLEAR,DRY,,T-INTERSECTION,CURVE/GRADE,ASPHALT,FAILURE TO YIELD RIGHT OF WAY,RIGHT ANGLE,SGARRISONCHAPELRDSR45W,LANE CONTROL,2021-01-22 12:53:00
2949,BLOOMINGTON PD,BLOOMINGTON,2,0.0,3.0,0,0,,,,SR 45,N JOHN HINKLE PL,,,,39.171504,-86.49296,LOCAL/CITY ROAD,N,URBAN,N,N,N,,DAYLIGHT,CLEAR,DRY,,FOUR-WAY INTERSECTION,STRAIGHT/LEVEL,ASPHALT,FAILURE TO YIELD RIGHT OF WAY,RIGHT ANGLE,E10THSTNJOHNHINKLEPL,STOP SIGN,2021-01-22 14:20:00
2950,BLOOMINGTON PD,BLOOMINGTON,2,0.0,0.0,0,0,,,,SR 45/46,I-69 N,,500.0,E,0.0,0.0,STATE ROAD,N,URBAN,N,N,N,,DARK (LIGHTED),CLEAR,DRY,,INTERCHANGE,STRAIGHT/GRADE,ASPHALT,FOLLOWING TOO CLOSELY,REAR END,I69NSR4546W,NONE,2021-01-22 17:29:00
2951,MONROE SD,BLOOMINGTON,2,0.0,0.0,0,0,,,,S ENDWRIGHT RD,W GIFFORD RD,,,,0.0,0.0,COUNTY ROAD,N,RURAL,N,N,N,,DAYLIGHT,CLEAR,DRY,,T-INTERSECTION,STRAIGHT/LEVEL,ASPHALT,IMPROPER TURNING,HEAD ON BETWEEN TWO MOTOR VEHICLES,ENDWRIGHTRDGIFFORDRD,STOP SIGN,2021-01-22 17:36:00
2952,MONROE SD,BLOOMINGTON,1,0.0,2.0,0,0,,,,S CHAPEL HILL RD,,,1000.0,S,38.92609341,-86.40769133,COUNTY ROAD,N,RURAL,N,N,N,,DARK (NOT LIGHTED),CLEAR,DRY,,T-INTERSECTION,CURVE/LEVEL,ASPHALT,RAN OFF ROAD RIGHT,RAN OFF ROAD,CHAPLEHILLRDSTATERD446RD,NONE,2021-01-21 03:37:00
2953,MONROE SD,BLOOMINGTON,2,0.0,1.0,0,0,,,,SR 46,,,1020.0,E,39.20602909,-86.5708597,STATE ROAD,Y,RURAL,N,Y,N,,DAWN/DUSK,CLEAR,DRY,,NO JUNCTION INVOLVED,STRAIGHT/GRADE,ASPHALT,FOLLOWING TOO CLOSELY,REAR END,SR46WWARLINGTONRD,LANE CONTROL,2021-01-21 07:48:00
2954,BLOOMINGTON PD,BLOOMINGTON,3,0.0,0.0,0,0,,,,SR 45/46,E MATLOCK RD,,,,39.186032,-86.51984,STATE ROAD,N,URBAN,N,N,N,,DAYLIGHT,CLEAR,DRY,,T-INTERSECTION,CURVE/LEVEL,ASPHALT,DRIVER DISTRACTED - EXPLAIN IN NARRATIVE,REAR END,MATLOCKRDSR4546W,TRAFFIC CONTROL SIGNAL,2021-01-21 09:11:00
2955,BLOOMINGTON PD,BLOOMINGTON,2,0.0,0.0,0,0,,,,S PARK RIDGE RD,E HAGAN ST,,,,39.162951,-86.476262,LOCAL/CITY ROAD,N,URBAN,N,N,N,,DAYLIGHT,CLEAR,DRY,,FOUR-WAY INTERSECTION,STRAIGHT/LEVEL,ASPHALT,FAILURE TO YIELD RIGHT OF WAY,RIGHT ANGLE,HAGANSTSPARKRIDGEDR,STOP SIGN,2021-01-21 12:03:00
2956,MONROE SD,BLOOMINGTON,2,0.0,0.0,0,0,,,,S CURRY PIKE,W SIERRA DR,,50.0,N,39.1524,-86.582704,LOCAL/CITY ROAD,Y,RURAL,N,N,N,,DAYLIGHT,CLEAR,DRY,,NO JUNCTION INVOLVED,STRAIGHT/LEVEL,ASPHALT,UNSAFE LANE MOVEMENT,SAME DIRECTION SIDESWIPE,SOUTHCURRYPIKEWESTSIERRADR,NONE,2021-01-21 12:34:00
2957,INDIANA UNIV BLOOMINGTON PD,BLOOMINGTON,2,0.0,0.0,0,0,,,,S JORDAN AVE,E 3RD ST,,,,39.164263,-86.516394,LOCAL/CITY ROAD,N,URBAN,N,N,N,,DAYLIGHT,CLEAR,DRY,,FOUR-WAY INTERSECTION,STRAIGHT/LEVEL,ASPHALT,UNSAFE BACKING,BACKING CRASH,JORDANAVETHIRDST,TRAFFIC CONTROL SIGNAL,2021-01-21 16:40:00
2958,ISP BLOOMINGTON 33,BLOOMINGTON,2,,0.0,0,0,,,,W VERNAL PIKE,N CURRY PIKE,,0.0,N,39.179155,-86.583078,LOCAL/CITY ROAD,,URBAN,N,N,N,,DARK (LIGHTED),CLEAR,DRY,,FOUR-WAY INTERSECTION,,CONCRETE,IMPROPER TURNING,LEFT TURN,WVernalPikeNCurryPike,,2021-01-21 18:50:00
2959,BLOOMINGTON PD,BLOOMINGTON,2,0.0,0.0,0,0,,,,E LONGVIEW AVE,N PETE ELLIS DR,,,,39.166944,-86.495056,LOCAL/CITY ROAD,N,URBAN,N,N,N,,DARK (NOT LIGHTED),CLEAR,DRY,,FOUR-WAY INTERSECTION,STRAIGHT/GRADE,ASPHALT,DISREGARD SIGNAL/REG SIGN,RIGHT ANGLE,ELONGVIEWAVENPETEELLISDR,STOP SIGN,2021-01-21 22:52:00
2960,BLOOMINGTON PD,BLOOMINGTON,2,0.0,2.0,0,0,,,,S WALNUT ST,,,800.0,S,39.04697097,-86.531432,LOCAL/CITY ROAD,N,URBAN,N,N,N,,DARK (NOT LIGHTED),CLEAR,DRY,,NO JUNCTION INVOLVED,STRAIGHT/LEVEL,ASPHALT,IMPROPER LANE USAGE,HEAD ON BETWEEN TWO MOTOR VEHICLES,PINEWOODDRSWALNUTST,LANE CONTROL,2021-01-20 01:32:00
2961,MONROE SD,BLOOMINGTON,1,0.0,0.0,0,0,,,,POINTE CLUB DR,S POINTE VIEW DR,,,,39.034385,-86.508552,LOCAL/CITY ROAD,N,RURAL,N,N,N,,DAYLIGHT,CLEAR,DRY,,T-INTERSECTION,STRAIGHT/LEVEL,ASPHALT,IMPROPER TURNING,OTHER - EXPLAIN IN NARRATIVE,POINTECLUBDRPOINTEVIEWDR,OTHER,2021-01-20 09:25:00
2962,BLOOMINGTON PD,BLOOMINGTON,2,0.0,0.0,0,0,,,,W KIRKWOOD AVE,S ROGERS ST,,,,39.166672,-86.538608,LOCAL/CITY ROAD,N,URBAN,N,N,N,,DAYLIGHT,CLEAR,DRY,,FOUR-WAY INTERSECTION,STRAIGHT/LEVEL,ASPHALT,FAILURE TO YIELD RIGHT OF WAY,RIGHT ANGLE,SOUTHROGERSSTWESTKIRKWOODAVE,TRAFFIC CONTROL SIGNAL,2021-01-20 10:40:00
2963,INDIANA UNIV BLOOMINGTON PD,BLOOMINGTON,2,0.0,0.0,0,0,,,,E MATLOCK RD,N HEADLEY RD,,,,39.1863058,-86.5144626,LOCAL/CITY ROAD,N,URBAN,N,N,N,,DAYLIGHT,CLEAR,DRY,,T-INTERSECTION,CURVE/LEVEL,ASPHALT,UNSAFE LANE MOVEMENT,OPPOSITE DIRECTION SIDESWIPE,HEADLYRDMATLOCKRD,NONE,2021-01-20 11:20:00
2964,BLOOMINGTON PD,BLOOMINGTON,1,0.0,0.0,0,0,,,,SR 45/46,W ARLINGTON RD,,,,39.187184,-86.551408,STATE ROAD,N,URBAN,N,N,N,,DAYLIGHT,CLEAR,DRY,,RAMP,STRAIGHT/LEVEL,ASPHALT,OTHER (DRIVER) - EXPLAIN IN NARRATIVE,OTHER - EXPLAIN IN NARRATIVE,ARLINGTONRDSR4546W,NONE,2021-01-20 12:26:00
2965,ISP BLOOMINGTON 33,BLOOMINGTON,2,,1.0,0,0,,,,S WALNUT ST,,,500.0,S,39.09209935,-86.5443584,STATE ROAD,,URBAN,N,N,N,,DAYLIGHT,CLEAR,DRY,,NO JUNCTION INVOLVED,,ASPHALT,UNSAFE SPEED,REAR END,WDillmanRdSOldStateRoad37,,2021-01-20 14:10:00
2966,ELLETTSVILLE PD,ELLETTSVILLE,2,0.0,0.0,0,0,,,,N HARTSTRAIT RD,SR 46,,,,39.227624,-86.615919,LOCAL/CITY ROAD,N,URBAN,N,N,N,,DAYLIGHT,CLEAR,DRY,,T-INTERSECTION,STRAIGHT/LEVEL,ASPHALT,OTHER (DRIVER) - EXPLAIN IN NARRATIVE,REAR END,HARTSTRAITRDTEMPERANCEST,TRAFFIC CONTROL SIGNAL,2021-01-20 14:41:00
2967,MONROE SD,BLOOMINGTON,1,0.0,0.0,0,1,,,,SR 45/46,ENTRANCE TO IU PARKING LOT 10,,500.0,E,39.186352,-86.528496,STATE ROAD,N,URBAN,N,N,N,,DAYLIGHT,CLEAR,DRY,,NO JUNCTION INVOLVED,STRAIGHT/GRADE,CONCRETE,ANIMAL/OBJECT IN ROADWAY,COLLISION WITH DEER,DUNNSTSR4546E,NONE,2021-01-20 14:56:00
2968,BLOOMINGTON PD,BLOOMINGTON,2,0.0,0.0,0,0,,,,E ATWATER AVE,S WOODLAWN AVE,,,,39.16311,-86.522621,LOCAL/CITY ROAD,N,URBAN,N,N,N,,DARK (LIGHTED),CLEAR,DRY,,FOUR-WAY INTERSECTION,STRAIGHT/LEVEL,ASPHALT,IMPROPER TURNING,LEFT/RIGHT TURN,EASTATWATERAVESOUTHWOODLAWNAVE,TRAFFIC CONTROL SIGNAL,2021-01-20 18:30:00
2969,INDIANA UNIV BLOOMINGTON PD,BLOOMINGTON,1,0.0,0.0,0,0,,,,E 10TH ST,N JEFFERSON ST,,,,0.0,0.0,LOCAL/CITY ROAD,N,URBAN,N,N,N,,DARK (NOT LIGHTED),CLEAR,DRY,,NO JUNCTION INVOLVED,CURVE/LEVEL,ASPHALT,OTHER (DRIVER) - EXPLAIN IN NARRATIVE,OTHER - EXPLAIN IN NARRATIVE,JEFFERSONSTUNIONVILLERD,NONE,2021-01-20 21:55:00
2970,MONROE SD,BLOOMINGTON,3,0.0,1.0,0,0,,,,SR 46,N SMITH PIKE,,,,39.20992,-86.582754,STATE ROAD,N,URBAN,N,N,N,,DARK (LIGHTED),CLEAR,WET,,FOUR-WAY INTERSECTION,STRAIGHT/GRADE,ASPHALT,FAILURE TO YIELD RIGHT OF WAY,RIGHT ANGLE,SMITHPIKESR46,TRAFFIC CONTROL SIGNAL,2021-01-19 06:35:00
2971,MONROE SD,BLOOMINGTON,1,0.0,0.0,0,1,,,,S WALNUT ST,,,660.0,S,39.04597087,-86.531219,COUNTY ROAD,N,RURAL,N,N,N,,DAYLIGHT,CLEAR,WET,,NO JUNCTION INVOLVED,STRAIGHT/GRADE,ASPHALT,ANIMAL/OBJECT IN ROADWAY,COLLISION WITH DEER,SOUTHOLDSTRD37RDSOUTHORCHARDLN,NONE,2021-01-19 08:06:00
2972,INDIANA UNIV BLOOMINGTON PD,BLOOMINGTON,3,1.0,0.0,0,0,,,,SR 45/46,E 10TH ST,,,,0.0,0.0,STATE ROAD,N,URBAN,N,N,N,,DAYLIGHT,CLEAR,DRY,,FOUR-WAY INTERSECTION,STRAIGHT/LEVEL,ASPHALT,FOLLOWING TOO CLOSELY,REAR END,SR46UNIONVILLERD,TRAFFIC CONTROL SIGNAL,2021-01-19 08:41:00
2973,BLOOMINGTON PD,BLOOMINGTON,2,0.0,2.0,0,0,,,,S WALNUT ST PIKE,E ALLENDALE DR,,,,39.130944,-86.526688,LOCAL/CITY ROAD,N,URBAN,N,N,N,,DAYLIGHT,CLEAR,DRY,,FOUR-WAY INTERSECTION,STRAIGHT/GRADE,ASPHALT,IMPROPER LANE USAGE,OPPOSITE DIRECTION SIDESWIPE,EASTALLENDALEDRSOUTHWALNUTSTREETPIKE,NONE,2021-01-19 14:56:00
2974,MONROE SD,BLOOMINGTON,1,0.0,0.0,0,0,8215,,,S ROCKPORT RD,,,500.0,N,39.09612361,-86.61541,COUNTY ROAD,N,RURAL,N,N,N,,DAYLIGHT,CLOUDY,ICE,,NO JUNCTION INVOLVED,CURVE/GRADE,ASPHALT,ROADWAY SURFACE CONDITION,RAN OFF ROAD,8215SROCKPORTRDHARMONYRD,NONE,2021-01-18 09:55:00
2975,MONROE SD,BLOOMINGTON,1,0.0,0.0,0,0,,,,S HARMONY RD,I-69,,,,39.0719726,-86.6278561,COUNTY ROAD,N,RURAL,N,N,N,,DAYLIGHT,CLOUDY,ICE,,NO JUNCTION INVOLVED,CURVE/LEVEL,CONCRETE,ROADWAY SURFACE CONDITION,OTHER - EXPLAIN IN NARRATIVE,HARMONYRDI69HWY,LANE CONTROL,2021-01-18 10:53:00
2976,BLOOMINGTON PD,BLOOMINGTON,2,0.0,0.0,0,0,,,,E WINSLOW RD,S WALNUT ST,,,,39.135932,-86.531091,LOCAL/CITY ROAD,N,URBAN,N,N,N,,DAYLIGHT,CLOUDY,WET,,FOUR-WAY INTERSECTION,STRAIGHT/LEVEL,ASPHALT,FOLLOWING TOO CLOSELY,REAR END,EWINSLOWRDSWALNUTST,TRAFFIC CONTROL SIGNAL,2021-01-18 11:01:00
2977,MONROE SD,BLOOMINGTON,1,0.0,0.0,0,0,4920,,,SR 446,,,1175.0,S,39.08176247,-86.41925519,STATE ROAD,N,RURAL,N,N,N,,DAYLIGHT,SNOW,SNOW/SLUSH,,NO JUNCTION INVOLVED,CURVE/GRADE,CONCRETE,SPEED TOO FAST FOR WEATHER CONDITIONS,RAN OFF ROAD,ERUSHRIDGERDSR446S,NONE,2021-01-17 14:48:00
2978,BLOOMINGTON PD,BLOOMINGTON,1,0.0,1.0,0,0,,,,I-69 S,,,50.0,N,0.0,0.0,INTERSTATE,N,URBAN,N,N,N,,DAYLIGHT,SNOW,WET,,NO JUNCTION INVOLVED,STRAIGHT/LEVEL,ASPHALT,UNSAFE LANE MOVEMENT,RAN OFF ROAD,I69S119.5,NONE,2021-01-17 15:35:00
2979,MONROE SD,BLOOMINGTON,1,0.0,0.0,0,0,,,,S SHIELDS RIDGE RD,E RAMP CREEK RD,,100.0,S,39.0724216,-86.472918,LOCAL/CITY ROAD,N,RURAL,N,N,N,,DARK (NOT LIGHTED),BLOWING SAND/SOIL/SNOW,ICE,,NO JUNCTION INVOLVED,CURVE/LEVEL,ASPHALT,SPEED TOO FAST FOR WEATHER CONDITIONS,RAN OFF ROAD,ERAMPCREEKRDSSHEILDSRIDGERD,NONE,2021-01-17 19:21:00
2980,BLOOMINGTON PD,BLOOMINGTON,2,0.0,0.0,0,0,,,,N COLLEGE AVE,,,150.0,S,39.173232,-86.534752,LOCAL/CITY ROAD,Y,URBAN,N,N,N,,DARK (LIGHTED),SNOW,WET,,NO JUNCTION INVOLVED,STRAIGHT/GRADE,ASPHALT,IMPROPER LANE USAGE,SAME DIRECTION SIDESWIPE,11THSTNCOLLEGEAVE,NONE,2021-01-17 23:30:00
2981,BLOOMINGTON PD,BLOOMINGTON,1,0.0,1.0,0,0,,,,I-69 N,W FULLERTON PIKE,,500.0,S,39.06939582,-86.571052,INTERSTATE,N,URBAN,N,N,N,,DARK (NOT LIGHTED),BLOWING SAND/SOIL/SNOW,SNOW/SLUSH,,NO JUNCTION INVOLVED,STRAIGHT/LEVEL,ASPHALT,SPEED TOO FAST FOR WEATHER CONDITIONS,RAN OFF ROAD,FULLERTONPIKEI69S,LANE CONTROL,2021-01-16 05:38:00
2982,MONROE SD,BLOOMINGTON,1,0.0,0.0,0,0,,,,SR 446,,,,,39.1122336,-86.4313553,STATE ROAD,N,URBAN,N,N,N,,DARK (NOT LIGHTED),CLEAR,SNOW/SLUSH,,NO JUNCTION INVOLVED,CURVE/GRADE,ASPHALT,OVERCORRECTING/OVERSTEERING,RAN OFF ROAD,SOLDRICHARDSONRDSR446,LANE CONTROL,2021-01-16 05:44:00
2983,ISP BLOOMINGTON 33,BLOOMINGTON,1,,0.0,0,0,,,,I-69 S,W TAPP RD,,686.0,E,39.13406412,-86.5732198,INTERSTATE,,URBAN,N,N,N,,DARK (LIGHTED),SNOW,ICE,,NO JUNCTION INVOLVED,,ASPHALT,SPEED TOO FAST FOR WEATHER CONDITIONS,RAN OFF ROAD,WIndianCreekDrI-69,,2021-01-16 07:00:00
2984,ISP BLOOMINGTON 33,BLOOMINGTON,2,,0.0,0,0,,,,S WALNUT ST,,,950.0,S,39.11728905,-86.53128094,COUNTY ROAD,,RURAL,N,N,N,,DAYLIGHT,SNOW,SNOW/SLUSH,,NO JUNCTION INVOLVED,,ASPHALT,FOLLOWING TOO CLOSELY,REAR END,SOrchardLnSOldStateRoad37,,2021-01-16 08:55:00
2985,ISP BLOOMINGTON 33,BLOOMINGTON,1,,0.0,0,0,,,,SR 446,S SWARTZ RIDGE RD,,0.0,W,39.12953964,-86.44698226,STATE ROAD,,RURAL,N,N,N,,DAYLIGHT,CLOUDY,SNOW/SLUSH,,T-INTERSECTION,,ASPHALT,,,StateRd446SSwartzRidgeRd,,2021-01-16 09:20:00
2986,BLOOMINGTON PD,BLOOMINGTON,2,0.0,0.0,0,0,,,,SR 45,N PETE ELLIS DR,,,,39.171504,-86.495312,LOCAL/CITY ROAD,N,URBAN,N,N,N,,DAYLIGHT,CLOUDY,WET,,FOUR-WAY INTERSECTION,STRAIGHT/LEVEL,ASPHALT,IMPROPER LANE USAGE,REAR END,10THSTPETEELLISDR,TRAFFIC CONTROL SIGNAL,2021-01-16 11:40:00
2987,MONROE SD,BLOOMINGTON,2,0.0,0.0,0,0,6465,,,W RATLIFF RD,,,,,39.210991,-86.621071,LOCAL/CITY ROAD,Y,RURAL,N,N,N,,UNKNOWN,CLEAR,DRY,,NO JUNCTION INVOLVED,STRAIGHT/LEVEL,GRAVEL,UNSAFE BACKING,SAME DIRECTION SIDESWIPE,WRATLIFFRD,NONE,2021-01-16 13:43:00
2988,BLOOMINGTON PD,BLOOMINGTON,2,1.0,0.0,0,0,,,,E 10TH ST,N LINCOLN ST,,,,39.171712,-86.530992,LOCAL/CITY ROAD,N,URBAN,N,N,N,,DAYLIGHT,BLOWING SAND/SOIL/SNOW,WET,,FOUR-WAY INTERSECTION,STRAIGHT/GRADE,ASPHALT,FAILURE TO YIELD RIGHT OF WAY,LEFT TURN,E10THSTNLINCOLNST,STOP SIGN,2021-01-16 14:14:00
2989,MONROE SD,BLOOMINGTON,1,0.0,1.0,0,0,,,,S VICTOR PIKE,,,750.0,S,39.00663828,-86.566236,LOCAL/CITY ROAD,N,RURAL,N,N,N,,DAYLIGHT,CLEAR,DRY,,T-INTERSECTION,CURVE/LEVEL,ASPHALT,RAN OFF ROAD RIGHT,RAN OFF ROAD,SVICTORPIKEWTRAMWAYRD,NONE,2021-01-16 15:28:00
2990,BLOOMINGTON PD,BLOOMINGTON,2,0.0,0.0,0,0,,,,E 3RD ST,S HIGH ST,,,,39.164352,-86.508288,LOCAL/CITY ROAD,N,URBAN,N,N,N,,DAYLIGHT,SNOW,WET,,NO JUNCTION INVOLVED,STRAIGHT/LEVEL,ASPHALT,FAILURE TO YIELD RIGHT OF WAY,LEFT TURN,E3RDSTSHIGHST,TRAFFIC CONTROL SIGNAL,2021-01-16 17:07:00
2991,BLOOMINGTON PD,BLOOMINGTON,1,0.0,0.0,0,0,,,,E ROGERS RD,S THE STANDS DR,,100.0,W,39.1364,-86.504896,LOCAL/CITY ROAD,N,URBAN,N,N,N,,DARK (NOT LIGHTED),SNOW,WET,,NO JUNCTION INVOLVED,STRAIGHT/GRADE,ASPHALT,SPEED TOO FAST FOR WEATHER CONDITIONS,RAN OFF ROAD,EROGERSRDTHESTANDSDR,NONE,2021-01-16 17:56:00
2992,BLOOMINGTON PD,BLOOMINGTON,2,0.0,1.0,1,0,,,,N MADISON ST,W 17TH ST,,,,39.178992,-86.537792,LOCAL/CITY ROAD,Y,URBAN,N,N,N,,DARK (LIGHTED),SNOW,WET,,FOUR-WAY INTERSECTION,STRAIGHT/LEVEL,ASPHALT,OTHER (DRIVER) - EXPLAIN IN NARRATIVE,RIGHT ANGLE,17THSTMADISONST,TRAFFIC CONTROL SIGNAL,2021-01-16 23:32:00
2993,BLOOMINGTON PD,BLOOMINGTON,2,0.0,0.0,0,0,,,,W 16TH ST,N MADISON ST,,,,39.177744,-86.53776,LOCAL/CITY ROAD,Y,URBAN,N,N,N,,DARK (NOT LIGHTED),CLEAR,DRY,,NO JUNCTION INVOLVED,STRAIGHT/LEVEL,CONCRETE,,,NMADISONSTW16THST,NONE,2021-01-15 00:00:00
2994,ELLETTSVILLE PD,ELLETTSVILLE,2,0.0,0.0,0,0,,,,SR 46,N BRIAR GATE DR,,100.0,W,39.216569,-86.59632534,STATE ROAD,N,URBAN,N,N,N,,DAYLIGHT,CLEAR,DRY,,NO JUNCTION INVOLVED,STRAIGHT/LEVEL,ASPHALT,FAILURE TO YIELD RIGHT OF WAY,SAME DIRECTION SIDESWIPE,BRIARGATEDRSR46W,LANE CONTROL,2021-01-15 11:32:00
2995,ELLETTSVILLE PD,ELLETTSVILLE,2,0.0,0.0,0,0,,,,SR 46,,,400.0,E,39.266807,-86.66576866,STATE ROAD,Y,,N,N,N,,DAYLIGHT,CLEAR,DRY,,NO JUNCTION INVOLVED,STRAIGHT/LEVEL,ASPHALT,INSECURE/LEAKY LOAD,OTHER - EXPLAIN IN NARRATIVE,SR46WSTINESVILLERD,LANE CONTROL,2021-01-15 13:36:00
2996,BLOOMINGTON PD,BLOOMINGTON,2,0.0,0.0,0,0,,,,W 3RD ST,S FRANKLIN RD,,,,39.164688,-86.5712,LOCAL/CITY ROAD,N,URBAN,N,N,N,,DAYLIGHT,CLEAR,DRY,,FOUR-WAY INTERSECTION,STRAIGHT/LEVEL,ASPHALT,FAILURE TO YIELD RIGHT OF WAY,RIGHT ANGLE,SFRANKLINDRW3RDST,TRAFFIC CONTROL SIGNAL,2021-01-15 14:10:00